<?xml version="1.0" encoding="utf-8"?>
<COLLADA xmlns="http://www.collada.org/2005/11/COLLADASchema" version="1.4.1" xmlns:xsi="http://www.w3.org/2001/XMLSchema-instance">
  <asset>
    <contributor>
      <author>Blender User</author>
      <authoring_tool>Blender 3.4.1 commit date:2022-12-19, commit time:17:00, hash:55485cb379f7</authoring_tool>
    </contributor>
    <created>2023-02-17T05:10:17</created>
    <modified>2023-02-17T05:10:17</modified>
    <unit name="meter" meter="1"/>
    <up_axis>Z_UP</up_axis>
  </asset>
  <library_effects>
    <effect id="Mati_SlotMachine-effect">
      <profile_COMMON>
        <newparam sid="SlotMachine_Dif_png-surface">
          <surface type="2D">
            <init_from>SlotMachine_Dif_png</init_from>
          </surface>
        </newparam>
        <newparam sid="SlotMachine_Dif_png-sampler">
          <sampler2D>
            <source>SlotMachine_Dif_png-surface</source>
          </sampler2D>
        </newparam>
        <technique sid="common">
          <lambert>
            <emission>
              <color sid="emission">0 0 0 1</color>
            </emission>
            <diffuse>
              <texture texture="SlotMachine_Dif_png-sampler" texcoord="UVMap"/>
            </diffuse>
            <reflectivity>
              <float sid="specular">0.1</float>
            </reflectivity>
            <index_of_refraction>
              <float sid="ior">1.5</float>
            </index_of_refraction>
          </lambert>
        </technique>
      </profile_COMMON>
    </effect>
  </library_effects>
  <library_images>
    <image id="SlotMachine_Dif_png" name="SlotMachine_Dif_png">
      <init_from>SlotMachine_Dif.png</init_from>
    </image>
  </library_images>
  <library_materials>
    <material id="Mati_SlotMachine-material" name="Mati_SlotMachine">
      <instance_effect url="#Mati_SlotMachine-effect"/>
    </material>
  </library_materials>
  <library_geometries>
    <geometry id="Skel_SlotMachine-mesh" name="Skel_SlotMachine">
      <mesh>
        <source id="Skel_SlotMachine-mesh-positions">
          <float_array id="Skel_SlotMachine-mesh-positions-array" count="4632">0.44784 -0.3748925 1.035703 0.44784 0.3748925 1.035703 0.6042227 0.3741067 1.150166 0.44784 0.3748925 1.035703 0.3568261 0.3748925 1.686106 0.413773 0.3741067 1.650756 0.6042227 -0.3741067 1.150166 0.5897064 0.3137501 1.18767 0.588625 0.323395 1.190522 0.5853807 0.3266099 1.199078 0.434062 0.3266099 1.598125 0.4308178 0.323395 1.606681 0.4297363 0.3137502 1.609533 0.4297363 -0.3137502 1.609533 0.413773 -0.3741067 1.650756 0.4308177 -0.323395 1.606681 0.434062 -0.3266099 1.598125 0.5853807 -0.32661 1.199078 0.588625 -0.323395 1.190522 0.5897064 -0.3137502 1.18767 0.3568261 -0.3748925 1.686106 0.44784 -0.3748925 1.035703 0.3568261 0.3748925 1.686106 0.3568261 -0.3748925 1.686106 -0.4920884 -0.4062638 1.933083 -0.4920884 -0.4062638 1.632914 -0.3812192 -0.4062638 1.632914 0.2765265 -0.4062638 1.916159 0.1377474 -0.406166 1.869714 0.1476877 -0.406166 1.839926 0.2162533 -0.4062638 1.933083 0.1078974 -0.4061711 1.879663 -0.3812192 -0.4062638 1.879663 -0.3198629 -0.3934039 1.879663 -0.3198629 -0.3934039 1.632914 -0.2832629 -0.3548245 1.879663 -0.2832629 -0.3548245 1.632914 -0.3812192 -0.4062638 0.2196245 -0.4920884 -0.4062638 0.2196245 -0.5018921 -0.4206716 0.212392 0.1476974 -0.406166 0.2196245 0.3799397 -0.4206716 0.212392 0.3649799 -0.4062522 0.2196245 0.2642942 -0.4062443 0.6049036 0.1476963 -0.406166 0.6112254 0.4504373 -0.4062552 0.8097353 0.2976245 -0.40626 1.90204 -0.4920884 -0.4818587 0 0.4378042 -0.4818587 0 0.302043 -0.4242816 2.024657 0.2447062 -0.4242816 2.067303 0.2768085 -0.4242816 1.916255 0.3298236 -0.4242816 1.879987 0.3639631 -0.4242816 1.880156 0.1743654 -0.4242816 2.083666 -0.5067312 -0.4242816 2.083666 -0.5067313 -0.4242816 1.932971 0.2165098 -0.4242816 1.933059 0.2768085 -0.4242816 1.916255 0.302043 0.4242816 2.024657 0.3639631 0.4242816 1.880156 0.3296954 0.4242816 1.879987 0.2768085 0.4242816 1.916255 0.2447062 0.4242816 2.067303 0.1743654 0.4242816 2.083666 0.2165098 0.4242816 1.933059 -0.5067312 0.4242816 2.083666 -0.5067312 0.4242816 1.932971 -0.4920884 -0.4062638 0.4663742 -0.4920884 -0.1838408 0.4663742 -0.4920884 -0.4062638 0.2196245 -0.4920024 0.1014027 0 -0.4920024 -0.1014027 0 -0.4920884 -0.1014027 0.03795742 -0.4920884 0.1014027 0.03795742 -0.5018921 -0.4206716 0.212392 -0.5018921 0.4206716 0.212392 -0.4920884 0.4062638 0.2196245 -0.4920884 -0.1838408 1.632914 -0.4920884 0.4062638 1.933083 -0.4920884 -0.4062638 1.933083 -0.4920884 -0.4062638 1.632914 -0.4920884 0.4818587 0 -0.4920024 0.3042082 0 -0.4920884 0.3042082 0.03795742 0.4378042 0.4818587 0 0.4539242 0.4784603 0 -0.4920884 0.4818587 0 0.4635962 0.4682652 0 0.4668202 0.4512734 0 -0.4920024 0.3042082 0 0.4668202 0.3042082 0 0.4635962 -0.4682652 0 0.4539242 -0.4784603 0 0.4378042 -0.4818587 0 0.4668202 -0.3042082 0 0.4668202 -0.4512734 0 -0.4920884 -0.4818587 0 -0.4920024 -0.3042082 0 0.4769545 0.1086126 0.8543552 0.4578139 0.3133477 0.9911374 0.4578139 -0.3133477 0.9911374 0.4769545 0.3138235 0.8543552 0.4764856 0.3245113 0.857706 0.4582828 0.3240588 0.9877865 0.4750788 0.3280429 0.8677585 0.4596894 0.3276603 0.977734 0.433121 -0.07169991 0.7550496 0.433121 0.07169991 0.7550496 0.4831907 0.1086126 0.8097894 0.4831907 -0.1086126 0.8097894 0.4769545 -0.1086126 0.8543552 0.4769545 -0.3138235 0.8543552 0.4582828 -0.3240588 0.9877865 0.4764856 -0.3245113 0.857706 0.4596894 -0.3276603 0.977734 0.4750788 -0.3280429 0.8677585 -0.5067312 -0.4242816 2.083666 -0.5067312 0.4242816 2.083666 -0.5067312 0.4242816 1.932971 -0.5067313 -0.4242816 1.932971 0.3639631 -0.4242816 1.880156 0.3639631 0.4242816 1.880156 0.302043 0.4242816 2.024657 0.302043 -0.4242816 2.024657 0.2447062 -0.4242816 2.067303 0.2447062 0.4242816 2.067303 0.1743654 -0.4242816 2.083666 0.1743654 0.4242816 2.083666 -0.5067312 -0.4242816 2.083666 -0.5067312 0.4242816 2.083666 -0.162144 0.328026 0.8645353 -0.1622173 0.3276137 0.9524802 0.4385469 0.327736 0.9558528 0.4750788 0.3280429 0.8677585 0.4596894 0.3276603 0.977734 0.4354327 0.3276603 0.9776279 0.4582828 0.3240588 0.9877865 0.4339956 0.3240588 0.9876762 0.4578139 0.3133477 0.9911374 0.4335166 0.3133477 0.9910255 0.4578139 -0.3133477 0.9911374 0.4335166 -0.3133477 0.9910255 0.4582828 -0.3240588 0.9877865 0.4339956 -0.3240588 0.9876761 0.4596894 -0.3276603 0.977734 0.4354327 -0.3276603 0.9776279 0.4385469 -0.327736 0.9558528 0.4750788 -0.3280429 0.8677585 -0.1622173 -0.3276137 0.9524802 -0.162144 -0.328026 0.8645353 0.4764856 -0.3245113 0.857706 -0.1621355 -0.3245071 0.8543849 0.4769545 -0.3138235 0.8543552 -0.1621327 -0.3138235 0.8510015 -0.1621327 -0.1086126 0.8510015 0.4769545 -0.1086126 0.8543552 0.4831907 -0.1086126 0.8097894 -0.1621034 -0.1086126 0.8151695 -0.1622995 -0.07169991 0.7713829 0.433121 -0.07169991 0.7550496 0.433121 0.07169991 0.7550496 -0.1622995 0.07169991 0.7713829 0.02733737 0.1155583 1.152776 -0.01728135 0.1155583 1.290098 -0.01728135 0.3167059 1.290098 0.02733737 0.3167059 1.152776 0.04187107 0.3224451 1.153088 0.04187107 0.1098192 1.153088 0.03708344 0.3167059 1.139361 0.03708344 0.1155583 1.139361 0.1538968 0.1155583 1.054492 0.1538968 0.3167059 1.054492 0.1654716 0.3224451 1.063287 0.1654716 0.1098192 1.063287 0.03708338 0.1155583 1.457416 0.03708338 0.3167059 1.457416 0.04187107 0.322445 1.44369 0.04187107 0.1098192 1.44369 0.02733731 0.3167059 1.444002 0.02733731 0.1155583 1.444002 -0.01728135 0.1155583 1.306679 -0.01728135 0.3167059 1.306679 -0.005340099 0.3224451 1.298389 -0.005340099 0.1098192 1.298389 -0.4920024 -0.1014027 0 -0.4920024 0.1014027 0 0.4668202 0.1014027 0 0.4668202 -0.1014027 0 -0.1149252 0.2429844 0.8971607 -0.1149252 -0.2429844 0.8971607 -0.13138 -0.2429844 0.8937731 -0.13138 0.2429844 0.8937731 -0.13138 0.2429844 0.8937731 -0.1410949 0.2429844 0.9420165 -0.1246399 0.2429844 0.9454041 -0.1246399 -0.2429844 0.9454041 -0.1410949 -0.2429844 0.9420165 -0.13138 -0.2429844 0.8937731 -0.1410949 0.2429844 0.9420165 -0.1410949 -0.2429844 0.9420165 0.450209 0.3061104 0.8749644 0.450209 -0.3061104 0.8749644 0.4386311 -0.3061104 0.9558527 0.4386311 0.3061104 0.9558527 0.4339956 -0.3240588 0.9876761 0.4385469 -0.327736 0.9558528 0.4354327 -0.3276603 0.9776279 0.4335166 -0.3133477 0.9910255 0.4335166 0.3133477 0.9910255 0.4339956 0.3240588 0.9876762 0.4354327 0.3276603 0.9776279 0.4385469 0.327736 0.9558528 -0.1418176 0.3061104 0.9525913 -0.1622173 0.3276137 0.9524802 -0.1418176 -0.3061104 0.9525913 -0.1622173 -0.3276137 0.9524802 0.4563847 0.1155583 1.152776 0.5010035 0.1155583 1.290098 0.4890622 0.1098192 1.298389 0.441851 0.1098192 1.153088 0.3298252 0.1155583 1.054492 0.4466387 0.1155583 1.139362 0.3182504 0.1098192 1.063287 0.1696663 0.1155583 1.049368 0.3140558 0.1155583 1.049368 0.1654716 0.1098192 1.063287 0.03708344 0.1155583 1.139361 0.1538968 0.1155583 1.054492 0.04187107 0.1098192 1.153088 0.5010035 0.1155583 1.306679 0.4563847 0.1155583 1.444002 0.441851 0.1098192 1.44369 0.3182504 0.1098191 1.533491 0.1654716 0.1098191 1.533491 0.04187107 0.1098192 1.44369 -0.005340099 0.1098192 1.298389 -0.01728135 0.1155583 1.290098 0.02733737 0.1155583 1.152776 0.02733731 0.1155583 1.444002 -0.01728135 0.1155583 1.306679 0.1538968 0.1155583 1.542286 0.03708338 0.1155583 1.457416 0.3140557 0.1155583 1.54741 0.1696663 0.1155583 1.54741 0.4466387 0.1155583 1.457416 0.3298252 0.1155583 1.542286 0.4466387 0.3167059 1.139362 0.3298252 0.3167059 1.054492 0.3182504 0.3224451 1.063287 0.441851 0.3224451 1.153088 0.5010035 0.3167059 1.290098 0.4563847 0.3167059 1.152776 0.4890622 0.3224451 1.298389 0.441851 0.322445 1.44369 0.3182504 0.322445 1.533491 0.1654716 0.3224451 1.063287 0.1654716 0.322445 1.533491 0.04187107 0.3224451 1.153088 0.04187107 0.322445 1.44369 -0.005340099 0.3224451 1.298389 -0.01728135 0.3167059 1.306679 0.02733731 0.3167059 1.444002 0.1538968 0.3167059 1.054492 0.03708344 0.3167059 1.139361 0.02733737 0.3167059 1.152776 -0.01728135 0.3167059 1.290098 0.03708338 0.3167059 1.457416 0.1538968 0.3167059 1.542286 0.1696663 0.3167059 1.54741 0.3140557 0.3167059 1.54741 0.3298252 0.3167059 1.542286 0.4466387 0.3167059 1.457416 0.4563847 0.3167059 1.444002 0.5010035 0.3167059 1.306679 0.3140558 0.3167059 1.049368 0.1696663 0.3167059 1.049368 0.3182504 0.1098191 1.533491 0.3182504 0.322445 1.533491 0.3140557 0.3167059 1.54741 0.3140557 0.1155583 1.54741 0.1696663 0.1155583 1.54741 0.1696663 0.3167059 1.54741 0.1654716 0.322445 1.533491 0.1654716 0.1098191 1.533491 0.1538968 0.3167059 1.542286 0.1538968 0.1155583 1.542286 0.4563847 0.1155583 1.444002 0.5010035 0.1155583 1.306679 0.5010035 0.3167059 1.306679 0.4563847 0.3167059 1.444002 0.441851 0.322445 1.44369 0.441851 0.1098192 1.44369 0.4466387 0.3167059 1.457416 0.4466387 0.1155583 1.457416 0.3298252 0.1155583 1.542286 0.3298252 0.3167059 1.542286 0.4466387 0.1155583 1.139362 0.4466387 0.3167059 1.139362 0.441851 0.3224451 1.153088 0.441851 0.1098192 1.153088 0.4563847 0.3167059 1.152776 0.4563847 0.1155583 1.152776 0.5010035 0.1155583 1.290098 0.5010035 0.3167059 1.290098 0.4890622 0.3224451 1.298389 0.4890622 0.1098192 1.298389 0.1654716 0.1098192 1.063287 0.1654716 0.3224451 1.063287 0.1696663 0.3167059 1.049368 0.1696663 0.1155583 1.049368 0.3140558 0.1155583 1.049368 0.3140558 0.3167059 1.049368 0.3182504 0.3224451 1.063287 0.3182504 0.1098192 1.063287 0.3298252 0.3167059 1.054492 0.3298252 0.1155583 1.054492 0.5077527 0.4729181 1.30704 0.5101872 0.4771349 1.30704 0.5102235 0.4770719 1.225947 0.5078252 0.4729181 1.225947 0.5101872 0.4687014 1.30704 0.5102235 0.4687643 1.225947 0.5150563 0.4687014 1.30704 0.5150198 0.4687643 1.225947 0.5174909 0.4729181 1.30704 0.5174181 0.4729181 1.225947 0.5150563 0.4771349 1.30704 0.5150198 0.4770719 1.225947 0.5101872 0.4771349 1.30704 0.5102235 0.4770719 1.225947 0.505652 0.4608463 1.221143 0.5102235 0.4687643 1.225947 0.5078252 0.4729181 1.225947 0.4986823 0.4729181 1.214722 0.5065686 0.4729181 1.209962 0.509595 0.467676 1.209962 0.505652 0.4608463 1.214722 0.4986823 0.4729181 1.221143 0.5102235 0.4770719 1.225947 0.505652 0.48499 1.221143 0.5150198 0.4770719 1.225947 0.5195913 0.48499 1.221143 0.5174181 0.4729181 1.225947 0.505652 0.48499 1.214722 0.5195913 0.48499 1.214722 0.526561 0.4729181 1.214722 0.526561 0.4729181 1.221143 0.5195913 0.4608463 1.214722 0.5195913 0.4608463 1.221143 0.5156482 0.4781602 1.209962 0.5246935 0.4798878 1.199006 0.5186747 0.4729181 1.209962 0.5150198 0.4687643 1.225947 0.5102235 0.4687643 1.225947 0.505652 0.4608463 1.221143 0.505652 0.4608463 1.214722 0.5156482 0.467676 1.209962 0.5246935 0.4659484 1.199006 0.5126217 0.4589788 1.199006 0.5005498 0.4659484 1.199006 0.5005498 0.4627155 1.17841 0.5126217 0.4557458 1.17841 0.5126217 0.4753665 1.153012 0.5246935 0.4627155 1.17841 0.509595 0.467676 1.209962 0.5246935 0.4713779 1.17841 0.5126217 0.4783476 1.17841 0.5005498 0.4713779 1.17841 0.5005498 0.4798878 1.199006 0.5005498 0.4659484 1.199006 0.5005498 0.4627155 1.17841 0.509595 0.4781602 1.209962 0.5126217 0.4868575 1.199006 0.6959346 0.5024451 1.451546 0.690205 0.5095821 1.447534 0.6729753 0.4990231 1.47215 0.6813881 0.4935632 1.472321 0.6658406 0.4735309 1.482349 0.675759 0.4735309 1.48036 0.6729753 0.4480388 1.47215 0.6813881 0.4534986 1.472321 0.690205 0.4374797 1.447534 0.6959346 0.4446167 1.451546 0.7074437 0.4480388 1.422924 0.7104811 0.4534987 1.430771 0.7145869 0.4735309 1.412732 0.7104811 0.4935632 1.430771 0.7161102 0.4735309 1.422732 0.7074437 0.4990231 1.422924 0.7074437 0.4990231 1.422924 0.7145869 0.4735309 1.412732 0.5187021 0.4735306 1.294588 0.492346 0.4925639 1.332228 0.487824 0.4735306 1.338687 0.6658406 0.4735309 1.482349 0.6729753 0.4990231 1.47215 0.503263 0.5004478 1.316637 0.690205 0.5095821 1.447534 0.5141801 0.4925639 1.301046 0.008757114 0.4735313 0.9375185 0.004235088 0.4925646 0.9439765 -0.006681919 0.5004485 0.9595678 -0.01759892 0.4925646 0.9751591 -0.02212089 0.4735313 0.9816172 0.4923461 0.4544972 1.332228 -0.0175988 0.4544979 0.9751592 0.5032631 0.4466133 1.316637 -0.006681859 0.446614 0.9595678 0.5141801 0.4544972 1.301046 0.004235088 0.4544979 0.9439765 0.008757114 0.4735313 0.9375185 0.5187021 0.4735306 1.294588 0.7145869 0.4735309 1.412732 0.7074437 0.4480388 1.422924 0.690205 0.4374797 1.447534 0.6729753 0.4480388 1.47215 -0.1809484 0.2205805 2.494847 -0.1809484 0.2205804 2.08099 -0.1320017 0.2205805 2.08099 -0.1320018 0.2205805 2.494847 -0.1075284 0.2629695 2.08099 -0.1075285 0.2629695 2.494847 -0.1320017 0.3053586 2.08099 -0.1320018 0.3053586 2.494847 -0.1809483 0.3053586 2.08099 -0.1809484 0.3053586 2.494847 -0.2054217 0.2629695 2.08099 -0.2054218 0.2629695 2.494847 -0.1809484 0.2205804 2.08099 -0.1809484 0.2205805 2.494847 -0.1793769 0.2307538 2.429538 -0.4834028 0.2307538 2.067214 -0.4549063 0.2307538 2.043303 -0.1508805 0.2307538 2.405627 -0.4406581 0.2629696 2.031347 -0.1366323 0.2629695 2.393671 -0.4549064 0.2951852 2.043303 -0.1508805 0.2951852 2.405627 -0.4834028 0.2951852 2.067214 -0.1793769 0.2951852 2.429538 -0.497651 0.2629695 2.07917 -0.1936252 0.2629695 2.441493 -0.4834028 0.2307538 2.067214 -0.1793769 0.2307538 2.429538 -0.03705507 0.5057778 2.272627 -0.03705507 0.5822453 2.208463 -0.05701404 0.5822453 2.208463 -0.0570141 0.5057778 2.272627 -0.06699359 0.5711348 2.195222 -0.06699359 0.4946672 2.259386 -0.05701404 0.5600242 2.181981 -0.05701404 0.4835567 2.246144 -0.03705507 0.5600242 2.181981 -0.03705507 0.4835568 2.246144 -0.02707558 0.5711348 2.195222 -0.02707558 0.4946672 2.259386 -0.03705507 0.5822453 2.208463 -0.03705507 0.5057778 2.272627 -0.03705501 0.4084887 2.017688 -0.03705507 0.5083099 2.017688 -0.05701404 0.5083099 2.017688 -0.05701404 0.4084887 2.017688 -0.06699353 0.5083099 2.000402 -0.06699353 0.4084887 2.000402 -0.05701404 0.5083099 1.983117 -0.05701404 0.4084887 1.983117 -0.03705507 0.5083099 1.983117 -0.03705507 0.4084887 1.983117 -0.02707552 0.5083099 2.000402 -0.02707552 0.4084887 2.000402 -0.03705507 0.5083099 2.017688 -0.03705501 0.4084887 2.017688 0.2768085 0.4242816 1.916255 0.3190519 0.4028654 1.887267 0.2976827 0.4062638 1.90211 0.2766803 0.4062638 1.916255 0.2165098 0.4242816 1.933059 0.2162534 0.4062638 1.933083 -0.5067312 0.4242816 1.932971 -0.4920884 0.4062638 1.933083 -0.4920884 -0.4062638 1.933083 -0.5067313 -0.4242816 1.932971 0.2165098 -0.4242816 1.933059 0.2162533 -0.4062638 1.933083 0.2768085 -0.4242816 1.916255 0.2765265 -0.4062638 1.916159 0.3298236 -0.4242816 1.879987 0.2976245 -0.40626 1.90204 0.3141109 -0.4028586 1.890682 0.3265684 -0.3926686 1.882068 0.3297172 -0.3756785 1.879831 0.3639631 -0.4242816 1.880156 0.3639631 0.4242816 1.880156 0.3296962 0.3756785 1.87998 0.3296954 0.4242816 1.879987 0.3270349 0.3926702 1.881804 -0.1075285 0.2629695 2.494847 -0.1320018 0.3053586 2.494847 -0.1320018 0.2205805 2.494847 -0.1809484 0.2205805 2.494847 -0.1809484 0.3053586 2.494847 -0.2054218 0.2629695 2.494847 -0.2293103 -0.362807 0.2196246 0.1476974 -0.361149 0.2196246 0.1476974 -0.4062637 0.2196246 -0.2706772 -0.4060435 0.2196246 -0.2298008 -0.3157319 0.2196246 -0.2713158 -0.3267042 0.2196246 -0.2431971 -0.2503675 0.2196246 -0.2802837 -0.2685967 0.2196246 -0.3139841 -0.2261053 0.2196246 -0.2854397 -0.1924893 0.2196246 -0.3446092 -0.1608087 0.2196246 -0.3888641 -0.1949482 0.2196246 -0.3462637 0.2239718 0.2196246 -0.3890637 0.2239491 0.2196246 -0.09599035 0.5995306 1.96599 -0.09599035 0.6377922 1.939199 -0.0959903 0.4932174 1.912192 -0.09599035 0.5162807 2.197656 -0.09599035 0.5691112 2.260618 -0.09599035 0.6348139 2.173702 -0.09599035 0.5542869 2.153927 -0.09599035 0.632017 2.034814 -0.09599035 0.5604088 2.067918 -0.09599035 0.5322046 2.013133 -0.09599035 0.4939431 2.039924 -0.2706772 -0.4060435 0.2196246 -0.2706772 -0.4060435 1.879663 -0.2713158 -0.3267042 1.879663 -0.2713158 -0.3267042 0.2196246 -0.2802837 -0.2685967 0.2196246 -0.2802836 -0.2685967 1.879663 -0.3139841 -0.2261053 1.879663 -0.3139841 -0.2261053 0.2196246 -0.3888641 -0.1949481 1.879663 -0.3888641 -0.1949482 0.2196246 -0.3890637 0.2239491 1.879663 -0.3890637 0.2239491 0.2196246 0.5010035 -0.1160163 1.290098 0.4563847 -0.1160163 1.152776 0.441851 -0.1102772 1.153088 0.4890622 -0.1102772 1.298389 0.4563847 -0.1160163 1.444002 0.5010035 -0.1160163 1.306679 0.441851 -0.1102772 1.44369 0.3182504 -0.1102772 1.063287 0.4466387 -0.1160163 1.139362 0.3298252 -0.1160163 1.054492 0.3298252 -0.1160163 1.542286 0.4466387 -0.1160163 1.457416 0.3182504 -0.1102772 1.533491 0.1654716 -0.1102772 1.063287 0.3140558 -0.1160163 1.049368 0.1696663 -0.1160163 1.049368 0.1696663 -0.1160163 1.54741 0.3140557 -0.1160163 1.54741 0.1654716 -0.1102772 1.533491 0.04187107 -0.1102772 1.153088 0.1538968 -0.1160163 1.054492 0.03708344 -0.1160163 1.139361 0.03708338 -0.1160163 1.457416 0.1538968 -0.1160163 1.542286 0.04187107 -0.1102772 1.44369 -0.005340099 -0.1102772 1.298389 0.02733737 -0.1160163 1.152776 -0.01728135 -0.1160163 1.290098 -0.01728135 -0.1160163 1.306679 0.02733731 -0.1160163 1.444002 0.4563847 -0.09813505 1.152776 0.5010035 -0.09813505 1.290098 0.4890622 -0.1038743 1.298389 0.441851 -0.1038743 1.153088 0.3298252 -0.09813505 1.054492 0.4466387 -0.09813505 1.139362 0.3182504 -0.1038742 1.063287 0.1696663 -0.09813505 1.049368 0.3140558 -0.09813505 1.049368 0.1654716 -0.1038742 1.063287 0.03708344 -0.09813505 1.139361 0.1538968 -0.09813505 1.054492 0.04187107 -0.1038743 1.153088 0.5010035 -0.09813505 1.306679 0.4563847 -0.09813505 1.444002 0.441851 -0.1038743 1.44369 0.3182504 -0.1038743 1.533491 0.1654716 -0.1038743 1.533491 0.04187107 -0.1038743 1.44369 -0.005340099 -0.1038743 1.298389 -0.01728135 -0.09813505 1.290098 0.02733737 -0.09813505 1.152776 0.02733731 -0.09813505 1.444002 -0.01728135 -0.09813505 1.306679 0.1538968 -0.09813511 1.542286 0.03708338 -0.09813505 1.457416 0.3140557 -0.09813511 1.54741 0.1696663 -0.09813511 1.54741 0.4466387 -0.09813505 1.457416 0.3298252 -0.09813511 1.542286 0.4466387 0.1030125 1.139362 0.3298252 0.1030125 1.054492 0.3182504 0.1087516 1.063287 0.441851 0.1087516 1.153088 -0.01728135 0.1030125 1.306679 0.02733731 0.1030124 1.444002 0.04187107 0.1087516 1.44369 -0.005340099 0.1087516 1.298389 0.04187107 0.1087516 1.153088 0.1654716 0.1087516 1.533491 0.1654716 0.1087516 1.063287 0.3182504 0.1087516 1.533491 0.441851 0.1087516 1.44369 0.4890622 0.1087516 1.298389 0.5010035 0.1030125 1.290098 0.4563847 0.1030125 1.152776 0.3140558 0.1030125 1.049368 0.1696663 0.1030125 1.049368 0.3298252 0.1030124 1.542286 0.4466387 0.1030124 1.457416 0.1696663 0.1030124 1.54741 0.3140557 0.1030124 1.54741 0.03708338 0.1030124 1.457416 0.1538968 0.1030124 1.542286 0.1538968 0.1030125 1.054492 0.03708344 0.1030125 1.139361 0.02733737 0.1030125 1.152776 -0.01728135 0.1030125 1.290098 0.4563847 0.1030124 1.444002 0.5010035 0.1030125 1.306679 0.1584457 -0.3670207 1.541048 0.1857955 -0.3670207 1.048071 0.1857956 0.3392657 1.048071 0.158446 0.3392657 1.541048 0.3578684 0.3392656 1.587752 0.3578683 -0.3670208 1.587752 0.478518 -0.3670208 1.094475 0.4785181 0.3392656 1.094475 0.02273219 -0.5139521 2.427886 0.02273219 -0.3751201 2.179561 0.02273219 -0.3054966 2.21399 0.02273219 -0.604096 2.37133 0.02273219 -0.4409138 2.138282 0.02273219 0.07423418 2.273709 0.02273219 0.1017082 2.556879 0.02273219 -0.00459522 2.561791 0.02273219 -0.003353953 2.277294 0.02273219 -0.1108518 2.555951 0.02273219 -0.08090782 2.273032 0.02273219 -0.2159767 2.539418 0.02273219 -0.1576358 2.260965 0.02273219 -0.3188967 2.512362 0.02273219 -0.2327544 2.241217 0.02273219 -0.4185609 2.475058 0.02273219 -0.3054966 2.21399 -0.06260275 -0.109888 2.296195 -0.04840821 -0.08530229 2.296195 -0.04840821 -0.08530229 2.080989 -0.06260275 -0.109888 2.080989 -0.04840821 -0.1344736 2.296195 -0.04840821 -0.1344736 2.080989 -0.02001911 -0.1344736 2.296195 -0.02001911 -0.1344736 2.080989 -0.005824565 -0.109888 2.296195 -0.005824625 -0.109888 2.080989 -0.02001911 -0.08530229 2.296195 -0.02001911 -0.08530229 2.080989 -0.04840821 -0.08530229 2.296195 -0.04840821 -0.08530229 2.080989 -0.1075283 -0.2694951 2.494847 -0.1320017 -0.227106 2.494847 -0.1320017 -0.3118841 2.494847 -0.1809484 -0.227106 2.494847 -0.1809483 -0.3118841 2.494847 -0.2054217 -0.2694951 2.494847 -0.2054217 -0.2694951 2.494847 -0.1809484 -0.227106 2.494847 -0.1809484 -0.227106 2.08099 -0.2054217 -0.2694951 2.08099 -0.1809483 -0.3118841 2.494847 -0.1809483 -0.3118842 2.08099 -0.1320017 -0.3118841 2.494847 -0.1320017 -0.3118841 2.08099 -0.1075283 -0.2694951 2.494847 -0.1075283 -0.2694951 2.08099 -0.1320017 -0.227106 2.494847 -0.1320017 -0.227106 2.08099 -0.1809484 -0.227106 2.494847 -0.1809484 -0.227106 2.08099 -0.193625 -0.2694951 2.441494 -0.1793769 -0.2372794 2.429538 -0.4834028 -0.2372794 2.067214 -0.497651 -0.2694951 2.07917 -0.1793769 -0.3017108 2.429538 -0.4834028 -0.3017108 2.067214 -0.1508804 -0.3017108 2.405627 -0.4549063 -0.3017108 2.043303 -0.1366322 -0.2694951 2.393671 -0.4406581 -0.2694951 2.031347 -0.1508804 -0.2372794 2.405627 -0.4549063 -0.2372794 2.043303 -0.1793769 -0.2372794 2.429538 -0.4834028 -0.2372794 2.067214 -0.02707558 -0.5011929 2.259386 -0.03705507 -0.5123035 2.272627 -0.03705507 -0.588771 2.208463 -0.02707558 -0.5776604 2.195222 -0.03705507 -0.4900823 2.246144 -0.03705507 -0.5665498 2.181981 -0.05701404 -0.4900823 2.246144 -0.05701404 -0.5665498 2.181981 -0.06699353 -0.5011929 2.259386 -0.06699359 -0.5776604 2.195222 -0.05701404 -0.5123035 2.272627 -0.05701404 -0.588771 2.208463 -0.03705507 -0.5123035 2.272627 -0.03705507 -0.588771 2.208463 -0.02707558 -0.4150143 2.000402 -0.03705501 -0.4150143 2.017688 -0.03705507 -0.5148355 2.017688 -0.02707558 -0.5148356 2.000402 -0.03705507 -0.4150143 1.983117 -0.03705507 -0.5148356 1.983117 -0.05701404 -0.4150143 1.983117 -0.05701404 -0.5148355 1.983117 -0.06699353 -0.4150143 2.000402 -0.06699353 -0.5148355 2.000402 -0.05701404 -0.4150143 2.017688 -0.05701404 -0.5148355 2.017688 -0.03705501 -0.4150143 2.017688 -0.03705507 -0.5148355 2.017688 -0.008663177 -0.4997431 1.912191 -0.008663237 -0.6060563 1.96599 -0.008663237 -0.6443179 1.939199 -0.008663177 -0.5228064 2.197656 -0.008663177 -0.5756368 2.260618 -0.008663237 -0.6413396 2.173702 -0.008663177 -0.5608125 2.153927 -0.008663237 -0.6385426 2.034814 -0.008663177 -0.5669345 2.067918 -0.008663237 -0.5387303 2.013133 -0.008663177 -0.5004687 2.039924 0.4062394 -0.3138235 0.8543552 0.473217 -0.3138235 0.8543552 0.473217 0.3138235 0.8543552 0.4062394 0.3138235 0.8543552 0.4057705 0.3245113 0.857706 0.4727481 0.3245113 0.857706 0.4043638 0.3280429 0.8677585 0.4713413 0.3280429 0.8677585 0.3889744 0.3276603 0.977734 0.455952 0.3276603 0.977734 0.3874453 0.3249871 0.9886615 0.4545453 0.3240588 0.9877865 0.3870989 0.3133477 0.9911374 0.4540764 0.3133477 0.9911374 0.3870989 -0.3133477 0.9911374 0.4540764 -0.3133477 0.9911374 -0.09599035 -0.4997431 1.912191 -0.09599035 -0.5387303 2.013133 -0.09599035 -0.5004687 2.039924 -0.09599035 -0.6413395 2.173702 -0.09599035 -0.5756368 2.260618 -0.09599035 -0.5228063 2.197656 -0.09599035 -0.5608125 2.153927 -0.09599035 -0.6385426 2.034814 -0.09599035 -0.5669345 2.067918 -0.09599035 -0.6060563 1.96599 -0.09599035 -0.6443179 1.939199 0.3190519 0.4028654 1.887267 0.3270349 0.3926702 1.881804 0.4762293 0.3926702 0.8097894 0.3296962 0.3756785 1.87998 0.3297172 -0.3756785 1.879831 0.3568261 -0.3748925 1.686106 0.3568261 0.3748925 1.686106 0.44784 0.3748925 1.035703 0.4794533 0.3756784 0.8097894 0.2932789 0.3756784 0.6062505 0.2932789 -0.3756784 0.6062505 0.393996 -0.3756785 0.2196245 0.390772 -0.392669 0.2196245 0.4540764 -0.3133477 0.9911374 0.4540764 0.3133477 0.9911374 0.4545453 0.3240588 0.9877865 0.455952 0.3276603 0.977734 0.4713413 0.3280429 0.8677585 0.4727481 0.3245113 0.857706 0.473217 0.3138235 0.8543552 0.4057317 -0.4070781 0.212392 0.3960596 -0.4172732 0.212392 0.3810999 -0.4028602 0.2196245 0.2900584 -0.3926681 0.6061009 0.2803968 -0.4028567 0.6056519 0.4762293 -0.3926693 0.8097833 0.4665573 -0.4028616 0.8097653 0.3265684 -0.3926686 1.882068 0.3141109 -0.4028586 1.890682 0.44784 -0.3748925 1.035703 0.4794533 -0.3756784 0.8097894 0.473217 -0.3138235 0.8543552 0.4727481 -0.3245113 0.857706 0.4713413 -0.3280429 0.8677585 0.455952 -0.3276603 0.977734 0.4545453 -0.3240588 0.9877865 0.4057317 0.4070781 0.212392 0.3960596 0.4172732 0.212392 0.3810999 0.4028654 0.2196245 0.390772 0.3926703 0.2196245 0.2803829 0.4028654 0.6062505 0.2900549 0.3926703 0.6062505 0.4665573 0.4028654 0.8097894 0.4635962 0.4682652 0 0.4539242 0.4784603 0 0.4668202 0.4512734 0 0.4089557 0.3900863 0.212392 0.393996 0.3756785 0.2196245 0.4542341 0.3042082 0.03795742 0.4668202 0.3042082 0 0.4542341 0.1014027 0.03795742 0.4089557 -0.3900863 0.212392 0.4668202 -0.1014027 0 0.4668202 0.1014027 0 0.4542341 -0.1014027 0.03795742 0.4542341 -0.3042082 0.03795742 0.4668202 -0.3042082 0 0.4668202 -0.4512734 0 0.4635962 -0.4682652 0 0.4539242 -0.4784603 0 0.4378042 -0.4818587 0 0.3799397 -0.4206716 0.212392 0.3649799 -0.4062522 0.2196245 0.2642942 -0.4062443 0.6049036 0.4504373 -0.4062552 0.8097353 0.2976245 -0.40626 1.90204 -0.4920884 -0.3042082 0.03795742 -0.4920884 -0.4818587 0 -0.4920024 -0.3042082 0 -0.2293103 -0.3628069 1.879663 -0.2298008 -0.3157318 1.879663 -0.2713158 -0.3267042 1.879663 -0.2706772 -0.4060435 1.879663 0.1078977 -0.361324 1.879663 0.1078974 -0.4062637 1.879663 0.1377475 -0.3611927 1.869713 0.1377474 -0.4062637 1.869713 0.1476973 -0.361149 1.839863 0.1476973 -0.4062637 1.839863 0.1476974 -0.361149 0.2196246 0.1476974 -0.4062637 0.2196246 -0.3462637 0.2239718 1.879663 -0.3462637 0.2239718 0.2196246 -0.3890637 0.2239491 0.2196246 -0.3890637 0.2239491 1.879663 -0.3446092 -0.1608086 1.879663 -0.3888641 -0.1949481 1.879663 -0.2854397 -0.1924893 1.879663 -0.3139841 -0.2261053 1.879663 -0.243197 -0.2503675 1.879663 -0.2802836 -0.2685967 1.879663 -0.4920884 0.3042082 0.03795742 -0.4920024 0.3042082 0 0.4668202 0.3042082 0 0.4542341 0.3042082 0.03795742 -0.4920884 0.1014027 0.03795742 0.4542341 0.1014027 0.03795742 -0.4920024 0.1014027 0 0.4668202 0.1014027 0 -0.4623627 -0.2941849 1.649681 -0.4215341 -0.2234676 1.649681 -0.4215341 -0.2234676 0.4583388 -0.4623627 -0.2941849 0.4583388 -0.4215341 -0.3649021 1.649681 -0.4215341 -0.3649021 0.4583388 -0.3398769 -0.3649021 1.649681 -0.3398769 -0.3649021 0.4583388 -0.2990483 -0.2941849 1.649681 -0.2990483 -0.2941849 0.4583388 -0.3398769 -0.2234676 1.649681 -0.3398769 -0.2234676 0.4583388 -0.4215341 -0.2234676 1.649681 -0.4215341 -0.2234676 0.4583388 0.3875677 -0.3240588 0.9877865 0.3870989 -0.3133477 0.9911374 0.4540764 -0.3133477 0.9911374 0.4545453 -0.3240588 0.9877865 0.3889744 -0.3276603 0.977734 0.455952 -0.3276603 0.977734 0.4043638 -0.3280429 0.8677585 0.4713413 -0.3280429 0.8677585 0.4057705 -0.3245113 0.857706 0.4727481 -0.3245113 0.857706 0.4308177 -0.323395 1.606681 0.434062 -0.3266099 1.598125 0.3389423 -0.3266099 1.538704 0.3360438 -0.323395 1.547383 0.4297363 -0.3137502 1.609533 0.3350776 -0.3137502 1.550276 0.5897064 0.3137501 1.18767 0.588625 0.323395 1.190522 0.4498637 0.3233949 1.119359 0.4508299 0.3137502 1.116466 0.5897064 -0.3137502 1.18767 0.4508299 -0.3137502 1.116466 0.588625 -0.323395 1.190522 0.4498637 -0.3233951 1.119359 0.5853807 -0.32661 1.199078 0.4469652 -0.32661 1.128037 0.4297363 0.3137502 1.609533 0.4297363 -0.3137502 1.609533 0.3350776 -0.3137502 1.550276 0.3350777 0.3137502 1.550276 0.4308178 0.323395 1.606681 0.3360438 0.323395 1.547383 0.434062 0.3266099 1.598125 0.3389424 0.3266099 1.538704 0.5853807 0.3266099 1.199078 0.4469652 0.3266098 1.128037 -0.4920884 -0.1014027 0.03795742 -0.4920024 -0.1014027 0 0.4668202 -0.1014027 0 0.4542341 -0.1014027 0.03795742 -0.4920884 -0.3042082 0.03795742 0.4542341 -0.3042082 0.03795742 -0.4920024 -0.3042082 0 0.4668202 -0.3042082 0 -0.4920884 0.4062638 1.933083 0.2162534 0.4062638 1.933083 0.2766803 0.4062638 1.916255 0.2976827 0.4062638 1.90211 0.4504373 0.4062638 0.8097894 0.2642629 0.4062638 0.6062505 -0.4920884 0.4062638 0.2196245 0.3649799 0.4062638 0.2196245 -0.5018921 0.4206716 0.212392 0.3799397 0.4206716 0.212392 -0.4920884 0.4818587 0 0.4378042 0.4818587 0 0.1078974 -0.4061711 1.879663 -0.3812192 -0.4062638 1.879663 -0.3198629 -0.3934039 1.879663 -0.2832629 -0.3548245 1.879663 -0.2710629 -0.2908765 1.879663 -0.2710629 -0.1850801 1.879663 0.1078975 -0.1863192 1.879663 0.1377474 -0.1863193 1.869714 0.1377474 -0.406166 1.869714 0.1476974 -0.1863193 1.839864 0.1476877 -0.406166 1.839926 0.1476963 -0.406166 0.6112254 0.1476974 -0.1863193 0.5888594 0.1476974 -0.406166 0.2196245 0.1476974 -0.1863193 0.2196245 -0.3812192 -0.4062638 0.2196245 -0.3198629 -0.3934039 0.2196245 -0.2832629 -0.3548245 0.2196245 -0.2710629 -0.2905255 0.2196245 -0.2710629 -0.1850801 0.2196245 -0.3446092 -0.1608087 0.2196246 -0.3462637 0.2239718 0.2196246 -0.3462637 0.2239718 1.879663 -0.3446092 -0.1608086 1.879663 -0.2854397 -0.1924893 0.2196246 -0.2854397 -0.1924893 1.879663 -0.243197 -0.2503675 1.879663 -0.2431971 -0.2503675 0.2196246 -0.2298008 -0.3157318 1.879663 -0.2298008 -0.3157319 0.2196246 -0.2293103 -0.362807 0.2196246 -0.2293103 -0.3628069 1.879663 0.1078977 -0.361324 1.879663 0.1476974 -0.361149 0.2196246 0.1476973 -0.361149 1.839863 0.1377475 -0.3611927 1.869713 -0.008663177 0.5322047 2.013133 -0.008663177 0.4939431 2.039924 -0.008663177 0.4932174 1.912192 -0.008663177 0.5995307 1.96599 -0.008663177 0.6377922 1.939199 -0.008663177 0.5604088 2.067918 -0.008663177 0.5322047 2.013133 -0.008663177 0.632017 2.034814 -0.008663177 0.5542869 2.153927 -0.008663237 0.6348139 2.173702 -0.008663177 0.5162807 2.197656 -0.008663237 0.5691112 2.260618 0.4378042 0.4818587 0 0.3799397 0.4206716 0.212392 0.3649799 0.4062638 0.2196245 0.2642629 0.4062638 0.6062505 0.4504373 0.4062638 0.8097894 0.2976827 0.4062638 1.90211 -0.4597481 -0.2151421 1.45303 -0.4924886 -0.2941849 1.45303 -0.459748 -0.3732275 1.45303 -0.3807054 -0.4059681 1.45303 -0.3807054 -0.1824016 1.45303 -0.2666396 -0.2461131 1.45303 -0.2706736 -0.4060415 1.45303 -0.459748 -0.3732275 1.286572 -0.4924886 -0.2941849 1.286572 -0.4597481 -0.2151421 1.286572 -0.3807054 -0.1824016 1.286572 -0.3807054 -0.4059681 1.286572 -0.2666396 -0.2461131 1.286572 -0.2706736 -0.4060415 1.286572 -0.1251919 -0.3061104 0.8718332 0.450209 -0.3061104 0.8749644 0.450209 0.3061104 0.8749644 0.4386311 -0.3061104 0.9558527 -0.1418176 -0.3061104 0.9525913 0.4386311 0.3061104 0.9558527 -0.1418176 0.3061104 0.9525913 -0.1251919 0.3061104 0.8718332 -0.1418176 0.3061104 0.9525913 -0.1418176 -0.3061104 0.9525913 -0.2488003 -0.380003 0.348057 0.1166581 -0.380003 0.348057 0.1166581 -0.3015163 0.348057 -0.2488003 -0.3015163 0.348057 0.07892388 -0.111814 0.348057 -0.2837554 -0.2316859 0.348057 -0.02903425 0.05003589 0.348057 -0.3680586 -0.1844876 0.348057 -0.190193 0.1577187 0.348057 -0.3804144 0.1955561 0.348057 0.1166581 -0.380003 0.348057 0.1166581 -0.380003 0.2613927 0.1166581 -0.3015163 0.2613927 0.1166581 -0.3015163 0.348057 0.07892388 -0.111814 0.2613927 0.07892388 -0.111814 0.348057 -0.02903425 0.05003589 0.348057 -0.02903425 0.05003589 0.2613927 -0.190193 0.1577187 0.2613927 -0.190193 0.1577187 0.348057 -0.3804144 0.1955561 0.348057 -0.3804144 0.1955561 0.2613927 -0.3807054 -0.4059681 1.286572 -0.2706736 -0.4060415 1.286572 -0.2706736 -0.4060415 1.45303 -0.3807054 -0.4059681 1.45303 -0.459748 -0.3732275 1.286572 -0.459748 -0.3732275 1.45303 -0.4924886 -0.2941849 1.286572 -0.4924886 -0.2941849 1.45303 -0.4597481 -0.2151421 1.286572 -0.4597481 -0.2151421 1.45303 -0.3807054 -0.1824016 1.286572 -0.3807054 -0.1824016 1.45303 -0.4597481 -0.2151421 1.13303 -0.4924886 -0.2941849 1.13303 -0.459748 -0.3732275 1.13303 -0.3807054 -0.4059681 1.13303 -0.3807054 -0.1824016 1.13303 -0.2666396 -0.2461131 1.13303 -0.2706736 -0.4060415 1.13303 -0.459748 -0.3732275 0.966572 -0.4924886 -0.2941849 0.966572 -0.4597481 -0.2151421 0.966572 -0.3807054 -0.1824016 0.966572 -0.3807054 -0.4059681 0.966572 -0.2666396 -0.2461131 0.966572 -0.2706736 -0.4060415 0.966572 0.1166581 -0.380003 1.751932 -0.2488003 -0.380003 1.751932 -0.2488003 -0.3015163 1.751932 0.1166581 -0.3015163 1.751932 0.07892388 -0.111814 1.751932 -0.2837554 -0.2316859 1.751932 -0.02903425 0.05003589 1.751932 -0.3680586 -0.1844876 1.751932 -0.190193 0.1577187 1.751932 -0.3804144 0.1955561 1.751932 0.1166581 -0.380003 1.838596 0.1166581 -0.380003 1.751932 0.1166581 -0.3015163 1.751932 0.1166581 -0.3015163 1.838596 0.07892388 -0.111814 1.751932 0.07892388 -0.111814 1.838596 -0.02903425 0.05003589 1.838596 -0.02903425 0.05003589 1.751932 -0.190193 0.1577187 1.751932 -0.190193 0.1577187 1.838596 -0.3804144 0.1955561 1.838596 -0.3804144 0.1955561 1.751932 -0.3807054 -0.4059681 0.966572 -0.2706736 -0.4060415 0.966572 -0.2706736 -0.4060415 1.13303 -0.3807054 -0.4059681 1.13303 -0.459748 -0.3732275 0.966572 -0.459748 -0.3732275 1.13303 -0.4924886 -0.2941849 0.966572 -0.4924886 -0.2941849 1.13303 -0.4597481 -0.2151421 0.966572 -0.4597481 -0.2151421 1.13303 -0.3807054 -0.1824016 0.966572 -0.3807054 -0.1824016 1.13303 -0.4597481 -0.2151421 0.81303 -0.4924886 -0.2941849 0.81303 -0.459748 -0.3732275 0.81303 -0.3807054 -0.4059681 0.81303 -0.3807054 -0.1824016 0.81303 -0.2666396 -0.2461131 0.81303 -0.2706736 -0.4060415 0.81303 -0.459748 -0.3732275 0.6465721 -0.4924886 -0.2941849 0.6465721 -0.4597481 -0.2151421 0.6465721 -0.3807054 -0.1824016 0.6465721 -0.3807054 -0.4059681 0.6465721 -0.2666396 -0.2461131 0.6465721 -0.2706736 -0.4060415 0.6465721 0.1078974 -0.4062637 1.879663 0.1476973 -0.4062637 1.839863 0.1377474 -0.4062637 1.869713 0.1476974 -0.4062637 0.2196246 -0.2706772 -0.4060435 0.2196246 -0.2706772 -0.4060435 1.879663 -0.008663177 0.4932174 1.912192 -0.008663177 0.4939431 2.039924 -0.09599035 0.4939431 2.039924 -0.0959903 0.4932174 1.912192 -0.008663177 0.6377922 1.939199 -0.09599035 0.6377922 1.939199 -0.008663177 0.5995307 1.96599 -0.09599035 0.5995306 1.96599 -0.09599035 0.632017 2.034814 -0.008663177 0.632017 2.034814 -0.09599035 0.6348139 2.173702 -0.008663237 0.6348139 2.173702 -0.09599035 0.5691112 2.260618 -0.008663237 0.5691112 2.260618 0.02733731 -0.3171639 1.444002 -0.01728135 -0.3171639 1.306679 -0.005340099 -0.3229031 1.298389 0.04187107 -0.3229031 1.44369 0.04187107 -0.3229031 1.153088 -0.01728135 -0.3171639 1.290098 0.02733737 -0.3171639 1.152776 0.1538968 -0.317164 1.542286 0.03708338 -0.3171639 1.457416 0.1654716 -0.3229031 1.533491 0.1654716 -0.3229031 1.063287 0.03708344 -0.3171639 1.139361 0.1538968 -0.3171639 1.054492 0.3140557 -0.317164 1.54741 0.1696663 -0.317164 1.54741 0.3182504 -0.3229031 1.533491 0.3182504 -0.3229031 1.063287 0.1696663 -0.3171639 1.049368 0.3140558 -0.3171639 1.049368 0.4466387 -0.3171639 1.457416 0.3298252 -0.317164 1.542286 0.441851 -0.3229031 1.44369 0.441851 -0.3229031 1.153088 0.3298252 -0.3171639 1.054492 0.4466387 -0.3171639 1.139362 0.5010035 -0.3171639 1.306679 0.4563847 -0.3171639 1.444002 0.4890622 -0.3229031 1.298389 0.4563847 -0.3171639 1.152776 0.5010035 -0.3171639 1.290098 -0.3807054 -0.4059681 0.6465721 -0.2706736 -0.4060415 0.6465721 -0.2706736 -0.4060415 0.81303 -0.3807054 -0.4059681 0.81303 -0.459748 -0.3732275 0.6465721 -0.459748 -0.3732275 0.81303 -0.4924886 -0.2941849 0.6465721 -0.4924886 -0.2941849 0.81303 -0.4597481 -0.2151421 0.6465721 -0.4597481 -0.2151421 0.81303 -0.3807054 -0.1824016 0.6465721 -0.3807054 -0.1824016 0.81303 0.01474678 0.5423635 1.01437 0.01474678 0.5423635 0.8002231 -0.03437882 0.5423635 0.7673984 0.04757148 0.5423635 0.9652439 0.04757148 0.5423635 0.8493488 0.05909794 0.5423635 0.9072963 -0.2322244 0.5423635 0.8493487 -0.2437509 0.5423635 0.9072963 -0.2322244 0.5423635 0.9652439 -0.1993997 0.5423635 1.01437 -0.1993998 0.5423635 0.8002231 -0.1502741 0.5423635 1.047194 -0.1502741 0.5423635 0.7673984 -0.09232646 0.5423635 1.058721 -0.09232646 0.5423635 0.7558719 -0.03437882 0.5423635 1.047194 -0.008663237 0.5691112 2.260618 -0.09599035 0.5691112 2.260618 -0.09599035 0.5162807 2.197656 -0.008663177 0.5162807 2.197656 -0.09599035 0.5542869 2.153927 -0.008663177 0.5542869 2.153927 -0.09599035 0.5604088 2.067918 -0.008663177 0.5604088 2.067918 -0.09599035 0.5322046 2.013133 -0.008663177 0.5322047 2.013133 0.04757148 0.4053522 0.8493488 0.01474678 0.4053522 0.8002231 0.01474678 0.5423635 0.8002231 0.04757148 0.5423635 0.8493488 0.05909794 0.4053522 0.9072963 0.05909794 0.5423635 0.9072963 0.04757148 0.4053522 0.9652439 0.04757148 0.5423635 0.9652439 0.01474678 0.4053522 1.01437 0.01474678 0.5423635 1.01437 -0.03437882 0.4053521 1.047194 -0.03437882 0.5423635 1.047194 -0.09232646 0.4053521 1.058721 -0.09232646 0.5423635 1.058721 -0.1993998 0.4053522 0.800223 -0.2322244 0.4053522 0.8493487 -0.2322244 0.5423635 0.8493487 -0.1993998 0.5423635 0.8002231 -0.1502741 0.4053522 0.7673984 -0.1502741 0.5423635 0.7673984 -0.09232646 0.4053522 0.7558719 -0.09232646 0.5423635 0.7558719 -0.03437882 0.4053522 0.7673984 -0.03437882 0.5423635 0.7673984 -0.1502741 0.4053521 1.047194 -0.09232646 0.4053521 1.058721 -0.09232646 0.5423635 1.058721 -0.1502741 0.5423635 1.047194 -0.1993997 0.4053522 1.01437 -0.1993997 0.5423635 1.01437 -0.2322244 0.4053522 0.9652439 -0.2322244 0.5423635 0.9652439 -0.2437509 0.4053522 0.9072963 -0.2437509 0.5423635 0.9072963 -0.008663237 -0.6413396 2.173702 -0.008663177 -0.5756368 2.260618 -0.09599035 -0.5756368 2.260618 -0.09599035 -0.6413395 2.173702 -0.008663237 -0.6385426 2.034814 -0.09599035 -0.6385426 2.034814 -0.008663237 -0.6060563 1.96599 -0.09599035 -0.6060563 1.96599 -0.09599035 -0.6443179 1.939199 -0.008663237 -0.6443179 1.939199 -0.09599035 -0.4997431 1.912191 -0.008663177 -0.4997431 1.912191 -0.09599035 -0.5004687 2.039924 -0.008663177 -0.5004687 2.039924 -0.09599035 -0.5387303 2.013133 -0.008663237 -0.5387303 2.013133 -0.008663177 -0.5669345 2.067918 -0.09599035 -0.5669345 2.067918 -0.008663177 -0.5608125 2.153927 -0.09599035 -0.5608125 2.153927 -0.008663177 -0.5228064 2.197656 -0.09599035 -0.5228063 2.197656 -0.008663177 -0.5756368 2.260618 -0.09599035 -0.5756368 2.260618 -0.2710629 -0.2908765 1.879663 -0.2710629 -0.2905255 1.632914 -0.2710629 -0.1838408 1.632914 -0.2710629 -0.1850801 1.879663 0.1166581 -0.380003 0.2613927 -0.2488003 -0.380003 0.2613927 -0.2488003 -0.3015163 0.2613927 0.1166581 -0.3015163 0.2613927 0.07892388 -0.111814 0.2613927 -0.2837554 -0.2316859 0.2613927 -0.02903425 0.05003589 0.2613927 -0.3680586 -0.1844876 0.2613927 -0.190193 0.1577187 0.2613927 -0.3804144 0.1955561 0.2613927 -0.2488003 -0.380003 1.838596 0.1166581 -0.380003 1.838596 0.1166581 -0.3015163 1.838596 -0.2488003 -0.3015163 1.838596 0.07892388 -0.111814 1.838596 -0.2837554 -0.2316859 1.838596 -0.02903425 0.05003589 1.838596 -0.3680586 -0.1844876 1.838596 -0.190193 0.1577187 1.838596 -0.3804144 0.1955561 1.838596 -0.04840821 0.07877683 2.080989 -0.04840826 0.07877677 2.296195 -0.06260281 0.1033625 2.296195 -0.06260275 0.1033624 2.080989 -0.04840826 0.1279481 2.296195 -0.04840821 0.1279481 2.080989 -0.02001917 0.1279481 2.296195 -0.02001917 0.1279481 2.080989 -0.005824685 0.1033624 2.296195 -0.005824625 0.1033625 2.080989 -0.02001917 0.07877683 2.296195 -0.02001917 0.07877677 2.080989 -0.04840826 0.07877677 2.296195 -0.04840821 0.07877683 2.080989 -0.2710629 -0.2905255 1.632914 -0.2832629 -0.3548245 1.632914 -0.3198629 -0.3934039 1.632914 -0.3812192 -0.4062638 1.632914 -0.2710629 -0.1838408 1.632914 -0.4920884 -0.4062638 1.632914 -0.4920884 -0.1838408 1.632914 -0.2710629 -0.1838408 0.4663742 -0.4920884 -0.1838408 0.4663742 -0.4920884 -0.4062638 0.4663742 -0.3812192 -0.4062638 0.4663742 -0.2710629 -0.2905255 0.4663742 -0.2832629 -0.3548245 0.4663742 -0.3198629 -0.3934039 0.4663742 0.3298252 -0.1160163 1.054492 0.4466387 -0.1160163 1.139362 0.4466387 -0.3171639 1.139362 0.3298252 -0.3171639 1.054492 0.3182504 -0.3229031 1.063287 0.3182504 -0.1102772 1.063287 0.3140558 -0.3171639 1.049368 0.3140558 -0.1160163 1.049368 0.1696663 -0.1160163 1.049368 0.1696663 -0.3171639 1.049368 0.1654716 -0.3229031 1.063287 0.1654716 -0.1102772 1.063287 0.5010035 -0.1160163 1.306679 0.5010035 -0.3171639 1.306679 0.4890622 -0.3229031 1.298389 0.4890622 -0.1102772 1.298389 0.5010035 -0.3171639 1.290098 0.5010035 -0.1160163 1.290098 0.4563847 -0.1160163 1.152776 0.4563847 -0.3171639 1.152776 0.441851 -0.3229031 1.153088 0.441851 -0.1102772 1.153088 0.433121 0.07169991 0.7550496 -0.1622995 0.07169991 0.7713829 -0.1621034 0.1086126 0.8151695 0.4831907 0.1086126 0.8097894 0.4769545 0.1086126 0.8543552 -0.1621327 0.1086126 0.8510015 -0.1621327 0.3138235 0.8510015 0.4769545 0.3138235 0.8543552 0.4764856 0.3245113 0.857706 -0.1621355 0.3245071 0.8543849 0.1538968 -0.1160163 1.542286 0.03708338 -0.1160163 1.457416 0.03708338 -0.3171639 1.457416 0.1538968 -0.317164 1.542286 0.1654716 -0.3229031 1.533491 0.1654716 -0.1102772 1.533491 0.1696663 -0.317164 1.54741 0.1696663 -0.1160163 1.54741 0.3140557 -0.1160163 1.54741 0.3140557 -0.317164 1.54741 0.3182504 -0.3229031 1.533491 0.3182504 -0.1102772 1.533491 0.3298252 -0.317164 1.542286 0.3298252 -0.1160163 1.542286 0.4466387 -0.1160163 1.457416 0.4466387 -0.3171639 1.457416 0.441851 -0.3229031 1.44369 0.441851 -0.1102772 1.44369 0.4563847 -0.3171639 1.444002 0.4563847 -0.1160163 1.444002 0.3298252 0.1030125 1.054492 0.4466387 0.1030125 1.139362 0.4466387 -0.09813505 1.139362 0.3298252 -0.09813505 1.054492 0.3182504 -0.1038742 1.063287 0.3182504 0.1087516 1.063287 0.3140558 -0.09813505 1.049368 0.3140558 0.1030125 1.049368 0.1696663 0.1030125 1.049368 0.1696663 -0.09813505 1.049368 0.1654716 -0.1038742 1.063287 0.1654716 0.1087516 1.063287 0.5010035 0.1030125 1.306679 0.5010035 -0.09813505 1.306679 0.4890622 -0.1038743 1.298389 0.4890622 0.1087516 1.298389 0.5010035 -0.09813505 1.290098 0.5010035 0.1030125 1.290098 0.4563847 0.1030125 1.152776 0.4563847 -0.09813505 1.152776 0.441851 -0.1038743 1.153088 0.441851 0.1087516 1.153088 -0.1114495 -0.4185609 2.475058 -0.1114495 -0.3054966 2.21399 -0.1114495 -0.3751201 2.179561 -0.1114495 -0.5139521 2.427886 -0.1114495 -0.4409138 2.138282 -0.1114495 -0.604096 2.37133 -0.1114495 0.1017082 2.556879 -0.1114495 0.07423418 2.273709 -0.1114495 -0.003353953 2.277294 -0.1114495 -0.00459522 2.561791 -0.1114495 -0.08090788 2.273032 -0.1114495 -0.1108518 2.555951 -0.1114495 -0.1576358 2.260965 -0.1114495 -0.2159767 2.539418 -0.1114495 -0.2327544 2.241217 -0.1114495 -0.3188967 2.512362 -0.1114495 0.5965447 2.376569 -0.1114495 0.4354023 2.142105 -0.1114495 0.3692508 2.182809 -0.1114495 0.5059106 2.432336 -0.1114495 0.2993296 2.216629 -0.1114495 0.4101116 2.478673 -0.1114495 0.2263525 2.243221 -0.1114495 0.3101256 2.515106 -0.1114495 0.1510645 2.262312 -0.1114495 0.2069734 2.541264 0.02273213 0.4354023 2.142105 0.02273213 0.5965447 2.376569 0.02273213 0.5059106 2.432336 0.02273213 0.3692508 2.182809 0.02273213 0.4101116 2.478673 0.02273213 0.2993296 2.216629 0.02273219 0.3101256 2.515106 0.02273213 0.2263525 2.243221 0.02273219 0.2069734 2.541264 0.02273213 0.1510645 2.262312 -0.2710629 -0.1850801 0.2196245 -0.2710629 -0.1838408 0.4663742 -0.2710629 -0.2905255 0.4663742 -0.2710629 -0.2905255 0.2196245 -0.2832629 -0.3548245 0.2196245 -0.2832629 -0.3548245 0.4663742 -0.3198629 -0.3934039 0.2196245 -0.3198629 -0.3934039 0.4663742 -0.3812192 -0.4062638 0.4663742 -0.4920884 -0.4062638 0.4663742 0.1538968 0.1030124 1.542286 0.03708338 0.1030124 1.457416 0.03708338 -0.09813505 1.457416 0.1538968 -0.09813511 1.542286 0.1654716 -0.1038743 1.533491 0.1654716 0.1087516 1.533491 0.1696663 -0.09813511 1.54741 0.1696663 0.1030124 1.54741 0.3140557 0.1030124 1.54741 0.3140557 -0.09813511 1.54741 0.3182504 -0.1038743 1.533491 0.3182504 0.1087516 1.533491 0.3298252 -0.09813511 1.542286 0.3298252 0.1030124 1.542286 0.4466387 0.1030124 1.457416 0.4466387 -0.09813505 1.457416 0.441851 -0.1038743 1.44369 0.441851 0.1087516 1.44369 0.4563847 -0.09813505 1.444002 0.4563847 0.1030124 1.444002 0.1654716 0.1087516 1.063287 0.1654716 -0.1038742 1.063287 0.1538968 -0.09813505 1.054492 0.1538968 0.1030125 1.054492 0.03708344 0.1030125 1.139361 0.03708344 -0.09813505 1.139361 0.04187107 -0.1038743 1.153088 0.04187107 0.1087516 1.153088 0.02733737 -0.09813505 1.152776 0.02733737 0.1030125 1.152776 -0.01728135 0.1030125 1.290098 -0.01728135 -0.09813505 1.290098 -0.005340099 -0.1038743 1.298389 -0.005340099 0.1087516 1.298389 -0.01728135 -0.09813505 1.306679 -0.01728135 0.1030125 1.306679 0.02733731 0.1030124 1.444002 0.02733731 -0.09813505 1.444002 0.04187107 -0.1038743 1.44369 0.04187107 0.1087516 1.44369 -0.1114495 0.1017082 2.556879 0.02273219 0.1017082 2.556879 0.02273219 0.2069734 2.541264 -0.1114495 0.2069734 2.541264 0.02273219 0.3101256 2.515106 -0.1114495 0.3101256 2.515106 0.02273213 0.4101116 2.478673 -0.1114495 0.4101116 2.478673 0.02273213 0.5059106 2.432336 -0.1114495 0.5059106 2.432336 0.02273213 0.5965447 2.376569 -0.1114495 0.5965447 2.376569 0.02273213 0.4354023 2.142105 -0.1114495 0.4354023 2.142105 -0.1114495 -0.4185609 2.475058 0.02273219 -0.4185609 2.475058 0.02273219 -0.3188967 2.512362 -0.1114495 -0.3188967 2.512362 0.02273219 -0.2159767 2.539418 -0.1114495 -0.2159767 2.539418 0.02273219 -0.1108518 2.555951 -0.1114495 -0.1108518 2.555951 0.02273219 -0.00459522 2.561791 -0.1114495 -0.00459522 2.561791 -0.1114495 -0.3054966 2.21399 0.02273219 -0.3054966 2.21399 0.02273219 -0.3751201 2.179561 -0.1114495 -0.3751201 2.179561 0.02273219 -0.4409138 2.138282 -0.1114495 -0.4409138 2.138282 -0.1114495 -0.604096 2.37133 0.02273219 -0.604096 2.37133 0.02273219 -0.5139521 2.427886 -0.1114495 -0.5139521 2.427886 -0.1114495 0.07423418 2.273709 0.02273219 0.07423418 2.273709 0.02273219 -0.003353953 2.277294 -0.1114495 -0.003353953 2.277294 0.02273219 -0.08090782 2.273032 -0.1114495 -0.08090788 2.273032 0.02273219 -0.1576358 2.260965 -0.1114495 -0.1576358 2.260965 0.02273219 -0.2327544 2.241217 -0.1114495 -0.2327544 2.241217 -0.1114495 0.4354023 2.142105 0.02273213 0.4354023 2.142105 0.02273213 0.3692508 2.182809 -0.1114495 0.3692508 2.182809 0.02273213 0.2993296 2.216629 -0.1114495 0.2993296 2.216629 0.02273213 0.2263525 2.243221 -0.1114495 0.2263525 2.243221 0.02273213 0.1510645 2.262312 -0.1114495 0.1510645 2.262312 -0.01728135 -0.1160163 1.290098 -0.01728135 -0.3171639 1.290098 -0.005340099 -0.3229031 1.298389 -0.005340099 -0.1102772 1.298389 -0.01728135 -0.3171639 1.306679 -0.01728135 -0.1160163 1.306679 0.02733731 -0.1160163 1.444002 0.02733731 -0.3171639 1.444002 0.04187107 -0.3229031 1.44369 0.04187107 -0.1102772 1.44369 0.1654716 -0.1102772 1.063287 0.1654716 -0.3229031 1.063287 0.1538968 -0.3171639 1.054492 0.1538968 -0.1160163 1.054492 0.03708344 -0.1160163 1.139361 0.03708344 -0.3171639 1.139361 0.04187107 -0.3229031 1.153088 0.04187107 -0.1102772 1.153088 0.02733737 -0.3171639 1.152776 0.02733737 -0.1160163 1.152776</float_array>
          <technique_common>
            <accessor source="#Skel_SlotMachine-mesh-positions-array" count="1544" stride="3">
              <param name="X" type="float"/>
              <param name="Y" type="float"/>
              <param name="Z" type="float"/>
            </accessor>
          </technique_common>
        </source>
        <source id="Skel_SlotMachine-mesh-normals">
          <float_array id="Skel_SlotMachine-mesh-normals-array" count="4539">0.4182513 -0.702323 -0.5760281 0.4117675 0.7070181 -0.5749547 0.9435961 0.3302603 0.02355176 0.4117809 0.7070093 -0.5749561 0.3684705 0.7135171 0.5959219 0.8779191 0.1819131 0.442906 0.9689946 -0.1746993 0.1747277 0.934333 0.007917344 0.3563136 0.9343321 0.007896304 0.3563164 0.9369825 5.32018e-6 0.3493764 0.9369511 0.007940828 0.3493703 0.9343329 0.007917821 0.3563138 0.9343341 0.007923364 0.3563104 0.9343321 0.007912814 0.356316 0.8226241 -0.2795184 0.4951354 0.9343326 0.007908999 0.3563148 0.9369748 -1.54516e-5 0.3493974 0.9369533 0.007944166 0.3493644 0.9343301 0.007881164 0.3563221 0.9343322 0.007914602 0.3563154 0.3812387 -0.7069322 0.5957382 0.4182552 -0.7023299 -0.5760167 0.3685201 0.7135002 0.5959115 0.381261 -0.7069211 0.5957372 -0.007948398 -0.9999368 -0.007947325 -0.007863461 -0.9999383 -0.007864594 0.09480172 -0.9954649 -0.007904708 -0.007916629 -0.9999374 -0.007918238 -0.007936596 -0.999937 -0.007936358 -0.007951438 -0.9999368 -0.007952928 -0.007923543 -0.9999373 -0.007925093 -0.007919669 -0.9999374 -0.007922291 0.06333512 -0.9979611 -0.007900059 0.389092 -0.9211647 -0.007945358 0.5729249 -0.8195694 -0.007958352 0.8416798 -0.5399187 -0.007939755 0.9316726 -0.3632134 -0.007896065 0.07149606 -0.9371513 0.3415198 -0.007903695 -0.8532589 0.5214276 -0.007912456 -0.6100572 0.7923179 -0.007950127 -0.7785259 0.6275623 0.04761999 -0.706308 0.7063013 0.1111035 -0.8888868 0.4444507 0.07898193 -0.9953419 -0.05528444 -0.007921814 -0.9999372 -0.007920742 0.1190972 -0.9923745 -0.03175848 0.06337499 -0.9979898 -2.24076e-6 -0.007893979 -0.9632608 0.2684519 0.1270362 -0.9448906 0.3017343 -0.007931649 -0.9999372 -0.007932186 -0.007863521 -0.9999383 -0.007864832 -0.007931828 -0.9999372 -0.007931649 -0.007864475 -0.9999383 -0.007863521 -0.007864236 -0.9999381 -0.007863819 -0.007864356 -0.9999381 -0.007863938 -0.007863879 -0.9999381 -0.007864058 -0.007864117 -0.9999382 -0.007863879 -0.007864415 -0.9999381 -0.007863819 -0.007863879 -0.9999381 -0.007864236 -0.007863879 -0.9999381 -0.007864177 -0.007796049 0.9999392 -0.007796466 -0.007796585 0.9999392 -0.007795929 -0.007795989 0.9999392 -0.007796466 -0.007796049 0.9999392 -0.007796525 -0.007796406 0.9999392 -0.007795989 -0.0078305 0.9999387 -0.007830083 -0.007796585 0.9999392 -0.007796287 -0.007796049 0.9999392 -0.007796406 -0.007796347 0.9999392 -0.007796049 -0.9999392 0.007796049 -0.007796406 -0.9999392 0.007795691 -0.007796823 -0.8990417 0.007822215 0.4377931 -0.9999389 0.007817804 -0.007816553 -0.999939 0.007818341 -0.007815837 -0.9992075 0.007811427 -0.03903186 -0.9988721 0.007814943 -0.04683458 -0.9930648 0.007818877 0.1173087 -0.9470765 0.007820427 0.3209126 -0.9774286 0.007798075 0.211122 -0.9999392 0.007796049 -0.007796406 -0.9999392 0.007796049 -0.007796406 -0.9999392 0.007796049 -0.007796406 -0.9999392 0.007796406 -0.007796049 -0.9995123 5.00531e-6 -0.03122735 -0.9999391 0.007805228 -0.007807493 -0.9988726 0.00780785 -0.04682648 -0.007795929 0.007796585 -0.9999392 -0.007796466 0.007796049 -0.9999392 -0.007796466 0.007796049 -0.9999392 -0.007796466 0.007795989 -0.9999392 -0.007796347 0.007796168 -0.9999392 -0.00779587 0.007796645 -0.9999392 -0.007796049 0.007796406 -0.9999392 -0.007796108 0.007796406 -0.9999392 -0.007796347 0.007796108 -0.9999392 -0.007796168 0.007796347 -0.9999392 -0.007796406 0.007796049 -0.9999392 -0.007796466 0.007796049 -0.9999392 -0.007796287 0.007796227 -0.9999392 -0.007796049 0.007796466 -0.9999392 0.9908475 0.007929861 0.1347537 0.9908475 0.007929682 0.1347535 0.9908475 0.007929682 0.1347534 0.9908475 0.007931351 0.1347532 0.990845 0.007887959 0.1347737 0.9908474 0.007929444 0.1347541 0.9908469 0.007922172 0.1347578 0.9908475 0.007928431 0.134754 0.7302615 0.007840216 -0.6831228 0.7302606 0.00783956 -0.6831238 0.8928046 0.007915079 -0.4503747 0.9886103 0.007906913 -0.1502904 0.9908474 0.00793004 0.134754 0.9908474 0.007928311 0.1347542 0.9908475 0.007929801 0.1347534 0.9908474 0.00792855 0.1347544 0.9908476 0.007931232 0.1347531 0.9908455 0.007897555 0.1347695 -0.7149099 0.007876873 0.6991723 -0.7149101 0.007809758 0.6991729 -0.9999392 0.007795691 -0.007796347 -0.9999392 0.007795453 -0.007796406 0.9211515 0.007917821 0.3891239 0.9211516 0.007918059 0.3891236 0.7854654 0.007906556 0.6188551 0.7854653 0.007904767 0.6188553 0.4816056 0.007892608 0.8763526 0.3493747 0.007939517 0.9369494 0.1425214 0.007916927 0.9897602 0.0712403 0.007917821 0.9974278 -0.7149009 0.007848501 0.6991818 -0.7149005 0.007882654 0.6991818 -0.007758855 0.9931721 -0.1164003 -0.00781393 0.9999695 -1.05239e-6 -0.007825076 0.9999388 -0.00783044 -0.007759094 0.9852961 -0.1706792 -0.007766485 0.9940438 0.1087046 -0.007806003 0.9757883 0.2185782 -0.00784707 0.8083569 0.5886406 -0.00943154 0.5745247 0.8184329 -0.01575535 0.2127193 0.9769864 -0.01576882 0.1104384 0.9937579 -0.01580417 -0.09478563 0.9953724 -0.01580375 -0.197588 0.9801578 -0.007940173 -0.5638248 0.8258563 -0.007955014 -0.802812 0.5961793 -0.00785923 -0.9861544 0.1656441 -0.007893919 -0.986152 0.1656566 -0.007930636 -0.9999371 -0.00792855 -0.007908642 -0.9961786 -0.08698076 -0.007939696 -0.9999685 -1.53328e-6 -0.007911562 -0.9732866 -0.2294577 -0.007828474 -0.798081 -0.6024992 6.5295e-6 -0.5618897 -0.8272123 8.08528e-6 -0.1403451 -0.9901027 -2.41725e-6 -0.1403255 -0.9901055 -0.007850706 -0.699189 -0.7148939 -0.007857441 -0.6991772 -0.7149053 -0.01577395 -0.9461767 -0.3232661 -0.007869064 -0.9353191 -0.3537179 -0.03126782 -0.4376029 -0.8986245 -0.03136265 -0.4626221 -0.8860007 -0.03104323 0.4500901 -0.8924435 -0.03091096 0.4252254 -0.9045595 -0.581216 0.007750391 -0.8137124 -0.9502052 0.007790029 0.311528 -0.9502053 0.007791697 0.3115272 -0.5812282 0.007751941 -0.8137037 -0.4810226 0.007744669 -0.8766741 -0.9823091 0.007773816 -0.1871057 -0.9532083 0.007750391 -0.3022151 -0.9531978 0.007751107 -0.3022481 2.31995e-5 0.007807612 -0.9999696 -1.90362e-6 0.00781089 -0.9999696 0.124996 0.007826626 -0.9921265 -0.6913663 0.007721602 -0.7224633 -0.9575884 0.007779419 0.2880344 -0.9575778 0.007786512 0.28807 -0.9850667 0.007811367 0.1719964 -0.4876364 0.007880508 0.8730114 -0.5886316 0.007850944 0.8083633 -0.5886015 0.007849156 0.8083853 -0.9455046 0.00774765 -0.3255166 -0.9455119 0.007750928 -0.3254954 -0.9005239 0.007776916 -0.4347369 -0.9065564 0.007814764 0.4220126 -0.007795691 0.007796823 -0.9999392 0.5527502 0.4125967 -0.7240381 0.7191278 -0.6638 -0.2054871 0.1718469 -0.4374446 -0.8826727 0.0776844 0.8932715 -0.4427543 0.07769322 0.8932827 -0.4427303 -0.1881727 0.4548403 0.8704662 0.5828274 0.6773088 0.44896 0.2310088 -0.4062244 0.884091 -0.09502863 -0.8950853 0.435651 0.1718516 -0.437422 -0.8826829 -0.1881932 0.4548398 0.8704621 -0.09504216 -0.8950712 0.4356772 -0.9889654 0.007771015 -0.147943 -0.9889655 0.00777167 -0.1479423 -0.9998477 0.007817387 0.01560747 -0.9988726 0.007796704 0.04682838 -0.9889633 0.007788002 -0.1479561 -0.7669078 0.007822453 0.6417097 -0.9889632 0.007788956 -0.1479569 -0.9889625 0.007798373 -0.1479613 -0.9889637 0.007783889 -0.1479536 -0.9889621 0.00780487 -0.1479635 -0.988963 0.007793545 -0.147958 -0.4816097 0.007899403 0.8763503 -0.01587134 0.007934749 0.9998426 -0.01587152 0.007935047 0.9998426 -0.01587408 0.007936954 0.9998425 -0.01587873 0.00794059 0.9998425 0.3561061 -0.9258314 -0.1265883 0.3560779 -0.925837 -0.1266266 0.2703011 -0.961955 -0.03975033 0.1346012 -0.9817192 -0.1345729 0.2208605 -0.922866 -0.3154982 0.2208608 -0.9228656 -0.3154991 0.03167212 -0.9812889 -0.1899189 -0.007864892 -0.9195183 -0.3929687 -0.007867217 -0.9195178 -0.39297 -0.08690983 -0.9795088 -0.1816843 -0.235775 -0.9195543 -0.3143727 -0.2357772 -0.9195536 -0.3143729 -0.2053577 -0.9714897 -0.118474 0.3567644 -0.9275771 0.1109954 0.3567637 -0.9275774 0.1109953 0.1904638 -0.9762564 0.1031847 0.07137525 -0.9834453 0.1665561 -0.04760253 -0.9835062 0.1744988 -0.1503849 -0.9814718 0.1187337 -0.2850829 -0.9582085 0.02375453 -0.3697897 -0.9205483 -0.1258836 -0.3697902 -0.9205479 -0.1258844 -0.3704909 -0.9222583 0.1103465 -0.3704918 -0.9222579 0.1103456 -0.236912 -0.9240143 0.3001174 -0.2369115 -0.9240143 0.3001176 -0.007904231 -0.9251396 0.3795452 -0.007904469 -0.9251394 0.3795456 0.2219314 -0.9273801 0.3011853 0.221932 -0.9273799 0.3011857 0.2176926 0.9251521 -0.3109722 0.2176941 0.9251521 -0.3109711 0.07007479 0.9813266 -0.17913 0.1872407 0.9753174 -0.1170336 0.3509432 0.9280461 -0.1247782 0.3509426 0.9280462 -0.1247783 0.2663573 0.9635878 0.02350312 0.1328027 0.9841935 0.1171606 0.03125745 0.9846156 0.171916 -0.04673933 0.9812666 -0.1868991 -0.08579576 0.9827564 0.1637955 -0.1478027 0.980139 -0.1322192 -0.2025865 0.9740107 0.1013014 -0.2806841 0.9590082 -0.03898394 -0.3651645 0.9245662 0.1087763 -0.3651649 0.9245665 0.1087735 -0.2324212 0.9219262 -0.3098913 -0.2324197 0.9219264 -0.3098916 -0.364514 0.9228898 -0.1241134 -0.3645138 0.92289 -0.1241127 -0.2335181 0.926274 0.2957803 -0.2335187 0.9262742 0.2957789 -0.00777924 0.9273648 0.3740776 -0.007812559 0.9273768 0.3740472 0.2187151 0.929547 0.296827 0.2187142 0.9295479 0.296825 0.3515969 0.9297384 0.1093912 0.351597 0.9297383 0.1093912 -0.007735252 0.9219031 -0.3873432 -0.007733106 0.9219037 -0.3873423 0.6910134 0.007918298 0.7227987 -0.1425339 0.007894277 0.9897585 0.5961653 0.007946848 0.8028225 0.5961483 0.0079512 0.8028349 -0.6062471 0.007872581 0.7952375 -0.6062551 0.00787276 0.7952312 -0.699185 0.007881939 0.7148974 0.1269645 0.007911562 0.9918757 -2.73213e-5 0.007939517 0.9999685 9.43989e-6 0.007937669 0.9999686 0.578198 0.007918357 0.8158581 0.9438353 0.007869005 -0.3303228 0.9438297 0.007867753 -0.3303385 0.5782331 0.007920801 0.8158332 0.4755164 0.007903218 0.8796715 0.9845908 0.00792253 0.174695 0.9562684 0.007901847 0.292384 0.9562554 0.007902503 0.2924262 -0.01585268 0.007938146 0.9998429 -0.01587033 0.007935345 0.9998426 0.9517555 0.00786519 -0.3067568 0.9517568 0.007867455 -0.3067526 0.9817516 0.007911205 -0.1900035 0.4689491 0.007831752 -0.8831905 0.5707988 0.007817268 -0.8210527 0.5708333 0.007823407 -0.8210288 0.9486454 0.007901906 0.316243 0.9486552 0.007906198 0.3162136 0.9037059 0.00794357 0.4280803 0.8975311 0.007865428 -0.4408811 -0.6913766 0.007747054 -0.7224531 0.1249755 0.007756233 -0.9921295 -0.5987313 0.00777477 -0.8009122 -0.5987177 0.00777471 -0.8009225 0.5886402 0.007843434 -0.8083571 0.5886005 0.007846891 -0.808386 0.6831304 0.007864534 -0.7302541 -0.1403306 0.007785618 -0.9900741 -0.01560646 0.007814347 -0.9998477 -0.01561874 0.007808148 -0.9998476 -0.9808501 0.1946083 -0.007789075 -0.3348497 0.9422392 -0.007811605 -0.554624 0.6404975 0.5311828 -0.8346583 -0.148202 0.5304542 -0.6623678 -0.7491373 -0.007890164 -0.2835577 -0.7954724 0.5355547 0.3257303 -0.9454293 -0.007943332 0.5491816 -0.636741 0.5412582 0.9832025 -0.1823461 -0.007919371 0.8277575 0.1655479 0.5361078 0.6455789 0.763653 -0.007876098 0.2655979 0.804572 0.5311513 -0.3348388 0.9422433 -0.007783412 -0.5545827 0.6405115 0.5312091 -0.5601896 -0.6311538 0.5365002 -0.28355 -0.7954742 0.535556 -0.8346535 -0.1482283 0.5304544 -0.8450751 -0.1550316 -0.5116769 -0.9758056 0.08520925 -0.2013523 -0.5645667 -0.799813 -0.2038719 -0.2894778 -0.8059239 -0.5164196 -0.8326301 0.1634417 0.5291634 -0.5546087 0.6405354 0.5311533 -0.2799988 0.8011582 0.5289104 0.2655785 0.8045691 0.5311653 0.5436234 0.6460906 0.5357617 0.8277721 0.165574 0.5360772 -0.5642029 0.6491996 -0.5101127 0.2715958 0.8148084 -0.512175 0.8383717 0.172363 -0.5171304 0.8298475 -0.1501485 0.5374094 0.5592058 -0.6458141 -0.5198203 0.268962 -0.7989494 0.5379028 0.5467386 0.8123019 -0.2030829 0.8825155 0.4018614 0.2442825 0.9762575 -0.07086986 -0.204692 0.5491789 -0.6367482 0.5412526 -0.2835499 -0.7954535 0.5355868 -0.5601835 -0.6311602 0.5364992 -0.2895051 -0.80591 -0.5164263 0.4186418 -0.8846272 -0.2053629 0.7610366 -0.5469602 0.3487947 -0.1025626 -0.9230374 0.370787 -0.8692424 -0.3759114 0.3211049 -0.799863 -0.5724435 -0.1803542 0.1103253 -0.9772287 -0.181253 -0.007810056 0.1402965 -0.9900788 0.9031026 -0.3723543 -0.2139113 -0.5645696 -0.7998143 -0.203859 0.7625376 0.5817648 -0.2829951 -0.1162443 0.9532304 -0.2789969 -0.8953326 0.3936378 -0.2083957 -0.8026694 0.5688586 0.1792256 -0.8692525 -0.3759133 0.3210752 -0.7998536 -0.5724602 -0.180343 -0.4256292 0.8822462 -0.2012003 0.08574742 0.9903194 0.1091566 0.7353642 0.3795287 0.5614246 0.3678108 0.9234218 0.1095786 -0.007818639 0.773931 0.6332218 0.536443 0.2997707 0.7889021 -0.236119 0.149537 0.9601492 0.3743169 -0.07966661 0.9238724 -0.1191564 -0.5957322 0.7942953 0.6418483 -0.3011131 0.7052387 0.2305655 -0.9223327 0.3100677 0.7885718 -0.36642 0.4938532 0.6003606 -0.7662156 -0.2290872 0.9300438 -0.2861556 0.2305073 0.8246021 -0.1335019 -0.5497351 0.8790127 0.3167493 0.3563797 0.995001 0.09473395 0.03159946 0.7021358 0.6007223 -0.3822801 0.7021607 0.6006991 -0.3822709 0.8245949 -0.1334975 -0.549747 0.5383372 0.01560389 -0.8425851 -0.4296243 0.7186479 0.5467799 -0.6062549 -4.3253e-6 0.7952705 -0.2360739 0.1495244 0.9601624 -0.00783354 0.7739366 0.6332147 -0.02342504 0.9992372 -0.03124696 0.3678007 0.9234301 0.1095424 0.3731719 0.7152721 -0.590871 0.5581551 0.1415224 -0.8175783 0.3342203 0.8005305 -0.4974412 -0.08583581 0.991131 0.1014485 -0.462281 0.6111419 0.6424967 -0.577315 -0.1265292 0.8066585 -0.4344746 -0.7109565 0.5529671 -0.3549867 -0.7967227 0.4890987 -0.03172397 -0.9993708 -0.0158627 0.07128912 -0.9903529 -0.1188241 0.3705844 -0.7096302 -0.5992431 0.4494898 -0.5993185 -0.662402 0.5581815 0.1415017 -0.8175639 0.5383289 0.01561301 -0.8425902 0.8245958 -0.1334909 -0.5497473 0.6003335 -0.7662406 -0.2290747 0.2305611 -0.9223244 0.3100954 -0.1191606 -0.5957264 0.794299 -0.3398306 -0.9404537 -0.007886111 -0.6623849 -0.7491223 -0.007875204 0.3257344 -0.945428 -0.007936239 0.6533797 -0.7569885 -0.007961571 0.9831997 -0.1823609 -0.007925093 0.9802408 0.19765 -0.007906198 0.6455748 0.7636566 -0.007873535 0.320925 0.9470724 -0.007824599 -0.3348358 0.9422444 -0.007785975 -0.6546239 0.7559145 -0.007794916 -0.9808493 0.1946129 -0.007785022 -0.9837105 -0.1795908 -0.007805049 -0.6623982 -0.7491104 -0.007887184 -0.3398407 -0.9404498 -0.007910311 -0.2615084 -0.9429538 0.2060375 -0.5129104 -0.7496616 0.418247 0.2457863 -0.943561 -0.2219951 0.4977585 -0.7506055 -0.4345434 0.7483621 -0.1811693 -0.6380689 0.7461299 0.1963672 -0.636184 0.4918996 0.7573758 -0.429438 0.2421879 0.9452506 -0.218738 -0.2576426 0.9446768 0.2029932 -0.5068918 0.7564598 0.4133149 -0.760345 0.1959382 0.6192607 -0.7625953 -0.1808179 0.6210904 -0.5129395 -0.7496501 0.418232 -0.2614564 -0.9429675 0.2060405 0.3236712 0.6157625 0.7183826 0.6478238 0.4977359 0.5767005 -0.3376955 0.6125652 0.7146507 -0.6568678 0.4926325 0.5708222 -0.9832701 0.1248391 0.1326466 -0.9829062 -0.1092144 -0.1482146 -0.6559095 -0.4762907 -0.5856021 -0.3370777 -0.5957529 -0.7290111 0.3230876 -0.5988489 -0.7327991 0.6468562 -0.48119 -0.5916362 0.9823696 -0.1109008 -0.1505028 0.9827389 0.126787 0.1347196 0.6478397 0.4977045 0.5767098 0.3236623 0.6157861 0.7183664 0.3257219 0.007933735 0.9454324 0.6533949 0.007956385 0.7569754 -0.339851 0.007898032 0.9404461 -0.6623886 0.007885038 0.749119 -0.9837104 0.00780487 0.1795911 -0.9808546 0.007774829 -0.1945864 -0.6546198 0.007802546 -0.7559182 -0.3348267 0.007785737 -0.9422476 0.3208951 0.007825851 -0.9470824 0.6455652 0.007873177 -0.7636646 0.9802429 0.007905244 -0.1976397 0.9831972 0.007934093 0.1823744 0.6533752 0.007979393 0.7569923 0.3257361 0.007955491 0.9454273 -0.4961368 0.007756114 -0.8682098 -0.567159 -1.90507e-5 -0.8236084 -0.5671845 1.71671e-5 -0.8235909 -0.3740798 0.007793068 -0.9273639 -0.1871017 0.007797479 -0.9823097 -0.09334838 0.00777471 -0.9956033 -0.007825374 0.007825434 -0.9999389 -0.007817447 0.007818222 -0.9999389 -0.007809698 0.007810831 -0.999939 -0.007815718 0.007813215 -0.999939 -0.09335958 0.007775723 -0.9956021 -0.1870938 0.007793962 -0.9823112 -0.3740669 1.67917e-6 -0.9274019 -0.4717615 0.007730543 -0.8816923 -0.4810128 0.007761359 -0.8766793 -0.5634988 0.01544386 -0.8259726 -0.5671908 2.07769e-5 -0.8235865 -0.5671792 -2.08862e-5 -0.8235945 -0.1479684 0.007787287 -0.9889615 2.99785e-6 0.00780797 -0.9999696 7.89808e-6 0.007800042 -0.9999697 -0.2020914 0.007765591 -0.979336 -0.4409998 0.007729768 -0.8974739 -0.5671736 0.007776558 -0.8235617 -0.007856786 0.007856965 0.9999384 -0.007862269 0.00786221 0.9999383 -0.007862269 0.00786221 0.9999382 -0.007864892 0.007865011 0.9999381 -0.007865369 0.007864475 0.9999381 -0.007867515 0.007867753 0.9999382 -0.007796227 0.00779581 -0.9999393 -0.007795691 0.007796645 -0.9999393 -0.007796168 0.007796227 -0.9999393 -0.007795989 0.007796287 -0.9999393 -0.007829904 0.007829964 -0.9999387 -0.007796227 0.007796168 -0.9999393 -0.007796347 0.007796168 -0.9999392 -0.007796049 0.007796466 -0.9999392 -0.007796645 0.007795989 -0.9999392 -0.007796287 0.007796645 -0.9999392 -0.007796525 0.007796287 -0.9999392 -0.007796466 0.007796108 -0.9999392 -0.007795929 0.007795989 -0.9999393 -0.007795572 0.007796227 -0.9999393 -0.9999387 0.007829844 -0.00783044 -0.9999392 0.007795631 -0.007796883 -0.9999392 0.007796585 -0.007795989 -0.9999392 0.007796168 -0.007796227 -0.9999392 0.007796585 -0.007795751 -0.9999392 0.007796406 -0.007795989 -0.9999392 0.007796585 -0.007795929 -0.9999392 0.007796645 -0.00779581 -0.9999392 0.007795989 -0.007796287 -0.9999392 0.007796347 -0.007796049 -0.9999392 0.007796168 -0.007796347 -0.9999696 0 -0.007813274 -0.9999696 3.58559e-7 -0.007812917 -0.9975064 -0.07014632 -0.007785856 -0.9975057 -0.07015669 -0.00777781 -0.9207168 -0.3901537 -0.007790684 -0.9207283 -0.3901263 -0.007810592 -0.6749879 -0.7377871 -0.007848501 -0.5419268 -0.8403891 -0.007853925 -0.6991695 -0.7149127 -0.007865369 -0.9362953 -0.3511273 -0.007795929 -0.9999393 0.00779128 -0.007792234 -0.9999393 0.007791042 -0.007792592 0.3509432 0.928046 -0.1247785 0.3509426 0.9280461 -0.1247786 0.1872405 0.9753174 -0.1170343 0.2663571 0.9635879 0.02350336 0.3515971 0.9297382 0.1093918 0.3515958 0.9297387 0.1093915 0.1328032 0.9841935 0.1171613 0.07007467 0.9813266 -0.1791303 0.2176932 0.9251521 -0.3109717 0.2176925 0.925152 -0.3109725 0.2187152 0.9295471 0.2968261 0.2187155 0.9295467 0.2968277 0.03125762 0.9846158 0.1719154 -0.04673928 0.9812667 -0.1868988 -0.007734298 0.9219036 -0.3873423 -0.007734 0.9219037 -0.387342 -0.007778227 0.9273646 0.374078 -0.007778882 0.9273646 0.3740783 -0.08579367 0.9827573 0.1637917 -0.1478027 0.980139 -0.1322195 -0.2324204 0.9219261 -0.3098922 -0.2324201 0.9219263 -0.3098915 -0.233519 0.9262742 0.2957788 -0.2335188 0.9262741 0.2957791 -0.202587 0.9740107 0.1013013 -0.2806838 0.9590083 -0.03898423 -0.3645132 0.9228901 -0.1241132 -0.3644992 0.9229017 -0.124068 -0.3651646 0.9245662 0.1087754 -0.3651642 0.9245666 0.1087746 0.3561062 -0.9258316 -0.1265881 0.3560774 -0.9258372 -0.1266269 0.2703011 -0.9619549 -0.03975057 0.1346012 -0.9817192 -0.1345729 0.2208604 -0.9228656 -0.3154992 0.2208607 -0.9228654 -0.3154996 0.03167212 -0.9812889 -0.1899185 -0.007866621 -0.919518 -0.3929694 -0.007865488 -0.9195184 -0.3929685 -0.08690983 -0.9795086 -0.1816852 -0.2357771 -0.9195531 -0.3143743 -0.2053577 -0.9714897 -0.118474 0.3567635 -0.9275774 0.110996 0.1904637 -0.9762564 0.1031849 0.07137525 -0.9834454 0.1665553 -0.04760253 -0.9835061 0.1744991 -0.1503849 -0.9814718 0.1187335 -0.2850829 -0.9582086 0.02375477 -0.3697897 -0.9205482 -0.1258831 -0.3697901 -0.9205479 -0.1258849 -0.3704567 -0.9222682 0.1103781 -0.3704918 -0.9222579 0.110346 -0.2369109 -0.9240149 0.3001164 -0.2369115 -0.9240143 0.3001176 -0.007904529 -0.9251396 0.3795449 -0.007904231 -0.9251394 0.3795454 0.2219324 -0.9273797 0.3011861 0.2219443 -0.9273633 0.3012275 0.217693 0.9251522 -0.3109716 0.07007467 0.9813266 -0.1791302 0.1872405 0.9753174 -0.1170343 -0.3651647 0.9245663 0.1087753 -0.3651642 0.9245666 0.1087744 -0.202587 0.9740107 0.1013013 -0.2806838 0.9590083 -0.03898435 -0.1478027 0.980139 -0.1322194 -0.08579367 0.9827573 0.1637918 -0.04673928 0.9812666 -0.186899 0.03125762 0.9846158 0.1719156 0.1328032 0.9841935 0.1171613 0.2663571 0.9635879 0.0235033 0.3509432 0.9280459 -0.1247789 -0.007734298 0.9219036 -0.3873425 -0.007734 0.9219033 -0.3873428 0.2187153 0.9295473 0.2968259 0.2187155 0.9295465 0.296828 -0.007778227 0.9273645 0.3740785 -0.007778406 0.9273644 0.3740788 -0.233519 0.9262741 0.2957791 -0.2335188 0.9262741 0.2957792 -0.2324204 0.9219262 -0.3098922 -0.2324199 0.9219262 -0.3098922 -0.364514 0.9228898 -0.1241132 -0.3644992 0.9229017 -0.1240683 0.3515971 0.9297382 0.1093918 0.3515958 0.9297387 0.1093913 0.7052469 0.650417 -0.2821074 0.2847442 0.4350172 0.8542137 0.6275895 -0.6831767 0.3733644 0.5581685 -0.3773299 -0.7389655 0.09438145 -0.888849 -0.4483746 0.1944221 0.4510788 -0.8710499 -0.07822251 0.8993669 0.4301403 -0.1500121 -0.4421505 0.8843073 0.9999381 0.007864356 -0.007863819 0.9999381 0.007864296 -0.007863879 0.9999381 0.007864117 -0.007864058 0.9999381 0.007864177 -0.007863938 0.9999381 0.007863819 -0.007864356 0.9999381 0.007864236 -0.007864058 0.9999381 0.007864117 -0.007864058 0.9999383 0.007864415 -0.007863759 0.9999383 0.007864356 -0.007863759 0.9999382 0.007863938 -0.007864236 0.9999382 0.007863879 -0.007864296 0.9999381 0.007864177 -0.007863998 0.9999381 0.007864177 -0.007863998 0.9999383 0.007864415 -0.007863759 0.9999383 0.007864415 -0.007863759 0.9999371 0.007931768 -0.007932007 0.9999371 0.007932007 -0.007931709 0.9999383 0.007762074 -0.00796473 -0.9808478 0.1946202 -0.007784545 -0.3348312 0.9422461 -0.00777179 -0.6546025 0.7559331 -0.007800817 -0.9837116 -0.1795849 -0.007804632 -0.6623993 -0.7491095 -0.007888615 -0.3398426 -0.9404492 -0.007897734 0.3257294 -0.9454296 -0.007953941 0.6533812 -0.7569872 -0.007962286 0.9832006 -0.1823569 -0.007924318 0.9802498 0.1976051 -0.007905364 0.6455679 0.7636624 -0.007875144 0.3209172 0.947075 -0.007824242 -0.334867 0.9422335 -0.007771074 -0.65463 0.7559094 -0.007783293 -0.007864117 0.007863998 0.9999383 -0.007863819 0.007864236 0.9999383 -0.007863819 0.007864236 0.9999383 -0.007863581 0.007864475 0.9999383 -0.007864117 0.007863998 0.9999383 -0.007864356 0.0078637 0.9999383 -0.9808495 0.1946114 -0.007784843 -0.3348311 0.9422461 -0.007773458 -0.6546028 0.7559328 -0.007800817 -0.9837104 -0.1795914 -0.00780487 -0.6623904 -0.7491174 -0.007887363 -0.3398333 -0.9404526 -0.007898926 0.325734 -0.9454283 -0.007936298 0.6533803 -0.7569881 -0.007960975 0.9831998 -0.1823605 -0.007926464 0.9802407 0.1976506 -0.007906436 0.6455747 0.7636566 -0.007874846 0.3209252 0.9470722 -0.007825493 -0.3348674 0.9422332 -0.007771074 -0.6546295 0.7559098 -0.007783114 -0.7603442 0.1959392 0.6192615 -0.2576285 0.9446809 0.2029917 -0.5068752 0.7564669 0.4133225 -0.7625945 -0.180819 0.6210911 -0.5129375 -0.7496485 0.4182372 -0.2614895 -0.9429615 0.2060264 0.2457867 -0.9435604 -0.2219973 0.4977571 -0.7506078 -0.4345411 0.7483609 -0.1811701 -0.6380701 0.7461302 0.1963662 -0.636184 0.4919009 0.7573739 -0.4294398 0.2421859 0.9452516 -0.218736 -0.2576356 0.9446802 0.2029862 -0.5068958 0.7564418 0.4133431 0.9845944 -0.1123944 0.133946 0.3268005 -0.6057851 0.7254143 0.6528875 -0.4857082 0.5812276 0.9805229 0.1262459 -0.1504553 0.6419016 0.4928823 -0.5873921 0.3200089 0.6089861 -0.7257619 -0.3339357 0.6058883 -0.7220709 -0.6509809 0.4879361 -0.5814999 -0.9811199 0.1243142 -0.1481553 -0.9850667 -0.1106709 0.1318926 -0.6618837 -0.4818376 0.5742321 -0.3409231 -0.6042792 0.7201516 0.326808 -0.6058111 0.7253892 0.6528971 -0.4857017 0.5812222 0.9831971 0.007926583 0.1823751 0.3257361 0.007986605 0.945427 0.6533746 0.007963895 0.7569929 0.9802428 0.007904827 -0.19764 0.6455652 0.007873117 -0.7636646 0.3208956 0.007825613 -0.9470823 -0.3348266 0.007784783 -0.9422476 -0.6546196 0.007794678 -0.7559183 -0.9808547 0.00778383 -0.1945856 -0.9837104 0.007804214 0.1795912 -0.662388 0.007887244 0.7491195 -0.3398509 0.007898151 0.9404462 0.3257215 0.007949173 0.9454324 0.6533954 0.007924795 0.7569754 0.9999383 0.007864117 -0.007863521 0.9999382 0.007864117 -0.00786364 0.9999383 0.00786364 -0.007863998 0.9999383 0.007864296 -0.007863402 0.9999383 0.007863342 -0.007864058 0.9999383 0.007863759 -0.007863998 0.9999381 0.007864177 -0.007863819 0.9999381 0.007863938 -0.007863819 0.9999382 0.007863819 -0.007863938 0.9999383 0.007864415 -0.007863461 0.9999383 0.007863998 -0.007863521 -0.007911622 0.1579928 0.9874086 -0.007901728 0.157989 0.9874093 -0.007913291 -0.14253 0.9897589 -0.007908165 -0.1425391 0.9897576 -0.00793296 -0.5637976 0.8258749 -0.007900118 -0.8056341 0.5923609 -0.007940053 -0.976713 0.2144033 -0.007890701 -0.9946869 0.1026438 -0.007905781 -0.9961798 -0.08696836 -0.01578462 -0.9785916 -0.205206 -0.02357774 -0.8016688 -0.5973032 -0.02343308 -0.5235136 -0.8516951 -0.01553207 -0.1631047 -0.9864865 -0.00777781 -0.09331804 -0.995606 -0.007767677 0.1087095 -0.9940432 -0.007757008 0.2095059 -0.9777767 -0.9999392 0.007797002 -0.00779587 -0.9999392 0.007796168 -0.007796764 -0.9999387 0.007830381 -0.007830858 -0.9999392 0.007796704 -0.007796168 -0.9999392 0.007796406 -0.007796287 -0.9999392 0.007796168 -0.007796585 -0.9999392 0.007796466 -0.007796406 -0.9999392 0.007796049 -0.007796525 -0.9999392 0.007796525 -0.007795989 -0.9999392 0.007796883 -0.007795929 -0.9999392 0.007796645 -0.007796406 0.5956578 0.7994049 0.07838177 0.9550101 0.2683436 0.1262836 0.8859052 0.3998245 -0.2351862 0.9893549 0.05542165 0.1345564 0.9883641 -0.07118421 0.1344226 0.9864225 -0.09471911 0.1341599 0.9856587 0.1025086 0.1340492 0.9883677 0.07114326 0.1344169 0.9875336 0.04740411 -0.1501007 0.9629322 0.09471362 -0.2525687 0.9636223 -0.08688837 -0.2527499 0.7591999 -0.05536645 0.6484985 0.6742072 -0.3014144 0.6742359 0.9908474 0.007929265 0.1347541 0.9908475 0.007929563 0.1347538 0.9908476 0.007930815 0.1347526 0.9908477 0.007931172 0.1347526 0.9908476 0.007930696 0.1347529 0.9908475 0.007932364 0.1347531 0.9908474 0.007928609 0.1347543 0.6126982 -0.3342103 0.7161734 0.3007511 -0.6252256 0.7201679 0.3979194 -0.6605454 0.6366633 0.855494 -0.451531 -0.2534756 0.4603992 -0.8652482 -0.1984394 0.8961651 -0.3886224 -0.2141516 0.4651143 -0.8750484 -0.1340116 0.8800095 -0.4598285 0.1189169 0.3723122 -0.926889 0.04754495 0.989758 -0.04752606 0.1346127 0.9875355 -0.04739993 -0.1500893 0.9908475 0.007930874 0.1347532 0.9908474 0.007926762 0.1347548 0.9908473 0.007926642 0.134755 0.9908474 0.007928431 0.1347547 0.9908473 0.007927179 0.1347547 0.6397637 0.2922303 0.7108473 0.3551589 0.6077214 0.7103076 0.3309575 0.7091954 0.6225023 0.6499619 0.3804618 0.6578741 0.4697569 0.8769081 -0.1017889 0.862967 0.4550132 -0.219661 0.4464765 0.869444 -0.2114852 0.7814166 0.5130555 0.3551933 0.3604484 0.8697944 0.3369492 0.9512731 0.09512388 0.2933106 0.7949359 0.05564463 0.6041364 0.7613726 0.08722364 0.6424203 0.9632908 -3.31737e-6 0.2684603 0.9510071 0.007938027 0.309067 0.9632591 0.007878661 0.2684586 0.8621039 -0.02372848 0.5061759 0.9509984 0.00789994 0.3090949 0.9632633 0.007910788 0.2684423 0.9576049 0.0791409 0.2770012 0.9554823 0.07898825 0.2842792 0.9576023 -0.07916241 0.277004 0.8793377 -0.3406653 0.3327348 0.532433 -0.7629659 0.3666038 0.1270349 -0.9448929 0.3017277 0.0476002 -0.7063183 0.7062923 0.111114 -0.8888896 0.4444423 0.07901072 -0.9953393 -0.05529236 0.1190893 -0.9923755 -0.03176105 0.06338131 -0.9979895 1.38171e-5 -0.9988729 0.007802665 -0.0468207 -0.9993902 0.01561331 -0.03123372 -0.9999389 0.007823646 -0.007820904 -0.007863104 0.007862448 0.9999383 -0.007864534 0.007863819 0.9999383 -0.007863223 0.007862567 0.9999382 -0.007862806 0.007863044 0.9999383 0.1026139 0.007893621 0.99469 0.205197 0.007891595 0.9786889 0.5782259 0.007919907 0.8158384 0.815847 0.007915496 0.5782138 0.9786882 0.00788927 0.2052007 0.9946877 0.00789088 0.1026362 0.9999383 0.007864594 -0.007863461 0.9999381 0.007864236 -0.007863819 -0.007826209 0.8990325 0.4378122 -0.007818162 0.9999389 -0.007819354 -0.00781852 0.9999389 -0.007818996 -0.007864356 0.4566028 0.8896359 -0.00786525 0.007865071 0.9999381 -0.007865369 0.007864952 0.9999381 -0.007864475 0.00786364 0.9999383 -0.007863759 0.007863759 0.9999383 -0.007863044 0.007863283 0.9999382 -0.007861375 0.007861733 0.9999382 -0.007867217 -0.8896291 -0.4566162 -0.007863581 -0.9999383 -0.007864475 -0.0078637 -0.9999383 -0.007864356 -0.007799565 -0.4378044 -0.8990364 -0.007763981 0.4502903 -0.8928485 -0.007770419 0.8928458 -0.4502953 -0.00779581 0.9999392 -0.007796645 -0.007795929 0.9999392 -0.007796168 -0.980845 0.1946343 -0.007785737 -0.3348308 0.9422463 -0.007773458 -0.6546028 0.7559328 -0.007800817 -0.9837173 -0.1795531 -0.007804453 -0.6623963 -0.7491121 -0.007887721 -0.3398057 -0.9404625 -0.007900238 0.3257532 -0.9454216 -0.007935523 0.6533733 -0.7569941 -0.00796175 0.9831984 -0.1823682 -0.00792557 0.9802494 0.1976072 -0.007905483 0.645551 0.7636766 -0.007871448 0.3209069 0.9470784 -0.007826209 -0.334868 0.942233 -0.007771074 -0.65463 0.7559094 -0.007783114 -0.007767975 0.5671814 -0.8235563 -0.007767319 0.1087377 -0.9940401 -0.007759928 0.2095232 -0.977773 -0.00777471 0.8009012 -0.5987462 -0.007777273 0.9723596 -0.2333586 -0.007753849 0.9922493 -0.1240213 -0.007771015 0.9948523 0.1010375 -0.007816314 0.9774294 0.211118 -0.007799386 0.8110738 0.5848919 -0.0078758 0.574498 0.8184681 0.3108014 0.8002681 -0.5128093 0.05433136 0.9934119 -0.1009011 0.1090056 0.9732105 -0.2024331 0.4287714 0.5690867 -0.7016376 0.5083383 0.2033243 -0.8368103 0.514865 0.109211 -0.8502864 -0.4572596 -0.1970956 0.867218 -0.2847242 -0.7988293 0.5299093 -0.3862772 -0.5597129 0.7331517 -0.463993 -0.09437394 0.8807973 -0.4632542 0.1099053 0.8793842 -0.4557907 0.2121878 0.8644254 -0.3850435 0.5736615 0.7229481 -0.2811639 0.8044461 0.5232719 -0.1091603 0.9747226 0.1949358 -0.06210213 0.9937144 0.09314048 0.5156751 -0.09377664 -0.8516367 0.5083451 0.2033157 -0.8368083 0.5148514 0.1092305 -0.8502922 0.5099103 -0.1882547 -0.8393759 0.432574 -0.5584198 -0.7078467 0.3146853 -0.7945854 -0.5192373 0.1106748 -0.9723717 -0.2055342 0.05516904 -0.9932055 -0.1024661 -0.06307989 -0.993514 0.09460932 -0.1108405 -0.9739273 0.1979392 -0.007872819 -0.889629 -0.4566162 -0.00786364 -0.9999383 -0.007864058 -0.0078637 -0.9999383 -0.007864356 -0.007799625 -0.4378044 -0.8990364 -0.007752418 0.4502894 -0.8928492 -0.007770359 0.8928462 -0.4502947 -0.007796943 0.9999392 -0.007797122 -0.007795929 0.9999393 -0.007794916 -0.007796049 0.9999392 -0.007796406 -0.007826685 0.9999387 -0.007827341 -0.007798731 0.9999393 -0.007798314 0.08563727 0.9962959 0.007789909 0.116923 0.9900779 -0.07794177 0.09333527 0.9953615 -0.02333074 -0.007776141 0.9422402 0.3348479 0.06271582 0.7057228 0.7057069 -0.007849097 0.6750048 0.7377716 0.07831943 0.8378267 0.5402893 -0.00778377 0.9643773 0.2644161 0.09370058 0.9527475 0.2889508 -0.1164057 0.007755517 -0.9931715 -0.007796287 0.007796227 -0.9999392 -0.007830142 0.007830142 -0.9999387 -0.007796108 0.007796347 -0.9999392 -0.007796585 0.007796049 -0.9999392 -0.007796704 0.007796108 -0.9999392 -0.1163697 0.007761776 -0.9931757 -0.5812305 0.007744014 -0.8137022 -0.8137205 0.007748901 -0.5812049 -0.9865742 0.00775671 -0.1631298 -0.9865731 0.007772505 -0.1631355 -0.9999392 0.007800817 -0.007800817 -0.9999393 0.007799267 -0.007798671 -0.4566206 0.00786966 0.8896267 -0.4566323 0.007870316 0.8896207 -0.007863998 0.007863998 0.9999383 -0.007863998 0.007864058 0.9999383 -0.007863938 0.007864177 0.9999383 -0.007864296 0.007863819 0.9999383 -0.007864296 0.007863819 0.9999383 0.9379148 0.3467761 -0.007890582 0.9998424 0.01588302 -0.007943391 0.9998424 0.01588338 -0.007942855 0.7302365 0.6831494 -0.007850527 0.6501222 0.7597894 -0.007837474 0.6501147 0.7597956 -0.007847368 0.8781768 0.478272 -0.00784254 0.9379094 0.3467907 -0.007884442 0.9929607 0.1181837 -0.007863342 0.9929587 0.1181992 -0.007874667 0.6912051 0.722616 -0.007850944 0.6912126 0.7226089 -0.007845938 -0.01561141 0.9998477 -0.007803022 -0.01561164 0.9998478 -0.007803022 -0.01561111 0.9998477 -0.007802844 -0.01561176 0.9998478 -0.007803201 0.9999382 0.007863759 -0.007864236 0.9999382 0.007863938 -0.007864117 0.9999382 0.007863521 -0.007864475 0.9999383 0.007863759 -0.007864236 0.9999382 0.007863879 -0.007864117 0.9999371 0.007932186 -0.00793159 0.9999372 0.007932364 -0.007931292 0.9999382 0.007863819 -0.007864356 0.9999371 0.007931828 -0.007931947 0.9999381 0.007863938 -0.007864415 0.9999383 0.007863759 -0.007864475 0.9999381 0.007864117 -0.007864177 0.9999383 0.007863759 -0.007864356 0.09372812 0.952742 0.2889596 0.07831448 0.8378202 0.5403 0.06274455 0.7057222 0.7057049 0.09329658 0.9953653 -0.02332288 0.1169322 0.9900754 -0.07795977 0.08562463 0.9962971 0.007783472 -0.007864058 0.007864534 0.9999383 -0.007863938 0.007864117 0.9999383 -0.007863819 0.007863759 0.9999383 -0.007863879 0.007864117 0.9999383 -0.007863938 0.007864594 0.9999383 -0.007864058 0.007864058 0.9999383 -0.007863938 0.007864177 0.9999383 -0.007796585 0.007795989 -0.9999392 -0.007796168 0.007796347 -0.9999392 -0.007795751 0.007795751 -0.9999393 -0.007796585 0.00779581 -0.9999393 -0.007796287 0.007796347 -0.9999392 -0.007796466 0.007796227 -0.9999392 -0.007795929 0.007795989 -0.9999393 0.5221043 0.5537387 0.648676 -0.007855772 0.7149086 0.6991739 -0.01584547 -0.4439937 0.8958899 -0.007796406 0.9999392 -0.007796704 0.6848308 0.7163167 0.1337804 -0.007864177 -0.9999381 -0.007864415 0.8791646 -0.4435333 0.1742061 0.3806051 -0.7929536 0.4757776 0.879161 -0.443527 0.1742407 0.6848217 0.7163159 0.1338315 -0.007863819 0.007864236 0.9999383 -0.007863879 0.007864236 0.9999383 -0.00793153 0.007932126 0.9999372 -0.007931709 0.007931828 0.9999372 -0.007863879 0.007864236 0.9999383 -0.007863759 0.007864236 0.9999382 -0.007863998 0.007864058 0.9999382 -0.007931947 0.007931649 0.9999372 -0.007864117 0.007863879 0.9999383 -0.007864296 0.007863759 0.9999383 0.9999381 0.007864117 -0.007864236 0.9999381 0.007864475 -0.007863879 0.9974279 0.07123857 -0.007917404 0.9897633 0.1424999 -0.007912695 0.9195258 0.3929513 -0.007853507 0.9195259 0.392951 -0.007853329 0.6991934 0.7148895 -0.007847726 0.6991936 0.7148894 -0.007847547 0.3740652 0.9273698 -0.007793366 0.374051 0.9273754 -0.007806241 0.1871041 0.9823092 -0.007798075 0.1871045 0.9823091 -0.007798492 -0.1425369 -0.9897578 -0.007913887 -0.007919907 -0.9999374 -0.007918357 -0.007952272 -0.9999368 -0.007953703 -0.2684337 -0.9632659 -0.007890403 -0.611221 -0.7914214 -0.007828474 -0.8046304 -0.5937246 -0.007814049 -0.9921254 -0.125005 -0.00781238 -0.9900762 0.1403158 -0.0077973 -0.7971767 0.6036965 -0.007734119 -0.6036967 0.7971767 -0.007734119 -0.3873487 0.9219009 -0.007740795 -0.387349 0.9219008 -0.007740795 -0.007864415 0.007863581 0.9999383 -0.007862925 0.007862269 0.9999383 -0.007864356 0.007863759 0.9999383 -0.007864177 0.007864117 0.9999383 -0.0078637 0.007864594 0.9999383 -0.007795989 0.007795989 -0.9999393 -0.007795155 0.007794439 -0.9999393 -0.007796287 0.007796704 -0.9999392 -0.007796168 0.007796764 -0.9999392 -0.007796227 0.007796347 -0.9999392 -0.007796585 0.007796227 -0.9999392 -0.007796704 0.007796347 -0.9999392 -0.007796049 0.007796406 -0.9999392 -0.007796049 0.007796406 -0.9999392 -0.007796704 0.007796227 -0.9999392 -0.007829844 0.00783044 -0.9999387 -0.007795929 0.007796466 -0.9999393 -0.007830321 0.007830321 -0.9999387 -0.007830619 0.007830142 -0.9999387 -0.007796823 0.007796049 -0.9999392 -0.007796406 0.007796943 -0.9999392 -0.007796525 0.007795989 -0.9999392 0.9974279 0.07123839 -0.007917404 0.9897633 0.1424998 -0.007912695 0.9195256 0.3929517 -0.007853507 0.9195259 0.3929511 -0.007854461 0.699194 0.7148889 -0.007847785 0.6991948 0.7148882 -0.007847547 0.3740651 0.9273697 -0.007793366 0.3740504 0.9273756 -0.007806181 0.1871041 0.9823092 -0.007798075 0.1871045 0.9823091 -0.007798492 -0.1425375 -0.9897578 -0.007918179 -0.007919907 -0.9999374 -0.007918357 -0.2684329 -0.9632661 -0.007896721 -0.6112209 -0.7914214 -0.007828474 -0.8046303 -0.5937248 -0.007814049 -0.9921253 -0.1250051 -0.007813274 -0.9900761 0.1403156 -0.007796466 -0.7971769 0.6036964 -0.007734119 -0.6036968 0.7971766 -0.007732927 -0.3873487 0.9219008 -0.007740795 -0.007864177 0.007863581 0.9999383 -0.007864415 0.007864713 0.9999383 -0.007864415 0.007864117 0.9999383 -0.007864356 0.00786364 0.9999383 -0.007796287 0.007795989 -0.9999393 -0.007796645 0.0077973 -0.9999392 -0.007796704 0.007795751 -0.9999392 -0.007796764 0.00779581 -0.9999392 -0.007796049 0.007796347 -0.9999393 -0.007796645 0.007796227 -0.9999392 -0.007796168 0.007796347 -0.9999392 -0.007889688 -0.9999378 -0.007890343 -0.007863759 -0.9999383 -0.007863998 -0.007862687 -0.9999383 -0.007863044 -0.007922768 -0.9999372 -0.00792104 -0.007928848 -0.9999371 -0.007928669 -0.007945835 -0.9999369 -0.007946133 -0.00788474 -0.8763424 -0.4816244 -0.007890343 0.0948159 0.9954636 -0.007962286 -0.8657507 0.5004122 -0.007839262 -0.297389 -0.9547242 0 0.634065 -0.7732797 1.98249e-6 0.9021181 0.4314892 -0.007804095 0.968247 0.2498735 -0.007799923 0.9682461 0.2498776 -0.007743954 0.9532091 -0.3022128 -0.007767379 0.9865736 -0.1631323 -0.007800281 0.9823056 0.187123 -0.00780642 0.9137818 0.4061304 -0.007921159 0.4185544 0.9081572 -0.007917344 -0.3563242 0.9343289 -0.3704915 -0.922258 0.1103465 -0.3704923 -0.922258 0.1103447 -0.2850824 -0.9582085 0.02375787 -0.1503853 -0.9814717 0.1187329 -0.205358 -0.9714896 -0.118474 -0.3697893 -0.9205483 -0.1258843 -0.3697906 -0.9205477 -0.1258847 -0.2369109 -0.9240145 0.3001175 -0.2369136 -0.9240142 0.3001162 -0.04760253 -0.983506 0.1744999 -0.08690989 -0.9795088 -0.1816849 -0.2357757 -0.9195541 -0.3143728 -0.00790435 -0.9251396 0.3795449 -0.007903754 -0.9251394 0.3795453 0.07137531 -0.9834454 0.1665552 0.03167217 -0.9812889 -0.1899189 -0.007866621 -0.919518 -0.3929694 -0.007865488 -0.919519 -0.3929671 0.221932 -0.9273794 0.3011872 0.2219313 -0.9273807 0.3011835 0.1904642 -0.9762563 0.1031851 0.1346015 -0.9817193 -0.1345725 0.2208596 -0.9228652 -0.3155012 0.220861 -0.9228662 -0.3154975 0.3567647 -0.9275769 0.1109959 0.3567637 -0.9275774 0.1109954 0.2703014 -0.9619548 -0.03975027 0.3560783 -0.9258369 -0.1266269 0.3560782 -0.925837 -0.1266266 -0.142537 -0.9897578 -0.007913887 -0.007919907 -0.9999374 -0.007918357 -0.268433 -0.9632661 -0.007896721 -0.6112216 -0.7914208 -0.007840692 -0.8046303 -0.5937247 -0.007814049 -0.9921255 -0.125005 -0.007813274 -0.9900762 0.1403157 -0.0077973 -0.7971768 0.6036965 -0.007734119 -0.6036967 0.7971765 -0.007734119 -0.3873486 0.9219009 -0.007740795 -0.3873488 0.9219008 -0.007741034 -0.007795929 0.9999392 -0.007796466 -0.007796585 0.9999392 -0.007796168 -0.007796406 0.9999392 -0.007796525 -0.007795929 0.9999392 -0.007796108 -0.007796585 0.9999392 -0.007795929 -0.007795929 0.9999392 -0.007796585 -0.007796466 0.9999392 -0.007795989 -0.007796287 0.9999392 -0.007795512 -0.007796108 0.9999392 -0.007796347 -0.007795929 0.9999392 -0.007796585 -0.00779581 0.9999392 -0.007796645 -0.007795929 0.9999392 -0.007796287 -0.007829904 0.9999387 -0.00783056 -0.007795929 0.9999392 -0.007796406 -0.007796227 0.9999392 -0.007796704 -0.0078305 0.9999387 -0.007829844 -0.007933557 -0.3563237 0.934329 -0.00786221 0.4185535 0.9081582 -0.007921934 -0.9652869 0.2610717 -0.007901132 -0.9562585 -0.2924165 -0.007829964 -0.8696599 -0.4935893 -0.007897794 -0.9562577 -0.2924191 -0.007892608 -0.9946892 0.1026216 -0.007918715 -0.9584439 0.2851713 -0.007909238 -0.2369443 0.9714911 -0.007913231 -0.2369434 0.9714912 0.8928058 0.007900416 -0.4503727 0.6501317 0.007831871 -0.7597813 0.7452245 0.007843971 -0.6667676 0.9438297 0.007863163 -0.3303389 0.9974291 0.007911622 -0.07122242 0.9984291 0.007924616 0.05546605 0.9486458 0.00790584 0.3162415 0.8991206 0.007959008 0.4376286 0.7530285 0.007926881 0.6579402 0.6579397 0.007921695 0.7530291 0.4376284 0.007958173 0.8991207 0.316242 0.00789994 0.9486457 0.05545824 0.007929742 0.9984295 -0.07125496 0.007901072 0.9974269 -0.7520858 0.007752478 -0.6590197 -0.9455061 0.007749676 -0.3255122 -0.895954 0.007789969 -0.4440787 -0.6590197 0.007758617 -0.7520858 -0.4440785 0.007788896 -0.895954 -0.3255131 0.007750868 -0.9455059 -0.07015055 0.007792413 -0.9975061 0.05460101 0.007800042 -0.9984779 0.3115566 0.007786273 -0.9501957 0.431459 0.00784868 -0.9020984 -0.3303403 0.007867693 0.9438292 0.05545908 0.007934331 0.9984295 -0.07122498 0.007915437 0.9974289 -0.4503722 0.007900416 0.892806 -0.6667672 0.007843911 0.7452248 -0.7597818 0.007831871 0.6501311 -0.9020986 0.007847785 0.4314588 -0.9501959 0.007788002 0.3115562 -0.9984778 0.00779885 0.05460089 -0.9975062 0.007794499 -0.07014942 -0.007921278 -0.9111449 0.4120101 -0.007811665 0.3700376 0.9289839 -0.007924795 -0.4054046 0.914103 -0.007912993 -0.9817509 0.1900072 -0.007894515 -0.9861528 -0.1656513 -0.007863998 -0.9517583 -0.3067479 -0.007904171 -0.9672472 0.2537131 -0.007928371 -0.9672492 0.253705 -0.007938861 -0.8991264 0.4376171 -0.007805764 -0.6246821 -0.7808403 -0.007771074 0.3115369 -0.9502023 -0.007786989 0.8799464 -0.4750092 -0.007850229 0.8696585 0.4935914 -0.00792849 -0.07913756 0.9968323 -0.007873833 0.2517836 0.9677515 -0.007873594 0.2517813 0.9677522 -0.007799506 0.9597128 0.280875 -0.007773458 0.9948511 0.1010495 -0.007783949 0.9575839 -0.2880493 -0.007732808 0.8734045 -0.4869343 -0.007778406 0.9575804 -0.2880616 -0.00779128 0.9663359 0.257166 -0.007859051 0.3700355 0.9289845 -0.007968664 -0.4054063 0.9141018 0.9961809 -0.08695298 -0.007922053 0.9961786 -0.08698183 -0.007889211 0.9999381 0.007863998 -0.007864117 0.9999381 0.007863998 -0.007864058 -0.007796287 0.007796227 -0.9999392 -0.007795989 0.007796466 -0.9999393 -0.007830142 0.007830321 -0.9999387 -0.007830142 0.007830142 -0.9999387 -0.007796645 0.007796049 -0.9999392 -0.007796466 0.007796108 -0.9999392 -0.007931411 0.007931828 0.9999372 -0.007864177 0.007864236 0.9999383 -0.007863879 0.007863342 0.9999382 -0.007864296 0.007864058 0.9999382 -0.007931351 0.007931649 0.9999372 -0.007864177 0.007863879 0.9999383 -0.662397 -0.7491115 -0.007887125 -0.3398417 -0.9404494 -0.00790894 -0.9837115 -0.179585 -0.007812619 -0.9808481 0.1946191 -0.007776916 -0.6546247 0.7559139 -0.007796764 -0.3348405 0.9422428 -0.007785379 0.3209165 0.9470753 -0.00782293 0.645569 0.7636614 -0.007873296 0.98025 0.1976048 -0.007906436 0.9832005 -0.1823568 -0.007924795 0.6533802 -0.7569881 -0.007962048 0.32573 -0.9454296 -0.007936418 -0.3398295 -0.9404541 -0.007886052 -0.6623867 -0.7491207 -0.007875382 -0.00783044 0.007829964 -0.9999387 -0.00780034 0.007800042 -0.9999392 -0.007794439 0.007794439 -0.9999393 -0.007795453 0.007795989 -0.9999393 -0.007817864 -0.304479 -0.952487 -0.007796168 0.007796406 -0.9999392 -0.007869303 -0.8896284 -0.4566173 -0.007920444 -0.5546774 0.8320279 -0.007957696 -0.7070841 0.7070847 -0.007863879 0.007864236 0.9999383 -0.007864356 0.007863759 0.9999383 -0.007864058 0.007864534 0.9999383 -0.007863879 0.007864177 0.9999383 -0.007864058 0.007864058 0.9999383 -0.01560407 0.007814347 -0.9998478 0.9517568 0.007867455 -0.3067526 0.9517552 0.00786519 -0.3067576 -0.01561641 0.007808208 -0.9998476 -0.1403284 0.007785081 -0.9900744 0.68313 0.007864832 -0.7302545 0.5886393 0.007843434 -0.8083579 0.5885998 0.007846832 -0.8083866 -0.5987306 0.00777477 -0.8009128 -0.598717 0.00777471 -0.8009229 -0.6913756 0.007747232 -0.722454 0.1249762 0.00775665 -0.9921295 0.9438309 0.007867693 -0.3303353 0.9438365 0.007869064 -0.3303195 0.8975333 0.007864177 -0.4408766 0.9037029 0.007941901 0.4280865 0.9486626 0.00790745 0.3161913 0.9486541 0.007906198 0.3162168 0.5707988 0.007817268 -0.8210529 0.5708311 0.007823407 -0.8210303 0.4689465 0.007832765 -0.8831919 0.9817515 0.007911324 -0.1900041 -0.03106057 0.4501087 -0.8924334 -0.03091287 0.4252312 -0.9045567 -0.01553046 0.9477823 -0.3185396 -0.007767856 0.9554091 -0.2951835 -0.007772147 0.7070818 -0.7070891 -0.007776498 0.7070845 -0.7070863 1.75764e-5 0.1555531 -0.9878275 3.26755e-6 0.1555595 -0.9878266 4.06429e-6 0.5671689 -0.8236016 -0.007723212 0.803663 -0.5950347 -2.58684e-5 0.007939517 0.9999685 -0.9575777 0.007786512 0.2880702 -0.9575893 0.007779419 0.2880318 1.2313e-5 0.007937669 0.9999685 0.1269659 0.007912158 0.9918755 -0.699184 0.00788182 0.7148984 -0.6062479 0.007872581 0.7952368 -0.6062558 0.00787276 0.7952308 0.596166 0.007946848 0.802822 0.5961495 0.00795114 0.8028342 0.6910118 0.007917881 0.7228001 -0.1425339 0.007893741 0.9897584 -0.01585537 0.007938146 0.9998429 -0.01587212 0.007935345 0.9998427 0.9562526 0.007908105 0.2924357 0.9562553 0.007902503 0.2924268 0.9845917 0.007924258 0.1746895 0.4754883 0.007903873 0.8796867 0.5782032 0.007918357 0.8158544 0.5782325 0.007920801 0.8158337 -0.01560837 0.007814347 -0.9998477 0.9517569 0.007867515 -0.3067522 0.9517549 0.00786519 -0.3067585 -0.01561439 0.007808148 -0.9998477 -0.1403269 0.007784485 -0.9900746 0.6831283 0.007865488 -0.730256 -0.598732 0.00777477 -0.8009118 -0.5987163 0.007774651 -0.8009236 -0.6913748 0.007746994 -0.7224547 0.1249746 0.00775659 -0.9921296 0.9438336 0.007867693 -0.3303275 0.943832 0.007869064 -0.3303319 0.897531 0.007865488 -0.4408813 0.9037027 0.007941842 0.4280868 0.9486609 0.00790739 0.3161965 0.9486572 0.007906198 0.3162075 0.5707985 0.007817268 -0.821053 0.5708284 0.007823467 -0.8210322 0.4689429 0.007833838 -0.8831939 0.9817515 0.007911205 -0.1900037 -0.9999392 0.007795989 -0.007796347 -0.9999392 0.007796168 -0.007796287 -0.9999392 0.007796347 -0.007796049 -0.9999387 0.007830202 -0.007829964 -0.9999392 0.007795929 -0.007796466 -0.9999392 0.007796287 -0.007796108 -0.9999392 0.007796287 -0.007796168 -0.9999392 0.007796108 -0.007796168 -0.9999392 0.007796347 -0.00779587 -0.9999392 0.007796525 -0.00779587 -0.9999392 0.007796049 -0.007796347 -0.9999387 0.007829964 -0.007830262 -0.9999392 0.007796347 -0.007796108 -0.9999387 0.007830262 -0.007829964 -0.9999387 0.007829844 -0.00783044 -0.9999392 0.00779587 -0.007796585 -0.9999392 0.007796585 -0.00779587 -0.9999392 0.007796049 -0.007796466 -0.9999387 0.007829844 -0.007830381 -0.9999387 0.007829785 -0.007830321 -0.9999387 0.007830083 -0.007830083 -0.9999392 0.007796168 -0.007796168 -0.9999387 0.007830262 -0.007829844 -0.9999392 0.007796525 -0.007795929 -0.9999392 0.007795929 -0.007796347 -0.9999392 0.007796108 -0.007796406 0.9999381 0.007863879 -0.007864296 0.9999382 0.007864475 -0.007863759 0.9999382 0.007863819 -0.007864356 0.9999382 0.007863819 -0.007864356 0.9999381 0.007864117 -0.007864117 0.9999381 0.007864117 -0.007864117 0.9999382 0.007864356 -0.007863819 0.9999381 0.007864296 -0.007863879 0.9999381 0.007863879 -0.007864296 0.9999381 0.007863938 -0.007864296 0.9999382 0.007864058 -0.007863998 0.9999383 0.007863759 -0.007864296 0.9961792 -0.08697468 -0.007897853 0.9961808 -0.08695405 -0.007922351 0.9316821 -0.3631889 -0.007892549 0.8416566 -0.5399549 -0.007937669 0.572925 -0.8195692 -0.007957994 0.3890915 -0.9211649 -0.007945358 0.09479564 -0.9954653 -0.00791043 -0.007863879 -0.9999381 -0.007864236 -1.71587e-5 0.007939517 0.9999685 -0.9575766 0.007786512 0.2880738 -0.9575895 0.007779419 0.2880313 9.37656e-6 0.007937669 0.9999686 0.1269616 0.007910728 0.9918761 -0.6991784 0.007884144 0.7149038 -0.6062494 0.007872581 0.7952356 -0.6062558 0.00787276 0.7952309 0.5961683 0.007946848 0.8028202 0.6910324 0.00791651 0.7227805 -0.1425315 0.007894456 0.9897588 -0.01586109 0.007938146 0.9998428 0.9562525 0.007908105 0.2924361 0.9562543 0.007902503 0.2924299 0.984592 0.007924616 0.174688 0.4754884 0.007903993 0.8796866 0.5782067 0.007918357 0.815852 0.5782323 0.007920801 0.8158338 0.1249929 0.007826626 -0.9921268 2.31548e-5 0.007807612 -0.9999696 -4.23193e-6 0.007810831 -0.9999696 -0.9532083 0.007750451 -0.3022153 -0.9531973 0.007751107 -0.3022499 -0.9823077 0.007771849 -0.1871125 -0.4810223 0.00774461 -0.8766742 -0.5812117 0.007750391 -0.8137155 -0.9502044 0.007791697 0.31153 -0.9502051 0.007790029 0.3115279 -0.9065563 0.007814705 0.4220128 -0.9005265 0.007778882 -0.4347316 -0.9455047 0.00774765 -0.3255164 -0.9455131 0.007750868 -0.325492 -0.5886393 0.007850944 0.8083577 -0.5886014 0.007849216 0.8083854 -0.4876382 0.007879972 0.8730103 -0.9850679 0.007808864 0.1719898 -0.007881939 0.1182101 0.9929574 -0.007915556 0.08695673 0.9961807 -0.007923245 0.1900108 0.98175 -0.007861912 0.2202378 0.9754146 -0.007922589 0.2851559 0.9584485 -0.007878601 0.3232836 0.9462693 -0.007879674 0.3862838 0.9223464 -0.007842063 0.4155669 0.9095289 -0.007868111 0.4722089 0.8814516 -0.007861912 0.5028911 0.864314 -0.007811367 0.8609153 0.5086885 -0.007806241 0.9911268 -0.132691 -0.00777024 0.4961304 -0.8682134 -0.007745862 -0.09335762 -0.9956026 -0.007914781 -0.3795297 0.9251458 -0.007922112 -0.4119963 0.9111512 -0.007908701 -0.3162226 0.948652 -0.00792241 -0.2851529 0.9584493 -0.007947146 -0.2144073 0.9767121 -0.007935643 -0.1823465 0.9832024 -0.007871568 -0.1181946 0.9929593 -0.007911503 -0.0791158 0.996834 -0.007947385 -0.01588696 0.9998423 -0.007934987 0.02380955 0.9996851 -0.007760047 0.4190427 -0.9079334 -0.007742166 0.3873583 -0.9218969 -0.007792234 0.475004 -0.8799492 -0.007769882 0.5052961 -0.8629111 -0.007798254 -0.1871039 -0.9823092 -0.007789433 -0.1871169 -0.9823068 -0.007921218 -0.9817498 0.1900119 -0.00793302 -0.9817523 0.1899987 -0.00794208 -0.5003944 0.8657612 -0.007952868 -0.4693396 0.882982 -0.007786989 -0.07016044 -0.9975054 -0.007765889 -0.1010363 -0.9948524 -0.007812619 -0.007814109 -0.999939 -0.007810771 0.03124195 -0.9994814 -0.007781445 0.09333384 -0.9956045 -0.007748901 0.1316686 -0.9912635 -0.007783472 0.1946139 -0.9808492 -0.007782697 0.2259669 -0.974104 -0.007768034 0.2951675 -0.9554139 -0.007753908 0.3255178 -0.9455041 -0.007802844 -0.09332752 -0.9956049 -0.007740497 0.496115 -0.8682223 -0.007803916 -0.484297 -0.8748689 -0.007812857 -0.4534651 -0.8912398 -0.007768809 -0.3967127 -0.91791 -0.007819831 -0.3673195 -0.9300619 -0.007811069 -0.3044887 -0.952484 -0.007829546 -0.2664489 -0.9638173 -0.007769823 -0.2020835 -0.9793376 -0.007811486 -0.1720161 -0.9850632 -0.9502043 0.007791697 0.3115302 -0.9502041 0.007790029 0.3115311 -0.9065573 0.007814347 0.4220107 -0.9005295 0.007780849 -0.4347256 -0.9455027 0.00774765 -0.3255221 -0.9455163 0.007750868 -0.3254827 -0.5886392 0.007850944 0.8083578 -0.5885977 0.007849156 0.8083881 -0.4876341 0.007881462 0.8730127 -0.9850683 0.00780797 0.1719869 0.1249924 0.007826626 -0.9921268 -0.6913679 0.00772202 -0.7224617 2.10702e-5 0.007807612 -0.9999696 -4.34741e-6 0.007810831 -0.9999696 -0.9532083 0.007750451 -0.302215 -0.9531975 0.007751107 -0.3022488 -0.9823085 0.00777322 -0.1871083 -0.481023 0.007744789 -0.8766738 -0.5812143 0.007750391 -0.8137136</float_array>
          <technique_common>
            <accessor source="#Skel_SlotMachine-mesh-normals-array" count="1513" stride="3">
              <param name="X" type="float"/>
              <param name="Y" type="float"/>
              <param name="Z" type="float"/>
            </accessor>
          </technique_common>
        </source>
        <source id="Skel_SlotMachine-mesh-map-0">
          <float_array id="Skel_SlotMachine-mesh-map-0-array" count="8730">0.3156738 0.3881836 0.1512451 0.3881836 0.1514892 0.4350586 0.1514892 0.4350586 0.106018 0.4213867 0.1391601 0.5856934 0.1391601 0.5856934 0.1514892 0.5722656 0.1514892 0.4350586 0.1514892 0.4350586 0.3156738 0.4350586 0.3156738 0.3881836 0.3156738 0.4350586 0.1514892 0.4350586 0.1646728 0.4453125 0.1514892 0.4350586 0.1625976 0.4462891 0.1646728 0.4453125 0.1618652 0.4487305 0.1625976 0.4462891 0.1514892 0.4350586 0.1618652 0.5576172 0.1618652 0.4487305 0.1514892 0.4350586 0.1514892 0.4350586 0.1514892 0.5722656 0.1618652 0.5576172 0.1514892 0.5722656 0.1625976 0.5600586 0.1618652 0.5576172 0.1646728 0.560791 0.1625976 0.5600586 0.1514892 0.5722656 0.3024902 0.560791 0.1646728 0.560791 0.1514892 0.5722656 0.1514892 0.5722656 0.3156738 0.5722656 0.3024902 0.560791 0.3156738 0.5722656 0.3044434 0.5600586 0.3024902 0.560791 0.3051758 0.5576172 0.3044434 0.5600586 0.3156738 0.5722656 0.3051758 0.4487305 0.3051758 0.5576172 0.3156738 0.5722656 0.3156738 0.5722656 0.3156738 0.4350586 0.3051758 0.4487305 0.3156738 0.4350586 0.3044434 0.4462891 0.3051758 0.4487305 0.3024902 0.4453125 0.3044434 0.4462891 0.3156738 0.4350586 0.1646728 0.4453125 0.3024902 0.4453125 0.3156738 0.4350586 0.3156738 0.5722656 0.3278809 0.5856934 0.361084 0.4213867 0.361084 0.4213867 0.3156738 0.4350586 0.3156738 0.5722656 0.3156738 0.5722656 0.1514892 0.5722656 0.1512451 0.5856934 0.1512451 0.5856934 0.3156738 0.5856934 0.3156738 0.5722656 0.005226135 0.9965038 0.005226135 0.9349976 0.02757263 0.9349976 0.1601562 0.9930344 0.13208 0.9835205 0.1341552 0.9774017 0.13208 0.9835205 0.1601562 0.9930344 0.1479492 0.9965038 0.1479492 0.9965038 0.1260986 0.9855499 0.13208 0.9835205 0.1260986 0.9855499 0.1479492 0.9965038 0.005226135 0.9965038 0.005226135 0.9965038 0.02757263 0.9855499 0.1260986 0.9855499 0.02757263 0.9349976 0.02757263 0.9855499 0.005226135 0.9965038 0.03991699 0.9832153 0.02757263 0.9855499 0.02757263 0.9349976 0.02757263 0.9349976 0.03991699 0.9326172 0.03991699 0.9832153 0.05111694 0.9832153 0.03991699 0.9832153 0.03991699 0.9326172 0.03991699 0.9326172 0.05111694 0.9326172 0.05111694 0.9832153 0.02757263 0.6452637 0.005226135 0.6452637 0.003248214 0.6437988 0.1341552 0.6452637 0.02757263 0.6452637 0.003248214 0.6437988 0.003248214 0.6437988 0.1809082 0.6437988 0.1341552 0.6452637 0.1809082 0.6437988 0.1761474 0.6445313 0.1341552 0.6452637 0.1761474 0.6445313 0.1567382 0.7241211 0.1341552 0.6452637 0.1567382 0.7241211 0.1341552 0.7255859 0.1341552 0.6452637 0.1567382 0.7241211 0.1341552 0.9774017 0.1341552 0.7255859 0.1567382 0.7241211 0.1951904 0.7661133 0.1341552 0.9774017 0.1951904 0.7661133 0.1643066 0.9901428 0.1341552 0.9774017 0.1341552 0.9774017 0.1643066 0.9901428 0.1601562 0.9930344 0.1809082 0.6437988 0.003248214 0.6437988 0.005226135 0.6000977 0.005226135 0.6000977 0.1926269 0.6000977 0.1809082 0.6437988 0.6166992 0.598877 0.6088867 0.6071777 0.6362305 0.6022949 0.6362305 0.6022949 0.6425781 0.5952149 0.6166992 0.598877 0.6166992 0.598877 0.6425781 0.5952149 0.6425781 0.5908203 0.605957 0.6188965 0.605957 0.7282715 0.6333008 0.7282715 0.6333008 0.7282715 0.6333008 0.6118164 0.605957 0.6188965 0.6088867 0.6071777 0.605957 0.6188965 0.6333008 0.6118164 0.6333008 0.6118164 0.6362305 0.6022949 0.6088867 0.6071777 0.6166992 0.98983 0.6425781 0.997736 0.6425781 0.9934998 0.6166992 0.98983 0.6425781 0.9934998 0.6362305 0.9862747 0.6362305 0.9862747 0.6088867 0.9814606 0.6166992 0.98983 0.605957 0.9696503 0.6088867 0.9814606 0.6362305 0.9862747 0.6362305 0.9862747 0.6333008 0.9769287 0.605957 0.9696503 0.605957 0.8603516 0.605957 0.9696503 0.6333008 0.9769287 0.6333008 0.9769287 0.6333008 0.8603516 0.605957 0.8603516 0.1192016 0.3725586 0.08984375 0.3725586 0.1192016 0.3349609 0.05218505 0.2998047 0.07897949 0.2998047 0.07897949 0.3056641 0.07897949 0.3056641 0.05218505 0.3056641 0.05218505 0.2998047 0.05218505 0.3056641 0.07897949 0.3056641 0.1210937 0.3320313 0.1210937 0.3320313 0.01003265 0.3320313 0.05218505 0.3056641 0.01003265 0.3320313 0.1210937 0.3320313 0.1192016 0.3349609 0.1192016 0.3349609 0.01193237 0.3349609 0.01003265 0.3320313 0.08984375 0.3725586 0.01193237 0.3349609 0.1192016 0.3349609 0.01193237 0.3349609 0.08984375 0.3725586 0.08984375 0.5498047 0.08984375 0.5498047 0.01193237 0.5952149 0.01193237 0.3349609 0.1192016 0.5952149 0.01193237 0.5952149 0.08984375 0.5498047 0.08984375 0.5498047 0.1192016 0.5498047 0.1192016 0.5952149 0.001955032 0.2998047 0.02540588 0.2998047 0.02540588 0.3056641 0.01003265 0.3320313 0.001955032 0.2998047 0.02540588 0.3056641 0.01003265 0.3320313 0.02540588 0.3056641 0.05218505 0.3056641 0.1284179 0.1518554 0.1280517 0.1533203 0.1284179 0.04248046 0.1280517 0.1533203 0.1269531 0.1547851 0.125122 0.1552734 0.1280517 0.1533203 0.125122 0.1552734 0.1284179 0.04248046 0.125122 0.1552734 0.109375 0.04248046 0.1284179 0.04248046 0.125122 0.1552734 0.109375 0.1552734 0.109375 0.04248046 0.1105957 0.1547851 0.109497 0.1538085 0.1091308 0.1518554 0.1282958 0.1552734 0.1124877 0.1552734 0.1105957 0.1547851 0.1282958 0.1552734 0.1105957 0.1547851 0.1091308 0.1518554 0.1282958 0.1552734 0.1091308 0.1518554 0.1091308 0.04248046 0.1282958 0.04248046 0.1282958 0.1552734 0.1091308 0.04248046 0.4013672 0.3642578 0.3586426 0.3920899 0.489502 0.3920899 0.4013672 0.3642578 0.3583984 0.3642578 0.3586426 0.3920899 0.3586426 0.3920899 0.3583984 0.3642578 0.3562012 0.3652344 0.3562012 0.3652344 0.3562012 0.3916016 0.3586426 0.3920899 0.3562012 0.3916016 0.3562012 0.3652344 0.3554688 0.3671875 0.3554688 0.3671875 0.3554688 0.3896484 0.3562012 0.3916016 0.4389649 0.3442383 0.4089356 0.3442383 0.4013672 0.3554688 0.4013672 0.3554688 0.4465332 0.3554688 0.4389649 0.3442383 0.4465332 0.3554688 0.4013672 0.3554688 0.4013672 0.3642578 0.4013672 0.3642578 0.4465332 0.3642578 0.4465332 0.3554688 0.4013672 0.3642578 0.489502 0.3920899 0.4465332 0.3642578 0.489502 0.3920899 0.489502 0.3642578 0.4465332 0.3642578 0.489502 0.3642578 0.489502 0.3920899 0.4916992 0.3916016 0.4916992 0.3916016 0.4916992 0.3652344 0.489502 0.3642578 0.4916992 0.3652344 0.4916992 0.3916016 0.4924317 0.3896484 0.4924317 0.3896484 0.4924317 0.3671875 0.4916992 0.3652344 0.605957 0.7282715 0.605957 0.8603516 0.6333008 0.8603516 0.6333008 0.8603516 0.6333008 0.7282715 0.605957 0.7282715 0.6396484 0.6369629 0.8178711 0.6369629 0.8178711 0.6728516 0.8178711 0.6728516 0.6396484 0.6728516 0.6396484 0.6369629 0.6396484 0.6904297 0.6396484 0.6728516 0.8178711 0.6728516 0.8178711 0.6728516 0.8178711 0.6904297 0.6396484 0.6904297 0.6396484 0.7053223 0.6396484 0.6904297 0.8178711 0.6904297 0.8178711 0.6904297 0.8178711 0.7053223 0.6396484 0.7053223 0.6396484 0.8237305 0.6396484 0.7053223 0.8178711 0.7053223 0.8178711 0.7053223 0.8178711 0.8237305 0.6396484 0.8237305 0.8178711 0.5852051 0.7983399 0.5852051 0.7978516 0.4584961 0.7978516 0.4584961 0.8168945 0.4506836 0.8178711 0.5852051 0.7929688 0.4541016 0.8168945 0.4506836 0.7978516 0.4584961 0.7978516 0.4584961 0.793457 0.4589844 0.7929688 0.4541016 0.7910156 0.4545899 0.7929688 0.4541016 0.793457 0.4589844 0.793457 0.4589844 0.7910156 0.4594727 0.7910156 0.4545899 0.7895508 0.4545899 0.7910156 0.4545899 0.7910156 0.4594727 0.7910156 0.4594727 0.7895508 0.4594727 0.7895508 0.4545899 0.65625 0.4545899 0.7895508 0.4545899 0.7895508 0.4594727 0.7895508 0.4594727 0.65625 0.4594727 0.65625 0.4545899 0.6547852 0.4545899 0.65625 0.4545899 0.65625 0.4594727 0.65625 0.4594727 0.6547852 0.4594727 0.6547852 0.4545899 0.6523438 0.4541016 0.6547852 0.4545899 0.6547852 0.4594727 0.6547852 0.4594727 0.6523438 0.4589844 0.6523438 0.4541016 0.6523438 0.4541016 0.6523438 0.4589844 0.6479492 0.4584961 0.6479492 0.4584961 0.6293945 0.4506836 0.6523438 0.4541016 0.6293945 0.4506836 0.6479492 0.4584961 0.6474609 0.5852051 0.6474609 0.5852051 0.628418 0.5852051 0.6293945 0.4506836 0.6269531 0.4506836 0.6293945 0.4506836 0.628418 0.5852051 0.628418 0.5852051 0.6259766 0.5852051 0.6269531 0.4506836 0.6259766 0.4501953 0.6269531 0.4506836 0.6259766 0.5852051 0.6259766 0.5852051 0.625 0.5852051 0.6259766 0.4501953 0.6259766 0.4501953 0.625 0.5852051 0.5957031 0.5852051 0.5957031 0.5852051 0.5986328 0.4501953 0.6259766 0.4501953 0.5878906 0.4492188 0.5986328 0.4501953 0.5957031 0.5852051 0.5957031 0.5852051 0.5913086 0.5852051 0.5878906 0.4492188 0.5878906 0.4492188 0.5913086 0.5852051 0.574707 0.5852051 0.574707 0.5852051 0.5742188 0.4594727 0.5878906 0.4492188 0.5449219 0.4594727 0.5742188 0.4594727 0.574707 0.5852051 0.574707 0.5852051 0.5449219 0.5852051 0.5449219 0.4594727 0.9316406 0.4799805 0.9316406 0.4345703 0.996582 0.4345703 0.996582 0.4345703 0.996582 0.4799805 0.9316406 0.4799805 0.9316406 0.4799805 0.996582 0.4799805 0.9980469 0.4829102 0.9980469 0.4829102 0.9296875 0.4829102 0.9316406 0.4799805 0.9296875 0.4829102 0.9980469 0.4829102 0.996582 0.4868164 0.996582 0.4868164 0.9316406 0.4868164 0.9296875 0.4829102 0.9316406 0.5339356 0.9316406 0.4868164 0.996582 0.4868164 0.996582 0.4868164 0.996582 0.5339356 0.9316406 0.5339356 0.9316406 0.5339356 0.996582 0.5339356 0.9980469 0.5375977 0.9980469 0.5375977 0.9296875 0.5375977 0.9316406 0.5339356 0.9316406 0.3774414 0.996582 0.3774414 0.9980469 0.3803711 0.9980469 0.3803711 0.9296875 0.3803711 0.9316406 0.3774414 0.9296875 0.3803711 0.9980469 0.3803711 0.996582 0.3837891 0.996582 0.3837891 0.9316406 0.3837891 0.9296875 0.3803711 0.9316406 0.4277344 0.9316406 0.3837891 0.996582 0.3837891 0.996582 0.3837891 0.996582 0.4277344 0.9316406 0.4277344 0.9316406 0.4277344 0.996582 0.4277344 0.9980469 0.4311524 0.9980469 0.4311524 0.9296875 0.4311524 0.9316406 0.4277344 0.9296875 0.4311524 0.9980469 0.4311524 0.996582 0.4345703 0.996582 0.4345703 0.9316406 0.4345703 0.9296875 0.4311524 0.1417236 0.04248046 0.1608886 0.04248046 0.1608886 0.1547851 0.1608886 0.1547851 0.1417236 0.1547851 0.1417236 0.04248046 0.4880371 0.3149414 0.3562012 0.3149414 0.3562012 0.3100586 0.3562012 0.3100586 0.4880371 0.3100586 0.4880371 0.3149414 0.4946289 0.3149414 0.4946289 0.3271484 0.4880371 0.3271484 0.4880371 0.3271484 0.4880371 0.3149414 0.4946289 0.3149414 0.3562012 0.3149414 0.4880371 0.3149414 0.4880371 0.3271484 0.4880371 0.3271484 0.3562012 0.3271484 0.3562012 0.3149414 0.3562012 0.3149414 0.3562012 0.3271484 0.3498535 0.3271484 0.3498535 0.3271484 0.3498535 0.3144531 0.3562012 0.3149414 0.3562012 0.3271484 0.4880371 0.3271484 0.4880371 0.3320313 0.4880371 0.3320313 0.3562012 0.3320313 0.3562012 0.3271484 0.7866211 0.4946289 0.6616211 0.4946289 0.6591797 0.4770508 0.6591797 0.4770508 0.7890625 0.4770508 0.7866211 0.4946289 0.6552734 0.4702149 0.6547852 0.4770508 0.6547852 0.472168 0.6552734 0.4702149 0.6591797 0.4770508 0.6547852 0.4770508 0.6552734 0.4702149 0.6577149 0.4692383 0.6591797 0.4770508 0.6591797 0.4770508 0.6577149 0.4692383 0.7910156 0.4692383 0.7910156 0.4692383 0.7890625 0.4770508 0.6591797 0.4770508 0.7890625 0.4770508 0.7910156 0.4692383 0.7929688 0.4702149 0.7939453 0.472168 0.7890625 0.4770508 0.7929688 0.4702149 0.7939453 0.472168 0.7939453 0.4770508 0.7890625 0.4770508 0.7890625 0.5991211 0.7890625 0.4770508 0.7939453 0.4770508 0.7939453 0.4770508 0.7939453 0.6035156 0.7890625 0.5991211 0.6591797 0.5991211 0.7890625 0.5991211 0.7939453 0.6035156 0.7939453 0.6035156 0.6547852 0.6035156 0.6591797 0.5991211 0.6591797 0.5991211 0.6547852 0.6035156 0.6547852 0.4770508 0.6547852 0.4770508 0.6591797 0.4770508 0.6591797 0.5991211 0.1107177 0.7353516 0.1207275 0.7670899 0.1180419 0.769043 0.1180419 0.769043 0.1074829 0.7353516 0.1107177 0.7353516 0.08245849 0.7124024 0.1085815 0.7321777 0.1074829 0.7353516 0.1074829 0.7353516 0.07989501 0.7143555 0.08245849 0.7124024 0.04669189 0.7111817 0.07891845 0.7111817 0.07989501 0.7143555 0.07989501 0.7143555 0.04574584 0.7143555 0.04669189 0.7111817 0.01705932 0.7321777 0.04315185 0.7124024 0.04574584 0.7143555 0.04574584 0.7143555 0.01812744 0.7353516 0.01705932 0.7321777 0.1207275 0.7709961 0.1107177 0.8029785 0.1074829 0.8028565 0.1074829 0.8028565 0.1180419 0.769043 0.1207275 0.7709961 0.1180419 0.769043 0.1074829 0.8028565 0.1074829 0.7353516 0.1074829 0.7353516 0.1074829 0.8028565 0.07989501 0.8237305 0.07989501 0.8237305 0.07989501 0.7143555 0.1074829 0.7353516 0.07989501 0.7143555 0.07989501 0.8237305 0.04574584 0.8237305 0.04574584 0.8237305 0.04574584 0.7143555 0.07989501 0.7143555 0.04574584 0.7143555 0.04574584 0.8237305 0.01812744 0.8028565 0.01812744 0.8028565 0.01812744 0.7353516 0.04574584 0.7143555 0.01812744 0.8028565 0.007583618 0.769043 0.01812744 0.7353516 0.01812744 0.7353516 0.007583618 0.769043 0.00491333 0.7670899 0.00491333 0.7670899 0.01488494 0.7353516 0.01812744 0.7353516 0.01488494 0.8029785 0.00491333 0.7709961 0.007583618 0.769043 0.007583618 0.769043 0.01812744 0.8028565 0.01488494 0.8029785 0.04315185 0.8258057 0.01705932 0.8060303 0.01812744 0.8028565 0.01812744 0.8028565 0.04574584 0.8237305 0.04315185 0.8258057 0.07891845 0.8270264 0.04669189 0.8270264 0.04574584 0.8237305 0.04574584 0.8237305 0.07989501 0.8237305 0.07891845 0.8270264 0.1085815 0.8060303 0.08245849 0.8258057 0.07989501 0.8237305 0.07989501 0.8237305 0.1074829 0.8028565 0.1085815 0.8060303 0.1085815 0.7321777 0.08245849 0.7124024 0.07989501 0.7143555 0.07989501 0.7143555 0.1074829 0.7353516 0.1085815 0.7321777 0.1207275 0.7670899 0.1107177 0.7353516 0.1074829 0.7353516 0.1074829 0.7353516 0.1180419 0.769043 0.1207275 0.7670899 0.1074829 0.8028565 0.1180419 0.769043 0.1074829 0.7353516 0.1074829 0.8028565 0.1074829 0.7353516 0.07989501 0.7143555 0.07989501 0.7143555 0.07989501 0.8237305 0.1074829 0.8028565 0.07989501 0.8237305 0.07989501 0.7143555 0.04574584 0.7143555 0.04574584 0.7143555 0.04574584 0.8237305 0.07989501 0.8237305 0.04574584 0.8237305 0.04574584 0.7143555 0.01812744 0.7353516 0.01812744 0.7353516 0.01812744 0.8028565 0.04574584 0.8237305 0.01812744 0.7353516 0.007583618 0.769043 0.01812744 0.8028565 0.01812744 0.8028565 0.007583618 0.769043 0.00491333 0.7709961 0.00491333 0.7709961 0.01488494 0.8029785 0.01812744 0.8028565 0.04315185 0.7124024 0.01705932 0.7321777 0.01812744 0.7353516 0.01812744 0.7353516 0.04574584 0.7143555 0.04315185 0.7124024 0.01488494 0.7353516 0.00491333 0.7670899 0.007583618 0.769043 0.007583618 0.769043 0.01812744 0.7353516 0.01488494 0.7353516 0.01705932 0.8060303 0.04315185 0.8258057 0.04574584 0.8237305 0.04574584 0.8237305 0.01812744 0.8028565 0.01705932 0.8060303 0.04669189 0.8270264 0.07891845 0.8270264 0.07989501 0.8237305 0.07989501 0.8237305 0.04574584 0.8237305 0.04669189 0.8270264 0.08245849 0.8258057 0.1085815 0.8060303 0.1074829 0.8028565 0.1074829 0.8028565 0.07989501 0.8237305 0.08245849 0.8258057 0.1107177 0.8029785 0.1207275 0.7709961 0.1180419 0.769043 0.1180419 0.769043 0.1074829 0.8028565 0.1107177 0.8029785 0.07891845 0.7111817 0.04669189 0.7111817 0.04574584 0.7143555 0.04574584 0.7143555 0.07989501 0.7143555 0.07891845 0.7111817 0.9296875 0.2724609 0.9980469 0.2724609 0.996582 0.2763672 0.996582 0.2763672 0.9316406 0.2763672 0.9296875 0.2724609 0.9316406 0.3237305 0.9316406 0.2763672 0.996582 0.2763672 0.996582 0.2763672 0.996582 0.3237305 0.9316406 0.3237305 0.9316406 0.3237305 0.996582 0.3237305 0.9980469 0.328125 0.9980469 0.328125 0.9296875 0.328125 0.9316406 0.3237305 0.9296875 0.328125 0.9980469 0.328125 0.996582 0.3320313 0.996582 0.3320313 0.9316406 0.3320313 0.9296875 0.328125 0.9316406 0.3774414 0.9316406 0.3320313 0.996582 0.3320313 0.996582 0.3320313 0.996582 0.3774414 0.9316406 0.3774414 0.9316406 0.2138671 0.9316406 0.168457 0.996582 0.168457 0.996582 0.168457 0.996582 0.2138671 0.9316406 0.2138671 0.9316406 0.2138671 0.996582 0.2138671 0.9980469 0.2177734 0.9980469 0.2177734 0.9296875 0.2177734 0.9316406 0.2138671 0.9296875 0.2177734 0.9980469 0.2177734 0.996582 0.2216796 0.996582 0.2216796 0.9316406 0.2216796 0.9296875 0.2177734 0.9316406 0.269043 0.9316406 0.2216796 0.996582 0.2216796 0.996582 0.2216796 0.996582 0.269043 0.9316406 0.269043 0.9316406 0.269043 0.996582 0.269043 0.9980469 0.2724609 0.9980469 0.2724609 0.9296875 0.2724609 0.9316406 0.269043 0.9316406 0.1083984 0.996582 0.1083984 0.9980469 0.1118164 0.9980469 0.1118164 0.9296875 0.1118164 0.9316406 0.1083984 0.9296875 0.1118164 0.9980469 0.1118164 0.996582 0.1157226 0.996582 0.1157226 0.9316406 0.1157226 0.9296875 0.1118164 0.9316406 0.1601562 0.9316406 0.1157226 0.996582 0.1157226 0.996582 0.1157226 0.996582 0.1601562 0.9316406 0.1601562 0.9316406 0.1601562 0.996582 0.1601562 0.9980469 0.1640625 0.9980469 0.1640625 0.9296875 0.1640625 0.9316406 0.1601562 0.9296875 0.1640625 0.9980469 0.1640625 0.996582 0.168457 0.996582 0.168457 0.9316406 0.168457 0.9296875 0.1640625 0.9296875 0.00390625 0.9980469 0.00390625 0.996582 0.0078125 0.996582 0.0078125 0.9316406 0.0078125 0.9296875 0.00390625 0.9316406 0.0546875 0.9316406 0.0078125 0.996582 0.0078125 0.996582 0.0078125 0.996582 0.0546875 0.9316406 0.0546875 0.9316406 0.0546875 0.996582 0.0546875 0.9980469 0.05859375 0.9980469 0.05859375 0.9296875 0.05859375 0.9316406 0.0546875 0.9296875 0.05859375 0.9980469 0.05859375 0.996582 0.06298828 0.996582 0.06298828 0.9316406 0.06298828 0.9296875 0.05859375 0.9316406 0.1083984 0.9316406 0.06298828 0.996582 0.06298828 0.996582 0.06298828 0.996582 0.1083984 0.9316406 0.1083984 0.8994141 0.4858399 0.894043 0.4858399 0.894043 0.3920899 0.894043 0.3920899 0.8994141 0.3920899 0.8994141 0.4858399 0.9042969 0.4858399 0.8994141 0.4858399 0.8994141 0.3920899 0.8994141 0.3920899 0.9042969 0.3920899 0.9042969 0.4858399 0.909668 0.4858399 0.9042969 0.4858399 0.9042969 0.3920899 0.9042969 0.3920899 0.909668 0.3920899 0.909668 0.4858399 0.9150391 0.4858399 0.909668 0.4858399 0.909668 0.3920899 0.909668 0.3920899 0.9150391 0.3920899 0.9150391 0.4858399 0.9204102 0.4858399 0.9150391 0.4858399 0.9150391 0.3920899 0.9150391 0.3920899 0.9204102 0.3920899 0.9204102 0.4858399 0.9257813 0.4858399 0.9204102 0.4858399 0.9204102 0.3920899 0.9204102 0.3920899 0.9257813 0.3920899 0.9257813 0.4858399 0.9321289 0.9814911 0.9262695 0.9845276 0.9189453 0.9845276 0.9238281 0.977417 0.918457 0.9743958 0.9248047 0.9743958 0.9248047 0.9743958 0.9321289 0.977417 0.9238281 0.977417 0.9238281 0.977417 0.9321289 0.977417 0.9321289 0.9814911 0.9321289 0.9814911 0.9238281 0.9814911 0.9238281 0.977417 0.9189453 0.9845276 0.9238281 0.9814911 0.9321289 0.9814911 0.9238281 0.9814911 0.9189453 0.9845276 0.9140625 0.9845276 0.9140625 0.9845276 0.9165039 0.9814911 0.9238281 0.9814911 0.9165039 0.9814911 0.9140625 0.9845276 0.9101563 0.9845276 0.9101563 0.9845276 0.9101563 0.9814911 0.9165039 0.9814911 0.9101563 0.9814911 0.9101563 0.9845276 0.9052734 0.9845276 0.918457 0.9743958 0.9238281 0.977417 0.9165039 0.977417 0.9165039 0.977417 0.9238281 0.977417 0.9238281 0.9814911 0.9238281 0.9814911 0.9165039 0.9814911 0.9165039 0.977417 0.9101563 0.977417 0.9165039 0.977417 0.9165039 0.9814911 0.9165039 0.9814911 0.9101563 0.9814911 0.9101563 0.977417 0.9023438 0.977417 0.9101563 0.977417 0.9101563 0.9814911 0.9101563 0.9814911 0.9023438 0.9814911 0.9023438 0.977417 0.894043 0.977417 0.9023438 0.977417 0.9023438 0.9814911 0.9023438 0.9814911 0.894043 0.9814911 0.894043 0.977417 0.909668 0.9743958 0.9101563 0.977417 0.9023438 0.977417 0.9067383 0.9674378 0.909668 0.9743958 0.9052734 0.9743958 0.9023438 0.977417 0.9052734 0.9743958 0.909668 0.9743958 0.9052734 0.9743958 0.9023438 0.977417 0.894043 0.977417 0.9052734 0.9845276 0.9023438 0.9814911 0.9101563 0.9814911 0.9023438 0.9814911 0.9052734 0.9845276 0.8979492 0.9845276 0.8979492 0.9845276 0.894043 0.9814911 0.9023438 0.9814911 0.894043 0.9814911 0.8979492 0.9845276 0.8901367 0.9845276 0.8901367 0.9845276 0.8862305 0.9814911 0.894043 0.9814911 0.894043 0.9814911 0.8862305 0.9814911 0.8862305 0.977417 0.8862305 0.977417 0.894043 0.977417 0.894043 0.9814911 0.8989258 0.9743958 0.894043 0.977417 0.8862305 0.977417 0.894043 0.977417 0.8989258 0.9743958 0.9052734 0.9743958 0.8979492 0.9674378 0.9052734 0.9743958 0.8989258 0.9743958 0.8901367 0.9674378 0.8818359 0.9674378 0.8833008 0.9543762 0.8833008 0.9543762 0.8901367 0.9543762 0.8901367 0.9674378 0.8833008 0.9543762 0.90625 0.9382629 0.8901367 0.9543762 0.8901367 0.9543762 0.90625 0.9382629 0.8964844 0.9543762 0.8901367 0.9543762 0.8964844 0.9543762 0.8979492 0.9674378 0.8979492 0.9674378 0.8901367 0.9674378 0.8901367 0.9543762 0.8989258 0.9743958 0.8901367 0.9674378 0.8979492 0.9674378 0.8901367 0.9674378 0.8989258 0.9743958 0.8920899 0.9743958 0.8862305 0.977417 0.8920899 0.9743958 0.8989258 0.9743958 0.8920899 0.9743958 0.8818359 0.9674378 0.8901367 0.9674378 0.9052734 0.9743958 0.8979492 0.9674378 0.9067383 0.9674378 0.9067383 0.9674378 0.8979492 0.9674378 0.8964844 0.9543762 0.8964844 0.9543762 0.9018555 0.9543762 0.9067383 0.9674378 0.8964844 0.9543762 0.90625 0.9382629 0.9018555 0.9543762 0.9018555 0.9543762 0.90625 0.9382629 0.909668 0.9543762 0.909668 0.9543762 0.90625 0.9382629 0.9189453 0.9543762 0.909668 0.9543762 0.9189453 0.9543762 0.9199219 0.9674378 0.9282227 0.9674378 0.9199219 0.9674378 0.9189453 0.9543762 0.918457 0.9743958 0.9199219 0.9674378 0.9282227 0.9674378 0.9282227 0.9674378 0.9248047 0.9743958 0.918457 0.9743958 0.9189453 0.9543762 0.90625 0.9382629 0.9248047 0.9543762 0.9189453 0.9543762 0.9248047 0.9543762 0.9282227 0.9674378 0.9135742 0.9743958 0.9165039 0.977417 0.9101563 0.977417 0.9101563 0.977417 0.909668 0.9743958 0.9135742 0.9743958 0.9130859 0.9674378 0.9135742 0.9743958 0.909668 0.9743958 0.909668 0.9743958 0.9067383 0.9674378 0.9130859 0.9674378 0.9130859 0.9674378 0.9067383 0.9674378 0.9018555 0.9543762 0.9018555 0.9543762 0.909668 0.9543762 0.9130859 0.9674378 0.9199219 0.9674378 0.9130859 0.9674378 0.909668 0.9543762 0.9135742 0.9743958 0.9130859 0.9674378 0.9199219 0.9674378 0.9199219 0.9674378 0.918457 0.9743958 0.9135742 0.9743958 0.9165039 0.977417 0.9135742 0.9743958 0.918457 0.9743958 0.8862305 0.5195313 0.8808594 0.5195313 0.8862305 0.5039063 0.8862305 0.5039063 0.8901367 0.5075684 0.8862305 0.5195313 0.8901367 0.5075684 0.8862305 0.5039063 0.8989258 0.496582 0.8989258 0.496582 0.8989258 0.5029297 0.8901367 0.5075684 0.8989258 0.5029297 0.8989258 0.496582 0.9116211 0.5039063 0.9116211 0.5039063 0.9077149 0.5075684 0.8989258 0.5029297 0.9077149 0.5075684 0.9116211 0.5039063 0.9169922 0.5195313 0.9169922 0.5195313 0.9111328 0.5195313 0.9077149 0.5075684 0.9111328 0.5195313 0.9169922 0.5195313 0.9116211 0.5354004 0.9116211 0.5354004 0.9077149 0.5314942 0.9111328 0.5195313 0.9077149 0.5314942 0.9116211 0.5354004 0.8989258 0.5427246 0.8901367 0.5075684 0.8989258 0.5029297 0.9077149 0.5075684 0.9077149 0.5075684 0.8862305 0.5195313 0.8901367 0.5075684 0.8862305 0.5195313 0.9077149 0.5075684 0.9111328 0.5195313 0.9111328 0.5195313 0.8901367 0.5314942 0.8862305 0.5195313 0.8901367 0.5314942 0.9111328 0.5195313 0.9077149 0.5314942 0.9077149 0.5314942 0.8989258 0.5361328 0.8901367 0.5314942 0.8989258 0.5427246 0.8989258 0.5361328 0.9077149 0.5314942 0.8989258 0.5361328 0.8989258 0.5427246 0.8862305 0.5354004 0.8862305 0.5354004 0.8901367 0.5314942 0.8989258 0.5361328 0.8901367 0.5314942 0.8862305 0.5354004 0.8808594 0.5195313 0.8808594 0.5195313 0.8862305 0.5195313 0.8901367 0.5314942 0.8496094 0.8782349 0.840332 0.8782349 0.8554688 0.8146973 0.8725586 0.8146973 0.878418 0.8146973 0.878418 0.8782349 0.878418 0.8782349 0.8691406 0.8782349 0.8725586 0.8146973 0.8666992 0.8146973 0.8725586 0.8146973 0.8691406 0.8782349 0.8691406 0.8782349 0.859375 0.8782349 0.8666992 0.8146973 0.8613281 0.8146973 0.8666992 0.8146973 0.859375 0.8782349 0.859375 0.8782349 0.8496094 0.8782349 0.8613281 0.8146973 0.8554688 0.8146973 0.8613281 0.8146973 0.8496094 0.8782349 0.8613281 0.8146973 0.8554688 0.8146973 0.8554688 0.6157227 0.8554688 0.6157227 0.8613281 0.6157227 0.8613281 0.8146973 0.8666992 0.8146973 0.8613281 0.8146973 0.8613281 0.6157227 0.8613281 0.6157227 0.8666992 0.6157227 0.8666992 0.8146973 0.8725586 0.8146973 0.8666992 0.8146973 0.8666992 0.6157227 0.8666992 0.6157227 0.8725586 0.6157227 0.8725586 0.8146973 0.878418 0.8146973 0.8725586 0.8146973 0.8725586 0.6157227 0.8725586 0.6157227 0.878418 0.6157227 0.878418 0.8146973 0.8837891 0.8146973 0.878418 0.8146973 0.878418 0.6157227 0.878418 0.6157227 0.8837891 0.6157227 0.8837891 0.8146973 0.8896484 0.8146973 0.8837891 0.8146973 0.8837891 0.6157227 0.8837891 0.6157227 0.8896484 0.6157227 0.8896484 0.8146973 0.8955078 0.8146973 0.8896484 0.8146973 0.8896484 0.6157227 0.8896484 0.6157227 0.8955078 0.6157227 0.8955078 0.8146973 0.8955078 0.6157227 0.9008789 0.6157227 0.9008789 0.8146973 0.9008789 0.8146973 0.8955078 0.8146973 0.8955078 0.6157227 0.8955078 0.8146973 0.9008789 0.8146973 0.9160156 0.8782349 0.9160156 0.8782349 0.9067383 0.8782349 0.8955078 0.8146973 0.8896484 0.8146973 0.8955078 0.8146973 0.9067383 0.8782349 0.9067383 0.8782349 0.8974609 0.8782349 0.8896484 0.8146973 0.8837891 0.8146973 0.8896484 0.8146973 0.8974609 0.8782349 0.8974609 0.8782349 0.8876953 0.8782349 0.8837891 0.8146973 0.878418 0.8146973 0.8837891 0.8146973 0.8876953 0.8782349 0.8876953 0.8782349 0.878418 0.8782349 0.878418 0.8146973 0.2269287 0.269043 0.1499023 0.269043 0.1499023 0.277832 0.1499023 0.277832 0.2269287 0.277832 0.2269287 0.269043 0.2269287 0.277832 0.1499023 0.277832 0.1499023 0.2871094 0.1499023 0.2871094 0.2269287 0.2871094 0.2269287 0.277832 0.2269287 0.2871094 0.1499023 0.2871094 0.1499023 0.2958984 0.1499023 0.2958984 0.2269287 0.2958984 0.2269287 0.2871094 0.2269287 0.2958984 0.1499023 0.2958984 0.1499023 0.3051758 0.1499023 0.3051758 0.2269287 0.3051758 0.2269287 0.2958984 0.2269287 0.3051758 0.1499023 0.3051758 0.1499023 0.3139649 0.1499023 0.3139649 0.2269287 0.3139649 0.2269287 0.3051758 0.2269287 0.3139649 0.1499023 0.3139649 0.1499023 0.3232422 0.1499023 0.3232422 0.2269287 0.3232422 0.2269287 0.3139649 0.5 0.2841797 0.5 0.1796875 0.4907227 0.1796875 0.4907227 0.1796875 0.4907227 0.2841797 0.5 0.2841797 0.4907227 0.2841797 0.4907227 0.1796875 0.4814453 0.1796875 0.4814453 0.1796875 0.4814453 0.2841797 0.4907227 0.2841797 0.4814453 0.2841797 0.4814453 0.1796875 0.472168 0.1796875 0.472168 0.1796875 0.472168 0.2841797 0.4814453 0.2841797 0.472168 0.2841797 0.472168 0.1796875 0.4628906 0.1796875 0.4628906 0.1796875 0.4628906 0.2841797 0.472168 0.2841797 0.4628906 0.2841797 0.4628906 0.1796875 0.4536133 0.1796875 0.4536133 0.1796875 0.4536133 0.2841797 0.4628906 0.2841797 0.4536133 0.2841797 0.4536133 0.1796875 0.4443359 0.1796875 0.4443359 0.1796875 0.4443359 0.2841797 0.4536133 0.2841797 0.4343262 0.2929688 0.4343262 0.2524414 0.4277344 0.2524414 0.4277344 0.2524414 0.4277344 0.2929688 0.4343262 0.2929688 0.4277344 0.2929688 0.4277344 0.2524414 0.4208984 0.2524414 0.4208984 0.2524414 0.4208984 0.2929688 0.4277344 0.2929688 0.4208984 0.2929688 0.4208984 0.2524414 0.4143067 0.2524414 0.4143067 0.2524414 0.4143067 0.2929688 0.4208984 0.2929688 0.4143067 0.2929688 0.4143067 0.2524414 0.4074707 0.2524414 0.4074707 0.2524414 0.4074707 0.2929688 0.4143067 0.2929688 0.4074707 0.2929688 0.4074707 0.2524414 0.4008789 0.2524414 0.4008789 0.2524414 0.4008789 0.2929688 0.4074707 0.2929688 0.4008789 0.2929688 0.4008789 0.2524414 0.394043 0.2524414 0.394043 0.2524414 0.394043 0.2929688 0.4008789 0.2929688 0.4343262 0.2387695 0.4343262 0.1987304 0.4277344 0.1987304 0.4277344 0.1987304 0.4277344 0.2387695 0.4343262 0.2387695 0.4277344 0.2387695 0.4277344 0.1987304 0.4208984 0.1987304 0.4208984 0.1987304 0.4208984 0.2387695 0.4277344 0.2387695 0.4208984 0.2387695 0.4208984 0.1987304 0.4143067 0.1987304 0.4143067 0.1987304 0.4143067 0.2387695 0.4208984 0.2387695 0.4143067 0.2387695 0.4143067 0.1987304 0.4077149 0.1987304 0.4077149 0.1987304 0.4077149 0.2387695 0.4143067 0.2387695 0.4077149 0.2387695 0.4077149 0.1987304 0.4008789 0.1987304 0.4008789 0.1987304 0.4008789 0.2387695 0.4077149 0.2387695 0.4008789 0.2387695 0.4008789 0.1987304 0.3942871 0.1987304 0.3942871 0.1987304 0.3942871 0.2387695 0.4008789 0.2387695 0.8193359 0.848999 0.8149414 0.8395996 0.8154297 0.8443604 0.8193359 0.848999 0.8154297 0.8443604 0.8154297 0.8491211 0.8193359 0.8613281 0.8193359 0.848999 0.8154297 0.8491211 0.8154297 0.8491211 0.8154297 0.8613281 0.8193359 0.8613281 0.8193359 0.9975624 0.8193359 0.8613281 0.8154297 0.8613281 0.8154297 0.8613281 0.8154297 0.9948082 0.8193359 0.9975624 0.8193359 0.9975624 0.8154297 0.9948082 0.652832 0.9948082 0.652832 0.9948082 0.6489258 0.9975624 0.8193359 0.9975624 0.6489258 0.8613281 0.6489258 0.9975624 0.652832 0.9948082 0.652832 0.9948082 0.652832 0.8613281 0.6489258 0.8613281 0.6489258 0.848999 0.6489258 0.8613281 0.652832 0.8613281 0.652832 0.8613281 0.652832 0.8491211 0.6489258 0.848999 0.6489258 0.8372803 0.6489258 0.848999 0.652832 0.8491211 0.652832 0.8491211 0.652832 0.8443604 0.6489258 0.8372803 0.6489258 0.8372803 0.652832 0.8443604 0.6533203 0.8406983 0.6489258 0.8372803 0.6533203 0.8406983 0.6552734 0.8378906 0.6489258 0.8372803 0.6552734 0.8378906 0.6586914 0.8372803 0.6586914 0.8372803 0.6489258 0.8308106 0.6489258 0.8372803 0.8193359 0.8308106 0.6489258 0.8308106 0.6586914 0.8372803 0.6586914 0.8372803 0.8095703 0.8372803 0.8193359 0.8308106 0.8095703 0.8372803 0.8193359 0.8372803 0.8193359 0.8308106 0.8193359 0.8372803 0.8095703 0.8372803 0.8129883 0.8378906 0.8129883 0.8378906 0.8149414 0.8395996 0.8193359 0.8372803 0.8193359 0.848999 0.8193359 0.8372803 0.8149414 0.8395996 0.3637695 0.2954102 0.3803711 0.2861328 0.3474121 0.2861328 0.3474121 0.2670899 0.3474121 0.2861328 0.3803711 0.2861328 0.3803711 0.2861328 0.3803711 0.2670899 0.3474121 0.2670899 0.3474121 0.2670899 0.3803711 0.2670899 0.3637695 0.2578125 0.329834 0.3081055 0.3295899 0.2509766 0.3354492 0.2509766 0.3354492 0.2509766 0.3354492 0.3144531 0.329834 0.3081055 0.3237305 0.3081055 0.329834 0.3081055 0.3354492 0.3144531 0.3354492 0.3144531 0.3249512 0.3144531 0.3237305 0.3081055 0.3151856 0.3100586 0.3237305 0.3081055 0.3249512 0.3144531 0.3249512 0.3144531 0.317627 0.315918 0.3151856 0.3100586 0.3151856 0.3100586 0.317627 0.315918 0.3120117 0.3212891 0.3120117 0.3212891 0.3076172 0.3168945 0.3151856 0.3100586 0.3034668 0.3256836 0.3076172 0.3168945 0.3120117 0.3212891 0.3120117 0.3212891 0.3078613 0.3325195 0.3034668 0.3256836 0.2536621 0.3261719 0.3034668 0.3256836 0.3078613 0.3325195 0.3078613 0.3325195 0.2536621 0.3325195 0.2536621 0.3261719 0.8540039 0.8963623 0.8413086 0.8851318 0.8984375 0.8846436 0.8701172 0.9788208 0.8457031 0.9967823 0.8266602 0.9638062 0.8266602 0.9638062 0.8588867 0.9619446 0.8701172 0.9788208 0.8588867 0.9619446 0.8266602 0.9638062 0.8369141 0.9174805 0.8369141 0.9174805 0.8623047 0.9328003 0.8588867 0.9619446 0.8623047 0.9328003 0.8369141 0.9174805 0.8540039 0.8963623 0.8540039 0.8963623 0.8764649 0.9161377 0.8623047 0.9328003 0.8540039 0.8963623 0.8984375 0.8846436 0.8764649 0.9161377 0.8984375 0.8846436 0.8896484 0.9273682 0.8764649 0.9161377 0.6118164 0.005371093 0.6118164 0.3505859 0.59375 0.3505859 0.59375 0.3505859 0.59375 0.005371093 0.6118164 0.005371093 0.5791016 0.005371093 0.59375 0.005371093 0.59375 0.3505859 0.59375 0.3505859 0.5791016 0.3505859 0.5791016 0.005371093 0.5791016 0.005371093 0.5791016 0.3505859 0.5629883 0.3505859 0.5629883 0.3505859 0.5629883 0.005371093 0.5791016 0.005371093 0.5629883 0.005371093 0.5629883 0.3505859 0.5410156 0.3505859 0.5410156 0.3505859 0.5410156 0.005371093 0.5629883 0.005371093 0.5410156 0.005371093 0.5410156 0.3505859 0.5219727 0.3505859 0.5219727 0.3505859 0.5219727 0.005371093 0.5410156 0.005371093 0.1207275 0.7670899 0.1107177 0.7353516 0.1074829 0.7353516 0.1074829 0.7353516 0.1180419 0.769043 0.1207275 0.7670899 0.1107177 0.8029785 0.1207275 0.7709961 0.1180419 0.769043 0.1180419 0.769043 0.1074829 0.8028565 0.1107177 0.8029785 0.1074829 0.8028565 0.1180419 0.769043 0.1074829 0.7353516 0.1074829 0.8028565 0.1074829 0.7353516 0.07989501 0.7143555 0.07989501 0.7143555 0.1074829 0.7353516 0.1085815 0.7321777 0.1085815 0.7321777 0.08245849 0.7124024 0.07989501 0.7143555 0.08245849 0.8258057 0.1085815 0.8060303 0.1074829 0.8028565 0.1074829 0.8028565 0.07989501 0.8237305 0.08245849 0.8258057 0.07989501 0.7143555 0.07989501 0.8237305 0.1074829 0.8028565 0.07989501 0.8237305 0.07989501 0.7143555 0.04574584 0.7143555 0.04574584 0.7143555 0.07989501 0.7143555 0.07891845 0.7111817 0.07891845 0.7111817 0.04669189 0.7111817 0.04574584 0.7143555 0.04669189 0.8270264 0.07891845 0.8270264 0.07989501 0.8237305 0.07989501 0.8237305 0.04574584 0.8237305 0.04669189 0.8270264 0.04574584 0.7143555 0.04574584 0.8237305 0.07989501 0.8237305 0.04574584 0.8237305 0.04574584 0.7143555 0.01812744 0.7353516 0.01812744 0.7353516 0.04574584 0.7143555 0.04315185 0.7124024 0.04315185 0.7124024 0.01705932 0.7321777 0.01812744 0.7353516 0.01705932 0.8060303 0.04315185 0.8258057 0.04574584 0.8237305 0.04574584 0.8237305 0.01812744 0.8028565 0.01705932 0.8060303 0.01812744 0.7353516 0.01812744 0.8028565 0.04574584 0.8237305 0.01812744 0.7353516 0.007583618 0.769043 0.01812744 0.8028565 0.007583618 0.769043 0.01812744 0.7353516 0.01488494 0.7353516 0.01488494 0.7353516 0.00491333 0.7670899 0.007583618 0.769043 0.00491333 0.7709961 0.01488494 0.8029785 0.01812744 0.8028565 0.01812744 0.8028565 0.007583618 0.769043 0.00491333 0.7709961 0.1107177 0.7353516 0.1207275 0.7670899 0.1180419 0.769043 0.1180419 0.769043 0.1074829 0.7353516 0.1107177 0.7353516 0.08245849 0.7124024 0.1085815 0.7321777 0.1074829 0.7353516 0.1074829 0.7353516 0.07989501 0.7143555 0.08245849 0.7124024 0.04669189 0.7111817 0.07891845 0.7111817 0.07989501 0.7143555 0.07989501 0.7143555 0.04574584 0.7143555 0.04669189 0.7111817 0.01705932 0.7321777 0.04315185 0.7124024 0.04574584 0.7143555 0.04574584 0.7143555 0.01812744 0.7353516 0.01705932 0.7321777 0.1207275 0.7709961 0.1107177 0.8029785 0.1074829 0.8028565 0.1074829 0.8028565 0.1180419 0.769043 0.1207275 0.7709961 0.1180419 0.769043 0.1074829 0.8028565 0.1074829 0.7353516 0.1074829 0.7353516 0.1074829 0.8028565 0.07989501 0.8237305 0.07989501 0.8237305 0.07989501 0.7143555 0.1074829 0.7353516 0.07989501 0.7143555 0.07989501 0.8237305 0.04574584 0.8237305 0.04574584 0.8237305 0.04574584 0.7143555 0.07989501 0.7143555 0.04574584 0.7143555 0.04574584 0.8237305 0.01812744 0.8028565 0.01812744 0.8028565 0.01812744 0.7353516 0.04574584 0.7143555 0.01812744 0.8028565 0.007583618 0.769043 0.01812744 0.7353516 0.01812744 0.7353516 0.007583618 0.769043 0.00491333 0.7670899 0.00491333 0.7670899 0.01488494 0.7353516 0.01812744 0.7353516 0.01488494 0.8029785 0.00491333 0.7709961 0.007583618 0.769043 0.007583618 0.769043 0.01812744 0.8028565 0.01488494 0.8029785 0.04315185 0.8258057 0.01705932 0.8060303 0.01812744 0.8028565 0.01812744 0.8028565 0.04574584 0.8237305 0.04315185 0.8258057 0.07891845 0.8270264 0.04669189 0.8270264 0.04574584 0.8237305 0.04574584 0.8237305 0.07989501 0.8237305 0.07891845 0.8270264 0.1085815 0.8060303 0.08245849 0.8258057 0.07989501 0.8237305 0.07989501 0.8237305 0.1074829 0.8028565 0.1085815 0.8060303 0.1085815 0.7321777 0.08245849 0.7124024 0.07989501 0.7143555 0.07989501 0.7143555 0.1074829 0.7353516 0.1085815 0.7321777 0.00491333 0.7709961 0.01488494 0.8029785 0.01812744 0.8028565 0.01812744 0.8028565 0.007583618 0.769043 0.00491333 0.7709961 0.01812744 0.7353516 0.007583618 0.769043 0.01812744 0.8028565 0.01812744 0.7353516 0.01812744 0.8028565 0.04574584 0.8237305 0.04574584 0.8237305 0.04574584 0.7143555 0.01812744 0.7353516 0.04574584 0.7143555 0.04574584 0.8237305 0.07989501 0.8237305 0.07989501 0.8237305 0.07989501 0.7143555 0.04574584 0.7143555 0.07989501 0.7143555 0.07989501 0.8237305 0.1074829 0.8028565 0.1074829 0.8028565 0.1074829 0.7353516 0.07989501 0.7143555 0.1074829 0.8028565 0.1180419 0.769043 0.1074829 0.7353516 0.1074829 0.7353516 0.1180419 0.769043 0.1207275 0.7670899 0.1207275 0.7670899 0.1107177 0.7353516 0.1074829 0.7353516 0.07891845 0.7111817 0.04669189 0.7111817 0.04574584 0.7143555 0.04574584 0.7143555 0.07989501 0.7143555 0.07891845 0.7111817 0.08245849 0.8258057 0.1085815 0.8060303 0.1074829 0.8028565 0.1074829 0.8028565 0.07989501 0.8237305 0.08245849 0.8258057 0.04669189 0.8270264 0.07891845 0.8270264 0.07989501 0.8237305 0.07989501 0.8237305 0.04574584 0.8237305 0.04669189 0.8270264 0.01705932 0.8060303 0.04315185 0.8258057 0.04574584 0.8237305 0.04574584 0.8237305 0.01812744 0.8028565 0.01705932 0.8060303 0.04315185 0.7124024 0.01705932 0.7321777 0.01812744 0.7353516 0.01812744 0.7353516 0.04574584 0.7143555 0.04315185 0.7124024 0.01488494 0.7353516 0.00491333 0.7670899 0.007583618 0.769043 0.007583618 0.769043 0.01812744 0.7353516 0.01488494 0.7353516 0.1107177 0.8029785 0.1207275 0.7709961 0.1180419 0.769043 0.1180419 0.769043 0.1074829 0.8028565 0.1107177 0.8029785 0.3474121 0.9259644 0.3474121 0.8480225 0.2524414 0.8480225 0.2524414 0.8480225 0.2524414 0.9259644 0.3474121 0.9259644 0.2346191 0.9414978 0.2524414 0.9259644 0.2524414 0.8480225 0.2524414 0.9259644 0.2346191 0.9414978 0.3649902 0.9414978 0.3649902 0.9414978 0.3474121 0.9259644 0.2524414 0.9259644 0.3474121 0.9259644 0.3649902 0.9414978 0.3649902 0.8309326 0.3649902 0.8309326 0.3474121 0.8480225 0.3474121 0.9259644 0.3474121 0.8480225 0.3649902 0.8309326 0.2346191 0.8309326 0.2346191 0.8309326 0.2524414 0.8480225 0.3474121 0.8480225 0.2524414 0.8480225 0.2346191 0.8309326 0.2346191 0.9414978 0.2600098 0.1489257 0.2897949 0.09472656 0.3046875 0.1020507 0.2897949 0.09472656 0.2600098 0.1489257 0.2407226 0.1367187 0.2407226 0.1367187 0.2756348 0.08544921 0.2897949 0.09472656 0.3862305 0.1152343 0.392334 0.1767578 0.3693848 0.1782226 0.3693848 0.1782226 0.3696289 0.1162109 0.3862305 0.1152343 0.3696289 0.1162109 0.3693848 0.1782226 0.3466797 0.1767578 0.3466797 0.1767578 0.3530274 0.1152343 0.3696289 0.1162109 0.3530274 0.1152343 0.3466797 0.1767578 0.3239746 0.1733398 0.3239746 0.1733398 0.3366699 0.1123046 0.3530274 0.1152343 0.3366699 0.1123046 0.3239746 0.1733398 0.302002 0.1674804 0.302002 0.1674804 0.3203125 0.1079101 0.3366699 0.1123046 0.3203125 0.1079101 0.302002 0.1674804 0.2805176 0.1591796 0.2805176 0.1591796 0.3046875 0.1020507 0.3203125 0.1079101 0.3046875 0.1020507 0.2805176 0.1591796 0.2600098 0.1489257 0.3493652 0.2485351 0.3425293 0.2485351 0.3425293 0.1904296 0.3425293 0.1904296 0.3493652 0.1904296 0.3493652 0.2485351 0.355957 0.2485351 0.3493652 0.2485351 0.3493652 0.1904296 0.3493652 0.1904296 0.355957 0.1904296 0.355957 0.2485351 0.362793 0.2485351 0.355957 0.2485351 0.355957 0.1904296 0.355957 0.1904296 0.362793 0.1904296 0.362793 0.2485351 0.3696289 0.2485351 0.362793 0.2485351 0.362793 0.1904296 0.362793 0.1904296 0.3696289 0.1904296 0.3696289 0.2485351 0.3762207 0.2485351 0.3696289 0.2485351 0.3696289 0.1904296 0.3696289 0.1904296 0.3762207 0.1904296 0.3762207 0.2485351 0.3830567 0.2485351 0.3762207 0.2485351 0.3762207 0.1904296 0.3762207 0.1904296 0.3830567 0.1904296 0.3830567 0.2485351 0.3637695 0.2954102 0.3474121 0.2861328 0.3803711 0.2861328 0.3803711 0.2861328 0.3474121 0.2861328 0.3474121 0.2670899 0.3474121 0.2670899 0.3803711 0.2670899 0.3803711 0.2861328 0.3474121 0.2670899 0.3637695 0.2578125 0.3803711 0.2670899 0.2269287 0.3139649 0.2269287 0.3232422 0.1499023 0.3232422 0.1499023 0.3232422 0.1499023 0.3139649 0.2269287 0.3139649 0.2269287 0.3051758 0.2269287 0.3139649 0.1499023 0.3139649 0.1499023 0.3139649 0.1499023 0.3051758 0.2269287 0.3051758 0.2269287 0.2958984 0.2269287 0.3051758 0.1499023 0.3051758 0.1499023 0.3051758 0.1499023 0.2958984 0.2269287 0.2958984 0.2269287 0.2871094 0.2269287 0.2958984 0.1499023 0.2958984 0.1499023 0.2958984 0.1499023 0.2871094 0.2269287 0.2871094 0.2269287 0.277832 0.2269287 0.2871094 0.1499023 0.2871094 0.1499023 0.2871094 0.1499023 0.277832 0.2269287 0.277832 0.2269287 0.269043 0.2269287 0.277832 0.1499023 0.277832 0.1499023 0.277832 0.1499023 0.269043 0.2269287 0.269043 0.4536133 0.2841797 0.4443359 0.2841797 0.4443359 0.1796875 0.4443359 0.1796875 0.4536133 0.1796875 0.4536133 0.2841797 0.4628906 0.2841797 0.4536133 0.2841797 0.4536133 0.1796875 0.4536133 0.1796875 0.4628906 0.1796875 0.4628906 0.2841797 0.472168 0.2841797 0.4628906 0.2841797 0.4628906 0.1796875 0.4628906 0.1796875 0.472168 0.1796875 0.472168 0.2841797 0.4814453 0.2841797 0.472168 0.2841797 0.472168 0.1796875 0.472168 0.1796875 0.4814453 0.1796875 0.4814453 0.2841797 0.4907227 0.2841797 0.4814453 0.2841797 0.4814453 0.1796875 0.4814453 0.1796875 0.4907227 0.1796875 0.4907227 0.2841797 0.5 0.2841797 0.4907227 0.2841797 0.4907227 0.1796875 0.4907227 0.1796875 0.5 0.1796875 0.5 0.2841797 0.4008789 0.2929688 0.394043 0.2929688 0.394043 0.2524414 0.394043 0.2524414 0.4008789 0.2524414 0.4008789 0.2929688 0.4074707 0.2929688 0.4008789 0.2929688 0.4008789 0.2524414 0.4008789 0.2524414 0.4074707 0.2524414 0.4074707 0.2929688 0.4143067 0.2929688 0.4074707 0.2929688 0.4074707 0.2524414 0.4074707 0.2524414 0.4143067 0.2524414 0.4143067 0.2929688 0.4208984 0.2929688 0.4143067 0.2929688 0.4143067 0.2524414 0.4143067 0.2524414 0.4208984 0.2524414 0.4208984 0.2929688 0.4277344 0.2929688 0.4208984 0.2929688 0.4208984 0.2524414 0.4208984 0.2524414 0.4277344 0.2524414 0.4277344 0.2929688 0.4343262 0.2929688 0.4277344 0.2929688 0.4277344 0.2524414 0.4277344 0.2524414 0.4343262 0.2524414 0.4343262 0.2929688 0.4008789 0.2387695 0.3942871 0.2387695 0.3942871 0.1987304 0.3942871 0.1987304 0.4008789 0.1987304 0.4008789 0.2387695 0.4077149 0.2387695 0.4008789 0.2387695 0.4008789 0.1987304 0.4008789 0.1987304 0.4077149 0.1987304 0.4077149 0.2387695 0.4143067 0.2387695 0.4077149 0.2387695 0.4077149 0.1987304 0.4077149 0.1987304 0.4143067 0.1987304 0.4143067 0.2387695 0.4208984 0.2387695 0.4143067 0.2387695 0.4143067 0.1987304 0.4143067 0.1987304 0.4208984 0.1987304 0.4208984 0.2387695 0.4277344 0.2387695 0.4208984 0.2387695 0.4208984 0.1987304 0.4208984 0.1987304 0.4277344 0.1987304 0.4277344 0.2387695 0.4343262 0.2387695 0.4277344 0.2387695 0.4277344 0.1987304 0.4277344 0.1987304 0.4343262 0.1987304 0.4343262 0.2387695 0.8984375 0.8846436 0.8540039 0.8963623 0.8413086 0.8851318 0.8701172 0.9788208 0.8457031 0.9967823 0.8266602 0.9638062 0.8266602 0.9638062 0.8588867 0.9619446 0.8701172 0.9788208 0.8588867 0.9619446 0.8266602 0.9638062 0.8369141 0.9174805 0.8369141 0.9174805 0.8623047 0.9328003 0.8588867 0.9619446 0.8623047 0.9328003 0.8369141 0.9174805 0.8540039 0.8963623 0.8540039 0.8963623 0.8764649 0.9161377 0.8623047 0.9328003 0.8764649 0.9161377 0.8540039 0.8963623 0.8984375 0.8846436 0.8764649 0.9161377 0.8984375 0.8846436 0.8896484 0.9273682 0.8901367 0.3710938 0.8901367 0.3549805 0.7456055 0.3549805 0.7456055 0.3549805 0.7456055 0.3710938 0.8901367 0.3710938 0.7446289 0.3710938 0.7456055 0.3710938 0.7456055 0.3549805 0.7456055 0.3549805 0.7446289 0.3549805 0.7446289 0.3710938 0.7426758 0.371582 0.7446289 0.3710938 0.7446289 0.3549805 0.7446289 0.3549805 0.7426758 0.3554688 0.7426758 0.371582 0.7241211 0.3754883 0.7426758 0.371582 0.7426758 0.3554688 0.7426758 0.3554688 0.7241211 0.359375 0.7241211 0.3754883 0.722168 0.3759766 0.7241211 0.3754883 0.7241211 0.359375 0.7241211 0.359375 0.722168 0.359375 0.722168 0.3759766 0.7211914 0.3759766 0.722168 0.3759766 0.722168 0.359375 0.722168 0.359375 0.7211914 0.3598633 0.7211914 0.3759766 0.5766602 0.3759766 0.7211914 0.3759766 0.7211914 0.3598633 0.7211914 0.3598633 0.5766602 0.3598633 0.5766602 0.3759766 0.8984375 0.8846436 0.8764649 0.9161377 0.8896484 0.9273682 0.8266602 0.9638062 0.8457031 0.9967823 0.8701172 0.9788208 0.8701172 0.9788208 0.8588867 0.9619446 0.8266602 0.9638062 0.8369141 0.9174805 0.8266602 0.9638062 0.8588867 0.9619446 0.8588867 0.9619446 0.8623047 0.9328003 0.8369141 0.9174805 0.8540039 0.8963623 0.8369141 0.9174805 0.8623047 0.9328003 0.8623047 0.9328003 0.8764649 0.9161377 0.8540039 0.8963623 0.8540039 0.8963623 0.8764649 0.9161377 0.8984375 0.8846436 0.8540039 0.8963623 0.8984375 0.8846436 0.8413086 0.8851318 0.2202148 0.9939194 0.2237548 0.9927864 0.2237548 0.7703858 0.2271728 0.9924049 0.3769531 0.9923744 0.376709 0.952179 0.376709 0.952179 0.2272949 0.952179 0.2271728 0.9924049 0.2272949 0.952179 0.2237548 0.9927864 0.2271728 0.9924049 0.2237548 0.9927864 0.2272949 0.952179 0.2272949 0.8172608 0.2272949 0.8172608 0.2237548 0.7703858 0.2237548 0.9927864 0.2271728 0.7703858 0.2237548 0.7703858 0.2272949 0.8172608 0.2237548 0.7703858 0.2271728 0.7703858 0.2271728 0.7282715 0.3769531 0.7282715 0.2271728 0.7282715 0.2271728 0.7703858 0.2271728 0.7282715 0.3769531 0.7282715 0.3769531 0.6479492 0.3803711 0.6479492 0.3769531 0.6479492 0.3769531 0.7282715 0.364502 0.8079834 0.239624 0.8079834 0.2272949 0.8172608 0.239624 0.8079834 0.2374267 0.8073731 0.2272949 0.8172608 0.2272949 0.8172608 0.2374267 0.8073731 0.2366943 0.8051758 0.2271728 0.7703858 0.2272949 0.8172608 0.2366943 0.8051758 0.2366943 0.8051758 0.2366943 0.7823486 0.2271728 0.7703858 0.2271728 0.7703858 0.2366943 0.7823486 0.2374267 0.7802734 0.2374267 0.7802734 0.2395019 0.7796631 0.2271728 0.7703858 0.3769531 0.6479492 0.3803711 0.6479492 0.3833008 0.6437988 0.3867188 0.6437988 0.3833008 0.6437988 0.3803711 0.6479492 0.3803711 0.6479492 0.3837891 0.6479492 0.3867188 0.6437988 0.3837891 0.6479492 0.3803711 0.6479492 0.3803711 0.7282715 0.3803711 0.7282715 0.3837891 0.7280274 0.3837891 0.6479492 0.3837891 0.7280274 0.3803711 0.7282715 0.3803711 0.7703858 0.3803711 0.7703858 0.3837891 0.7703858 0.3837891 0.7280274 0.3837891 0.7703858 0.3803711 0.7703858 0.3803711 0.9928398 0.3803711 0.9928398 0.3837891 0.9946289 0.3837891 0.7703858 0.3769531 0.9923744 0.3803711 0.9928398 0.376709 0.952179 0.376709 0.952179 0.3803711 0.9928398 0.3803711 0.7703858 0.3803711 0.7703858 0.376709 0.8172608 0.376709 0.952179 0.376709 0.8172608 0.3803711 0.7703858 0.3769531 0.7703858 0.3769531 0.7703858 0.3803711 0.7703858 0.3803711 0.7282715 0.3803711 0.7282715 0.3769531 0.7282715 0.3769531 0.7703858 0.3769531 0.7282715 0.3803711 0.7282715 0.3803711 0.6479492 0.2271728 0.7703858 0.3769531 0.7703858 0.3769531 0.7282715 0.3769531 0.7703858 0.2271728 0.7703858 0.2395019 0.7796631 0.2395019 0.7796631 0.364502 0.7796631 0.3769531 0.7703858 0.3769531 0.7703858 0.364502 0.7796631 0.3666992 0.7802734 0.3769531 0.7703858 0.3666992 0.7802734 0.3674317 0.7823486 0.376709 0.8172608 0.3769531 0.7703858 0.3674317 0.7823486 0.3674317 0.7823486 0.3674317 0.8051758 0.376709 0.8172608 0.376709 0.8172608 0.3674317 0.8051758 0.3666992 0.8073731 0.376709 0.8172608 0.3666992 0.8073731 0.364502 0.8079834 0.2272949 0.8172608 0.376709 0.8172608 0.364502 0.8079834 0.2209472 0.6437988 0.2172851 0.6437988 0.2202148 0.6479492 0.2202148 0.6479492 0.2237548 0.6479492 0.2209472 0.6437988 0.2237548 0.6479492 0.2202148 0.6479492 0.2202148 0.7282715 0.2202148 0.7282715 0.2237548 0.7282715 0.2237548 0.6479492 0.2237548 0.7282715 0.2202148 0.7282715 0.2202148 0.7703858 0.2087402 0.5996094 0.2048339 0.5996094 0.2172851 0.6437988 0.2172851 0.6437988 0.2209472 0.6437988 0.2087402 0.5996094 0.2120361 0.5996094 0.2087402 0.5996094 0.2209472 0.6437988 0.2209472 0.6437988 0.2242431 0.6437988 0.2120361 0.5996094 0.2242431 0.6437988 0.2209472 0.6437988 0.2237548 0.6479492 0.2237548 0.6479492 0.2271728 0.6479492 0.2242431 0.6437988 0.2271728 0.6479492 0.2237548 0.6479492 0.2237548 0.7282715 0.241455 0.6074219 0.241455 0.5996094 0.2120361 0.5996094 0.2120361 0.5996094 0.2242431 0.6437988 0.241455 0.6074219 0.2817383 0.6074219 0.241455 0.6074219 0.2242431 0.6437988 0.2817383 0.6074219 0.2242431 0.6437988 0.3798828 0.6437988 0.3798828 0.6437988 0.2242431 0.6437988 0.2271728 0.6479492 0.3217774 0.5957031 0.2824707 0.5957031 0.2817383 0.6074219 0.2817383 0.6074219 0.3222656 0.6074219 0.3217774 0.5957031 0.3798828 0.6437988 0.3222656 0.6074219 0.2817383 0.6074219 0.3798828 0.6437988 0.362793 0.6074219 0.3222656 0.6074219 0.362793 0.5996094 0.362793 0.6074219 0.3798828 0.6437988 0.3798828 0.6437988 0.3920899 0.5996094 0.362793 0.5996094 0.3955078 0.5996094 0.3920899 0.5996094 0.3798828 0.6437988 0.2237548 0.7703858 0.2202148 0.7703858 0.2202148 0.9939194 0.2202148 0.7703858 0.2237548 0.7703858 0.2237548 0.7282715 0.2271728 0.7282715 0.2237548 0.7282715 0.2237548 0.7703858 0.2237548 0.7282715 0.2271728 0.7282715 0.2271728 0.6479492 0.3769531 0.6479492 0.2271728 0.6479492 0.2271728 0.7282715 0.2271728 0.6479492 0.3769531 0.6479492 0.3798828 0.6437988 0.3833008 0.6437988 0.3798828 0.6437988 0.3769531 0.6479492 0.3798828 0.6437988 0.3833008 0.6437988 0.3955078 0.5996094 0.3991699 0.5996094 0.3955078 0.5996094 0.3833008 0.6437988 0.3833008 0.6437988 0.3867188 0.6437988 0.3991699 0.5996094 0.4023438 0.5996094 0.3991699 0.5996094 0.3867188 0.6437988 0.3867188 0.6437988 0.3896484 0.6437988 0.4023438 0.5996094 0.3896484 0.6437988 0.3867188 0.6437988 0.3837891 0.6479492 0.3837891 0.6479492 0.3862305 0.6479492 0.3896484 0.6437988 0.3862305 0.6479492 0.3837891 0.6479492 0.3837891 0.7280274 0.3837891 0.7280274 0.3862305 0.7280274 0.3862305 0.6479492 0.3862305 0.7280274 0.3837891 0.7280274 0.3837891 0.7703858 0.3837891 0.7703858 0.3867188 0.7703858 0.3862305 0.7280274 0.3867188 0.7703858 0.3837891 0.7703858 0.3837891 0.9946289 0.3837891 0.9946289 0.3867188 0.9969826 0.3867188 0.7703858 0.1210937 0.3320313 0.07897949 0.3056641 0.1057128 0.3056641 0.1210937 0.3320313 0.1057128 0.3056641 0.1291503 0.2998047 0.1291503 0.2998047 0.1057128 0.3056641 0.1057128 0.2998047 0.5126953 0.3574219 0.5214844 0.3579102 0.5195313 0.3666992 0.5195313 0.3666992 0.5048828 0.3662109 0.5126953 0.3574219 0.5131836 0.2861328 0.5126953 0.3574219 0.5048828 0.3662109 0.5048828 0.3662109 0.5048828 0.2861328 0.5131836 0.2861328 0.5131836 0.2797852 0.5131836 0.2861328 0.5048828 0.2861328 0.5048828 0.2861328 0.5048828 0.2797852 0.5131836 0.2797852 0.5131836 0.2744141 0.5131836 0.2797852 0.5048828 0.2797852 0.5048828 0.2797852 0.5048828 0.2744141 0.5131836 0.2744141 0.5131836 0.002441406 0.5131836 0.2744141 0.5048828 0.2744141 0.5048828 0.2744141 0.5048828 0.002441406 0.5131836 0.002441406 0.6191406 0.3823242 0.8691406 0.3823242 0.8691406 0.3916016 0.8691406 0.3916016 0.6191406 0.3916016 0.6191406 0.3823242 0.5493164 0.3823242 0.6191406 0.3823242 0.6191406 0.3916016 0.6191406 0.3916016 0.5429688 0.3916016 0.5493164 0.3823242 0.543457 0.3696289 0.5493164 0.3823242 0.5429688 0.3916016 0.5429688 0.3916016 0.5375977 0.3754883 0.543457 0.3696289 0.5332031 0.3603516 0.543457 0.3696289 0.5375977 0.3754883 0.5375977 0.3754883 0.5297852 0.3686524 0.5332031 0.3603516 0.5332031 0.3603516 0.5297852 0.3686524 0.5195313 0.3666992 0.5195313 0.3666992 0.5214844 0.3579102 0.5332031 0.3603516 0.1089477 0.04199218 0.1044921 0.04199218 0.1044921 0.1552734 0.1044921 0.1552734 0.1089477 0.1552734 0.1089477 0.04199218 0.12854 0.04199218 0.1089477 0.04199218 0.1089477 0.1552734 0.1089477 0.1552734 0.12854 0.1552734 0.12854 0.04199218 0.1318359 0.04199218 0.12854 0.04199218 0.12854 0.1552734 0.12854 0.1552734 0.1318359 0.1552734 0.1318359 0.04199218 0.02198791 0.2509766 0.007293701 0.2509766 0.007293701 0.04052734 0.007293701 0.04052734 0.02198791 0.04052734 0.02198791 0.2509766 0.03668212 0.2509766 0.02198791 0.2509766 0.02198791 0.04052734 0.02198791 0.04052734 0.03668212 0.04052734 0.03668212 0.2509766 0.0513916 0.2509766 0.03668212 0.2509766 0.03668212 0.04052734 0.03668212 0.04052734 0.0513916 0.04052734 0.0513916 0.2509766 0.06610107 0.2509766 0.0513916 0.2509766 0.0513916 0.04052734 0.0513916 0.04052734 0.06610107 0.04052734 0.06610107 0.2509766 0.08081054 0.2509766 0.06610107 0.2509766 0.06610107 0.04052734 0.06610107 0.04052734 0.08081054 0.04052734 0.08081054 0.2509766 0.09552001 0.2509766 0.08081054 0.2509766 0.08081054 0.04052734 0.08081054 0.04052734 0.09552001 0.04052734 0.09552001 0.2509766 0.9135742 0.3754883 0.9145508 0.3759766 0.9145508 0.3598633 0.9145508 0.3598633 0.9135742 0.359375 0.9135742 0.3754883 0.9116211 0.3754883 0.9135742 0.3754883 0.9135742 0.359375 0.9135742 0.359375 0.9116211 0.359375 0.9116211 0.3754883 0.8930664 0.371582 0.9116211 0.3754883 0.9116211 0.359375 0.9116211 0.359375 0.8930664 0.3554688 0.8930664 0.371582 0.8911133 0.3710938 0.8930664 0.371582 0.8930664 0.3554688 0.8930664 0.3554688 0.8911133 0.3549805 0.8911133 0.3710938 0.8901367 0.3710938 0.8911133 0.3710938 0.8911133 0.3549805 0.8911133 0.3549805 0.8901367 0.3549805 0.8901367 0.3710938 0.8818359 0.3984375 0.8798828 0.3984375 0.8793945 0.4277344 0.8793945 0.4277344 0.8813477 0.4277344 0.8818359 0.3984375 0.8833008 0.3984375 0.8818359 0.3984375 0.8813477 0.4277344 0.8813477 0.4277344 0.8833008 0.4277344 0.8833008 0.3984375 0.6328125 0.3979492 0.6313477 0.3979492 0.6323242 0.4438477 0.6323242 0.4438477 0.6337891 0.4438477 0.6328125 0.3979492 0.7729492 0.3979492 0.6328125 0.3979492 0.6337891 0.4438477 0.6337891 0.4438477 0.7734375 0.4438477 0.7729492 0.3979492 0.7749024 0.3979492 0.7729492 0.3979492 0.7734375 0.4438477 0.7734375 0.4438477 0.7749024 0.4438477 0.7749024 0.3979492 0.7768555 0.3979492 0.7749024 0.3979492 0.7749024 0.4438477 0.7749024 0.4438477 0.7768555 0.4438477 0.7768555 0.3979492 0.8798828 0.3984375 0.7768555 0.3979492 0.7768555 0.4438477 0.7768555 0.4438477 0.8793945 0.4277344 0.8798828 0.3984375 0.5239258 0.3984375 0.3842774 0.3984375 0.3837891 0.4277344 0.3837891 0.4277344 0.5234375 0.4277344 0.5239258 0.3984375 0.5253906 0.3984375 0.5239258 0.3984375 0.5234375 0.4277344 0.5234375 0.4277344 0.5249024 0.4277344 0.5253906 0.3984375 0.5273438 0.3984375 0.5253906 0.3984375 0.5249024 0.4277344 0.5249024 0.4277344 0.5268555 0.4277344 0.5273438 0.3984375 0.6293945 0.3979492 0.5273438 0.3984375 0.5268555 0.4277344 0.5268555 0.4277344 0.6303711 0.4438477 0.6293945 0.3979492 0.6313477 0.3979492 0.6293945 0.3979492 0.6303711 0.4438477 0.6303711 0.4438477 0.6323242 0.4438477 0.6313477 0.3979492 0.1413574 0.04199218 0.1380615 0.04199218 0.1380615 0.1552734 0.1380615 0.1552734 0.1413574 0.1552734 0.1413574 0.04199218 0.1610107 0.04199218 0.1413574 0.04199218 0.1413574 0.1552734 0.1413574 0.1552734 0.1610107 0.1552734 0.1610107 0.04199218 0.1654052 0.04199218 0.1610107 0.04199218 0.1610107 0.1552734 0.1610107 0.1552734 0.1654052 0.1552734 0.1654052 0.04199218 0.5986328 0.9974251 0.4558106 0.9974251 0.4436035 0.9939652 0.4436035 0.9939652 0.4394531 0.9910584 0.5986328 0.9974251 0.4084473 0.7666016 0.5986328 0.9974251 0.4394531 0.9910584 0.5986328 0.9974251 0.4084473 0.7666016 0.4460449 0.7248535 0.4460449 0.7248535 0.5986328 0.6452637 0.5986328 0.9974251 0.4460449 0.7248535 0.4257813 0.6452637 0.5986328 0.6452637 0.6005859 0.6437988 0.5986328 0.6452637 0.4257813 0.6452637 0.4257813 0.6452637 0.4228516 0.6437988 0.6005859 0.6437988 0.5986328 0.6000977 0.6005859 0.6437988 0.4228516 0.6437988 0.4228516 0.6437988 0.4111328 0.6000977 0.5986328 0.6000977 0.996582 0.9238281 0.996582 0.9965534 0.9936524 0.9878616 0.996582 0.9238281 0.9936524 0.9878616 0.9858399 0.9825287 0.9858399 0.9825287 0.9731445 0.9807282 0.996582 0.9238281 0.9731445 0.9807282 0.9511719 0.9807282 0.9516602 0.9238281 0.9516602 0.9238281 0.996582 0.9238281 0.9731445 0.9807282 0.996582 0.9238281 0.9516602 0.9238281 0.9516602 0.9191895 0.9516602 0.9191895 0.996582 0.9191895 0.996582 0.9238281 0.996582 0.9191895 0.9516602 0.9191895 0.9516602 0.9163818 0.9516602 0.9163818 0.996582 0.9163818 0.996582 0.9191895 0.996582 0.7131348 0.996582 0.9163818 0.9516602 0.9163818 0.9516602 0.9163818 0.9516602 0.7097168 0.996582 0.7131348 0.996582 0.6376953 0.996582 0.7131348 0.9516602 0.7097168 0.9516602 0.7097168 0.9516602 0.6376953 0.996582 0.6376953 0.996582 0.543457 0.996582 0.6376953 0.9936524 0.5537109 0.9936524 0.5537109 0.996582 0.6376953 0.9858399 0.5603027 0.9858399 0.5603027 0.996582 0.6376953 0.9726563 0.5625 0.9726563 0.5625 0.996582 0.6376953 0.9516602 0.6376953 0.9516602 0.6376953 0.9511719 0.5625 0.9726563 0.5625 0.7924805 0.005371093 0.7041016 0.005371093 0.7041016 0.3457031 0.7041016 0.3457031 0.7924805 0.3457031 0.7924805 0.005371093 0.8066406 0.005371093 0.7924805 0.005371093 0.7924805 0.3457031 0.7924805 0.3457031 0.8066406 0.3457031 0.8066406 0.005371093 0.8066406 0.005371093 0.8066406 0.3457031 0.8222656 0.3457031 0.8222656 0.3457031 0.8222656 0.005371093 0.8066406 0.005371093 0.8222656 0.005371093 0.8222656 0.3457031 0.8349609 0.3457031 0.8349609 0.3457031 0.8349609 0.005371093 0.8222656 0.005371093 0.8432617 0.005371093 0.8349609 0.005371093 0.8349609 0.3457031 0.8349609 0.3457031 0.8432617 0.3457031 0.8432617 0.005371093 0.8432617 0.005371093 0.8432617 0.3457031 0.9150391 0.3457031 0.9233399 0.005371093 0.8432617 0.005371093 0.9150391 0.3457031 0.9150391 0.3457031 0.9233399 0.3378906 0.9233399 0.005371093 0.9150391 0.3457031 0.9213867 0.34375 0.9233399 0.3378906 0.8764649 0.9161377 0.8896484 0.9273682 0.8984375 0.8846436 0.8764649 0.9161377 0.8984375 0.8846436 0.8540039 0.8963623 0.8984375 0.8846436 0.8413086 0.8851318 0.8540039 0.8963623 0.8623047 0.9328003 0.8764649 0.9161377 0.8540039 0.8963623 0.8540039 0.8963623 0.8369141 0.9174805 0.8623047 0.9328003 0.8588867 0.9619446 0.8623047 0.9328003 0.8369141 0.9174805 0.8369141 0.9174805 0.8266602 0.9638062 0.8588867 0.9619446 0.8701172 0.9788208 0.8588867 0.9619446 0.8266602 0.9638062 0.8266602 0.9638062 0.8457031 0.9967823 0.8701172 0.9788208 0.2048339 0.5996094 0.2016601 0.5996094 0.2143554 0.6437988 0.2143554 0.6437988 0.2172851 0.6437988 0.2048339 0.5996094 0.2172851 0.6437988 0.2143554 0.6437988 0.2174072 0.6479492 0.2174072 0.6479492 0.2202148 0.6479492 0.2172851 0.6437988 0.2202148 0.6479492 0.2174072 0.6479492 0.2174072 0.7282715 0.2174072 0.7282715 0.2202148 0.7282715 0.2202148 0.6479492 0.2202148 0.7282715 0.2174072 0.7282715 0.2174072 0.7703858 0.2174072 0.7703858 0.2202148 0.7703858 0.2202148 0.7282715 0.2202148 0.7703858 0.2174072 0.7703858 0.2174072 0.9969978 0.2174072 0.9969978 0.2202148 0.9939194 0.2202148 0.7703858 0.07165527 0.8759766 0.0647583 0.8591309 0.07165527 0.8422852 0.07165527 0.8759766 0.07165527 0.8422852 0.0883789 0.8353272 0.0883789 0.8353272 0.0883789 0.8829956 0.07165527 0.8759766 0.1124267 0.8693848 0.0883789 0.8829956 0.0883789 0.8353272 0.0883789 0.8353272 0.1115722 0.8353272 0.1124267 0.8693848 0.01541137 0.8422852 0.008491516 0.8591309 0.01541137 0.8759766 0.01541137 0.8422852 0.01541137 0.8759766 0.03210449 0.8829956 0.03210449 0.8829956 0.03210449 0.8353272 0.01541137 0.8422852 0.03210449 0.8353272 0.03210449 0.8829956 0.05618286 0.8693848 0.05618286 0.8693848 0.05532836 0.8353272 0.03210449 0.8353272 0.3820801 0.5734863 0.3820801 0.4423828 0.5170899 0.4423828 0.3603516 0.4448242 0.3820801 0.4423828 0.3820801 0.5734863 0.3820801 0.5734863 0.3603516 0.5773926 0.3603516 0.4448242 0.5390625 0.4448242 0.5390625 0.5773926 0.5170899 0.5734863 0.5170899 0.5734863 0.5170899 0.4423828 0.5390625 0.4448242 0.5170899 0.4423828 0.5170899 0.5734863 0.3820801 0.5734863 0.3820801 0.5734863 0.5170899 0.5734863 0.5170899 0.5917969 0.5170899 0.5917969 0.3820801 0.5917969 0.3820801 0.5734863 0.1965332 0.04785156 0.2502442 0.04785156 0.2502442 0.0571289 0.2502442 0.0571289 0.1965332 0.0571289 0.1965332 0.04785156 0.1965332 0.0571289 0.2502442 0.0571289 0.2447509 0.08447265 0.2447509 0.08447265 0.1914062 0.06738281 0.1965332 0.0571289 0.1914062 0.06738281 0.2447509 0.08447265 0.2288818 0.1074218 0.2288818 0.1074218 0.178955 0.07373046 0.1914062 0.06738281 0.178955 0.07373046 0.2288818 0.1074218 0.2052001 0.1230468 0.2052001 0.1230468 0.177246 0.1284179 0.178955 0.07373046 0.8032227 0.6325684 0.8032227 0.609375 0.793457 0.609375 0.793457 0.609375 0.793457 0.6325684 0.8032227 0.6325684 0.793457 0.6325684 0.793457 0.609375 0.7636719 0.609375 0.7636719 0.609375 0.7636719 0.6325684 0.793457 0.6325684 0.7265625 0.6325684 0.7636719 0.6325684 0.7636719 0.609375 0.7636719 0.609375 0.7265625 0.609375 0.7265625 0.6325684 0.7265625 0.6325684 0.7265625 0.609375 0.6875 0.609375 0.6875 0.609375 0.6875 0.6325684 0.7265625 0.6325684 0.652832 0.6325684 0.6875 0.6325684 0.6875 0.609375 0.6875 0.609375 0.652832 0.609375 0.652832 0.6325684 0.09448242 0.8937988 0.1159667 0.8937988 0.1159667 0.9248047 0.1159667 0.9248047 0.09448242 0.9248047 0.09448242 0.8937988 0.07299804 0.8937988 0.09448242 0.8937988 0.09448242 0.9248047 0.09448242 0.9248047 0.07299804 0.9248047 0.07299804 0.8937988 0.05151367 0.8937988 0.07299804 0.8937988 0.07299804 0.9248047 0.07299804 0.9248047 0.05151367 0.9248047 0.05151367 0.8937988 0.03004455 0.8937988 0.05151367 0.8937988 0.05151367 0.9248047 0.05151367 0.9248047 0.03004455 0.9248047 0.03004455 0.8937988 0.00856781 0.8937988 0.03004455 0.8937988 0.03004455 0.9248047 0.03004455 0.9248047 0.00856781 0.9248047 0.00856781 0.8937988 0.07165527 0.8759766 0.0647583 0.8591309 0.07165527 0.8422852 0.07165527 0.8759766 0.07165527 0.8422852 0.0883789 0.8353272 0.0883789 0.8353272 0.0883789 0.8829956 0.07165527 0.8759766 0.1124267 0.8693848 0.0883789 0.8829956 0.0883789 0.8353272 0.0883789 0.8353272 0.1115722 0.8353272 0.1124267 0.8693848 0.01541137 0.8422852 0.008491516 0.8591309 0.01541137 0.8759766 0.01541137 0.8422852 0.01541137 0.8759766 0.03210449 0.8829956 0.03210449 0.8829956 0.03210449 0.8353272 0.01541137 0.8422852 0.03210449 0.8353272 0.03210449 0.8829956 0.05618286 0.8693848 0.05618286 0.8693848 0.05532836 0.8353272 0.03210449 0.8353272 0.2700195 0.1694335 0.2163085 0.1694335 0.2163085 0.1787109 0.2163085 0.1787109 0.2700195 0.1787109 0.2700195 0.1694335 0.2644043 0.2060546 0.2700195 0.1787109 0.2163085 0.1787109 0.2163085 0.1787109 0.2111816 0.1889648 0.2644043 0.2060546 0.2486572 0.2294921 0.2644043 0.2060546 0.2111816 0.1889648 0.2111816 0.1889648 0.1987304 0.1958007 0.2486572 0.2294921 0.2249755 0.2446289 0.2486572 0.2294921 0.1987304 0.1958007 0.2249755 0.2446289 0.1987304 0.1958007 0.1968994 0.25 0.8032227 0.6325684 0.8032227 0.6091309 0.793457 0.6091309 0.793457 0.6091309 0.793457 0.6325684 0.8032227 0.6325684 0.793457 0.6325684 0.793457 0.6091309 0.7636719 0.6091309 0.7636719 0.6091309 0.7636719 0.6325684 0.793457 0.6325684 0.7265625 0.6325684 0.7636719 0.6325684 0.7636719 0.6091309 0.7636719 0.6091309 0.7265625 0.6091309 0.7265625 0.6325684 0.7265625 0.6325684 0.7265625 0.6091309 0.6875 0.6091309 0.6875 0.6091309 0.6875 0.6325684 0.7265625 0.6325684 0.652832 0.6325684 0.6875 0.6325684 0.6875 0.6091309 0.6875 0.6091309 0.652832 0.6091309 0.652832 0.6325684 0.09448242 0.8937988 0.1159667 0.8937988 0.1159667 0.9248047 0.1159667 0.9248047 0.09448242 0.9248047 0.09448242 0.8937988 0.07299804 0.8937988 0.09448242 0.8937988 0.09448242 0.9248047 0.09448242 0.9248047 0.07299804 0.9248047 0.07299804 0.8937988 0.05151367 0.8937988 0.07299804 0.8937988 0.07299804 0.9248047 0.07299804 0.9248047 0.05151367 0.9248047 0.05151367 0.8937988 0.03004455 0.8937988 0.05151367 0.8937988 0.05151367 0.9248047 0.05151367 0.9248047 0.03004455 0.9248047 0.03004455 0.8937988 0.00856781 0.8937988 0.03004455 0.8937988 0.03004455 0.9248047 0.03004455 0.9248047 0.00856781 0.9248047 0.00856781 0.8937988 0.07165527 0.8759766 0.0647583 0.8591309 0.07165527 0.8422852 0.07165527 0.8759766 0.07165527 0.8422852 0.0883789 0.8353272 0.0883789 0.8353272 0.0883789 0.8829956 0.07165527 0.8759766 0.1124267 0.8693848 0.0883789 0.8829956 0.0883789 0.8353272 0.0883789 0.8353272 0.1115722 0.8353272 0.1124267 0.8693848 0.01541137 0.8422852 0.008491516 0.8591309 0.01541137 0.8759766 0.01541137 0.8422852 0.01541137 0.8759766 0.03210449 0.8829956 0.03210449 0.8829956 0.03210449 0.8353272 0.01541137 0.8422852 0.03210449 0.8353272 0.03210449 0.8829956 0.05618286 0.8693848 0.05618286 0.8693848 0.05532836 0.8353272 0.03210449 0.8353272 0.6875 0.3505859 0.6953125 0.3422852 0.6933594 0.3486328 0.6953125 0.005371093 0.6953125 0.3422852 0.6875 0.3505859 0.6875 0.3505859 0.6118164 0.005371093 0.6953125 0.005371093 0.6875 0.3505859 0.6118164 0.3505859 0.6118164 0.005371093 0.8447266 0.7214356 0.8447266 0.685791 0.8237305 0.685791 0.8237305 0.685791 0.8237305 0.7214356 0.8447266 0.7214356 0.8447266 0.7524414 0.8447266 0.7214356 0.8237305 0.7214356 0.8237305 0.7214356 0.8237305 0.7524414 0.8447266 0.7524414 0.8447266 0.7631836 0.8447266 0.7524414 0.8237305 0.7524414 0.8237305 0.7524414 0.8237305 0.7631836 0.8447266 0.7631836 0.8447266 0.7631836 0.8237305 0.7631836 0.8237305 0.7811279 0.8237305 0.7811279 0.8447266 0.7811279 0.8447266 0.7631836 0.8447266 0.7811279 0.8237305 0.7811279 0.8237305 0.8115234 0.8237305 0.8115234 0.8447266 0.8115234 0.8447266 0.7811279 0.8447266 0.8115234 0.8237305 0.8115234 0.8237305 0.8397217 0.8237305 0.8397217 0.8447266 0.8397217 0.8447266 0.8115234 0.01488494 0.8029785 0.00491333 0.7709961 0.007583618 0.769043 0.007583618 0.769043 0.01812744 0.8028565 0.01488494 0.8029785 0.01812744 0.8028565 0.007583618 0.769043 0.01812744 0.7353516 0.01812744 0.7353516 0.007583618 0.769043 0.00491333 0.7670899 0.00491333 0.7670899 0.01488494 0.7353516 0.01812744 0.7353516 0.04315185 0.8258057 0.01705932 0.8060303 0.01812744 0.8028565 0.01812744 0.8028565 0.04574584 0.8237305 0.04315185 0.8258057 0.04574584 0.7143555 0.04574584 0.8237305 0.01812744 0.8028565 0.01812744 0.8028565 0.01812744 0.7353516 0.04574584 0.7143555 0.04574584 0.7143555 0.01812744 0.7353516 0.01705932 0.7321777 0.01705932 0.7321777 0.04315185 0.7124024 0.04574584 0.7143555 0.07891845 0.8270264 0.04669189 0.8270264 0.04574584 0.8237305 0.04574584 0.8237305 0.07989501 0.8237305 0.07891845 0.8270264 0.07989501 0.7143555 0.07989501 0.8237305 0.04574584 0.8237305 0.04574584 0.8237305 0.04574584 0.7143555 0.07989501 0.7143555 0.07989501 0.7143555 0.04574584 0.7143555 0.04669189 0.7111817 0.04669189 0.7111817 0.07891845 0.7111817 0.07989501 0.7143555 0.1085815 0.8060303 0.08245849 0.8258057 0.07989501 0.8237305 0.07989501 0.8237305 0.1074829 0.8028565 0.1085815 0.8060303 0.1074829 0.7353516 0.1074829 0.8028565 0.07989501 0.8237305 0.07989501 0.8237305 0.07989501 0.7143555 0.1074829 0.7353516 0.1074829 0.7353516 0.07989501 0.7143555 0.08245849 0.7124024 0.08245849 0.7124024 0.1085815 0.7321777 0.1074829 0.7353516 0.1207275 0.7709961 0.1107177 0.8029785 0.1074829 0.8028565 0.1074829 0.8028565 0.1180419 0.769043 0.1207275 0.7709961 0.1180419 0.769043 0.1074829 0.8028565 0.1074829 0.7353516 0.1180419 0.769043 0.1074829 0.7353516 0.1107177 0.7353516 0.1107177 0.7353516 0.1207275 0.7670899 0.1180419 0.769043 0.09448242 0.8937988 0.1159667 0.8937988 0.1159667 0.9248047 0.1159667 0.9248047 0.09448242 0.9248047 0.09448242 0.8937988 0.07299804 0.8937988 0.09448242 0.8937988 0.09448242 0.9248047 0.09448242 0.9248047 0.07299804 0.9248047 0.07299804 0.8937988 0.05151367 0.8937988 0.07299804 0.8937988 0.07299804 0.9248047 0.07299804 0.9248047 0.05151367 0.9248047 0.05151367 0.8937988 0.03004455 0.8937988 0.05151367 0.8937988 0.05151367 0.9248047 0.05151367 0.9248047 0.03004455 0.9248047 0.03004455 0.8937988 0.00856781 0.8937988 0.03004455 0.8937988 0.03004455 0.9248047 0.03004455 0.9248047 0.00856781 0.9248047 0.00856781 0.8937988 0.187622 0.5332031 0.2441406 0.5332031 0.2526856 0.5202637 0.2441406 0.5332031 0.187622 0.5332031 0.2005615 0.5419922 0.2005615 0.5419922 0.2310791 0.5419922 0.2441406 0.5332031 0.2005615 0.5419922 0.2158203 0.5449219 0.2310791 0.5419922 0.2310791 0.4682617 0.2158203 0.465332 0.2005615 0.4682617 0.2310791 0.4682617 0.2005615 0.4682617 0.187622 0.4770508 0.187622 0.4770508 0.2441406 0.4770508 0.2310791 0.4682617 0.2441406 0.4770508 0.187622 0.4770508 0.178955 0.4897461 0.178955 0.4897461 0.2526856 0.4897461 0.2441406 0.4770508 0.2526856 0.4897461 0.178955 0.4897461 0.1759033 0.505127 0.1759033 0.505127 0.2556152 0.505127 0.2526856 0.4897461 0.2556152 0.505127 0.1759033 0.505127 0.178955 0.5202637 0.178955 0.5202637 0.2526856 0.5202637 0.2556152 0.505127 0.2526856 0.5202637 0.178955 0.5202637 0.187622 0.5332031 0.8447266 0.5898438 0.8237305 0.5898438 0.8237305 0.607666 0.8237305 0.607666 0.8447266 0.607666 0.8447266 0.5898438 0.8447266 0.607666 0.8237305 0.607666 0.8237305 0.6213379 0.8237305 0.6213379 0.8447266 0.6213379 0.8447266 0.607666 0.8447266 0.6213379 0.8237305 0.6213379 0.8237305 0.6435547 0.8237305 0.6435547 0.8447266 0.6435547 0.8447266 0.6213379 0.8447266 0.6435547 0.8237305 0.6435547 0.8237305 0.6748047 0.8237305 0.6748047 0.8447266 0.6748047 0.8447266 0.6435547 0.8447266 0.685791 0.8447266 0.6748047 0.8237305 0.6748047 0.8237305 0.6748047 0.8237305 0.685791 0.8447266 0.685791 0.2746582 0.3754883 0.2617188 0.3754883 0.2617188 0.3457031 0.2617188 0.3457031 0.2746582 0.3457031 0.2746582 0.3754883 0.2875977 0.3754883 0.2746582 0.3754883 0.2746582 0.3457031 0.2746582 0.3457031 0.2875977 0.3457031 0.2875977 0.3754883 0.3005371 0.3754883 0.2875977 0.3754883 0.2875977 0.3457031 0.2875977 0.3457031 0.3005371 0.3457031 0.3005371 0.3754883 0.3134766 0.3754883 0.3005371 0.3754883 0.3005371 0.3457031 0.3005371 0.3457031 0.3134766 0.3457031 0.3134766 0.3754883 0.326416 0.3754883 0.3134766 0.3754883 0.3134766 0.3457031 0.3134766 0.3457031 0.326416 0.3457031 0.326416 0.3754883 0.3393555 0.3754883 0.326416 0.3754883 0.326416 0.3457031 0.326416 0.3457031 0.3393555 0.3457031 0.3393555 0.3754883 0.2099609 0.3754883 0.1970214 0.3754883 0.1970214 0.3457031 0.1970214 0.3457031 0.2099609 0.3457031 0.2099609 0.3754883 0.2229003 0.3754883 0.2099609 0.3754883 0.2099609 0.3457031 0.2099609 0.3457031 0.2229003 0.3457031 0.2229003 0.3754883 0.2358398 0.3754883 0.2229003 0.3754883 0.2229003 0.3457031 0.2229003 0.3457031 0.2358398 0.3457031 0.2358398 0.3754883 0.2487792 0.3754883 0.2358398 0.3754883 0.2358398 0.3457031 0.2358398 0.3457031 0.2487792 0.3457031 0.2487792 0.3754883 0.2617188 0.3754883 0.2487792 0.3754883 0.2487792 0.3457031 0.2487792 0.3457031 0.2617188 0.3457031 0.2617188 0.3754883 0.1452636 0.3754883 0.1323242 0.3754883 0.1323242 0.3457031 0.1323242 0.3457031 0.1452636 0.3457031 0.1452636 0.3754883 0.1582031 0.3754883 0.1452636 0.3754883 0.1452636 0.3457031 0.1452636 0.3457031 0.1582031 0.3457031 0.1582031 0.3754883 0.1711425 0.3754883 0.1582031 0.3754883 0.1582031 0.3457031 0.1582031 0.3457031 0.1711425 0.3457031 0.1711425 0.3754883 0.184082 0.3754883 0.1711425 0.3754883 0.1711425 0.3457031 0.1711425 0.3457031 0.184082 0.3457031 0.184082 0.3754883 0.1970214 0.3754883 0.184082 0.3754883 0.184082 0.3457031 0.184082 0.3457031 0.1970214 0.3457031 0.1970214 0.3754883 0.8447266 0.8115234 0.8447266 0.8397217 0.8237305 0.8397217 0.8237305 0.8397217 0.8237305 0.8115234 0.8447266 0.8115234 0.8447266 0.7811279 0.8447266 0.8115234 0.8237305 0.8115234 0.8237305 0.8115234 0.8237305 0.7811279 0.8447266 0.7811279 0.8447266 0.7631836 0.8447266 0.7811279 0.8237305 0.7811279 0.8237305 0.7811279 0.8237305 0.7631836 0.8447266 0.7631836 0.8447266 0.7631836 0.8237305 0.7631836 0.8237305 0.7524414 0.8237305 0.7524414 0.8447266 0.7524414 0.8447266 0.7631836 0.8447266 0.7524414 0.8237305 0.7524414 0.8237305 0.7214356 0.8237305 0.7214356 0.8447266 0.7214356 0.8447266 0.7524414 0.8447266 0.7214356 0.8237305 0.7214356 0.8237305 0.685791 0.8237305 0.685791 0.8447266 0.685791 0.8447266 0.7214356 0.8447266 0.685791 0.8237305 0.685791 0.8237305 0.6748047 0.8237305 0.6748047 0.8447266 0.6748047 0.8447266 0.685791 0.8447266 0.6435547 0.8447266 0.6748047 0.8237305 0.6748047 0.8237305 0.6748047 0.8237305 0.6435547 0.8447266 0.6435547 0.8447266 0.6213379 0.8447266 0.6435547 0.8237305 0.6435547 0.8237305 0.6435547 0.8237305 0.6213379 0.8447266 0.6213379 0.8447266 0.607666 0.8447266 0.6213379 0.8237305 0.6213379 0.8237305 0.6213379 0.8237305 0.607666 0.8447266 0.607666 0.8447266 0.5898438 0.8447266 0.607666 0.8237305 0.607666 0.8237305 0.607666 0.8237305 0.5898438 0.8447266 0.5898438 0.06118774 0.9832153 0.05111694 0.9832153 0.05111694 0.9326172 0.05111694 0.9326172 0.06118774 0.9326172 0.06118774 0.9832153 0.06118774 0.9832153 0.06118774 0.9326172 0.07757568 0.9326172 0.07757568 0.9326172 0.07757568 0.9832153 0.06118774 0.9832153 0.3205567 0.2368164 0.2668457 0.2368164 0.2668457 0.2460937 0.2668457 0.2460937 0.3205567 0.2460937 0.3205567 0.2368164 0.3149414 0.2734375 0.3205567 0.2460937 0.2668457 0.2460937 0.2668457 0.2460937 0.2617188 0.2558594 0.3149414 0.2734375 0.2990723 0.2963867 0.3149414 0.2734375 0.2617188 0.2558594 0.2617188 0.2558594 0.2493896 0.2626953 0.2990723 0.2963867 0.2753906 0.3120117 0.2990723 0.2963867 0.2493896 0.2626953 0.2753906 0.3120117 0.2493896 0.2626953 0.2475585 0.3173828 0.1252441 0.1855468 0.1790771 0.1855468 0.1790771 0.1943359 0.1790771 0.1943359 0.1252441 0.1943359 0.1252441 0.1855468 0.1252441 0.1943359 0.1790771 0.1943359 0.1734619 0.2216796 0.1734619 0.2216796 0.1201782 0.2045898 0.1252441 0.1943359 0.1201782 0.2045898 0.1734619 0.2216796 0.1575927 0.2451171 0.1575927 0.2451171 0.107727 0.2114257 0.1201782 0.2045898 0.1339111 0.2602539 0.107727 0.2114257 0.1575927 0.2451171 0.1339111 0.2602539 0.105957 0.265625 0.107727 0.2114257 0.3425293 0.1904296 0.3425293 0.2485351 0.3493652 0.2485351 0.3493652 0.2485351 0.3493652 0.1904296 0.3425293 0.1904296 0.3493652 0.1904296 0.3493652 0.2485351 0.355957 0.2485351 0.355957 0.2485351 0.355957 0.1904296 0.3493652 0.1904296 0.355957 0.1904296 0.355957 0.2485351 0.362793 0.2485351 0.362793 0.2485351 0.362793 0.1904296 0.355957 0.1904296 0.362793 0.1904296 0.362793 0.2485351 0.3696289 0.2485351 0.3696289 0.2485351 0.3696289 0.1904296 0.362793 0.1904296 0.3696289 0.1904296 0.3696289 0.2485351 0.3762207 0.2485351 0.3762207 0.2485351 0.3762207 0.1904296 0.3696289 0.1904296 0.3762207 0.1904296 0.3762207 0.2485351 0.3830567 0.2485351 0.3830567 0.2485351 0.3830567 0.1904296 0.3762207 0.1904296 0.9106445 0.8356934 0.9125977 0.8466797 0.9189453 0.8531494 0.9189453 0.8531494 0.9296875 0.8552246 0.9106445 0.8356934 0.9106445 0.817749 0.9106445 0.8356934 0.9296875 0.8552246 0.9296875 0.8552246 0.9487305 0.8552246 0.9106445 0.817749 0.9487305 0.8552246 0.9487305 0.817749 0.9106445 0.817749 0.9106445 0.6022949 0.9106445 0.817749 0.9487305 0.817749 0.9487305 0.817749 0.9487305 0.6022949 0.9106445 0.6022949 0.9487305 0.6022949 0.9487305 0.5588379 0.9106445 0.6022949 0.9106445 0.6022949 0.9487305 0.5588379 0.9296875 0.5588379 0.9296875 0.5588379 0.9106445 0.581543 0.9106445 0.6022949 0.9125977 0.5688477 0.9106445 0.581543 0.9296875 0.5588379 0.9296875 0.5588379 0.9189453 0.5612793 0.9125977 0.5688477 0.996582 0.06298828 0.996582 0.1083984 0.9316406 0.1083984 0.9316406 0.1083984 0.9316406 0.06298828 0.996582 0.06298828 0.996582 0.06298828 0.9316406 0.06298828 0.9296875 0.05859375 0.9296875 0.05859375 0.9980469 0.05859375 0.996582 0.06298828 0.9980469 0.05859375 0.9296875 0.05859375 0.9316406 0.0546875 0.9316406 0.0546875 0.996582 0.0546875 0.9980469 0.05859375 0.996582 0.0078125 0.996582 0.0546875 0.9316406 0.0546875 0.9316406 0.0546875 0.9316406 0.0078125 0.996582 0.0078125 0.996582 0.0078125 0.9316406 0.0078125 0.9296875 0.00390625 0.9296875 0.00390625 0.9980469 0.00390625 0.996582 0.0078125 0.996582 0.168457 0.9316406 0.168457 0.9296875 0.1640625 0.9296875 0.1640625 0.9980469 0.1640625 0.996582 0.168457 0.9980469 0.1640625 0.9296875 0.1640625 0.9316406 0.1601562 0.9316406 0.1601562 0.996582 0.1601562 0.9980469 0.1640625 0.996582 0.1157226 0.996582 0.1601562 0.9316406 0.1601562 0.9316406 0.1601562 0.9316406 0.1157226 0.996582 0.1157226 0.996582 0.1157226 0.9316406 0.1157226 0.9296875 0.1118164 0.9296875 0.1118164 0.9980469 0.1118164 0.996582 0.1157226 0.9980469 0.1118164 0.9296875 0.1118164 0.9316406 0.1083984 0.9316406 0.1083984 0.996582 0.1083984 0.9980469 0.1118164 0.8769531 0.4594727 0.8725586 0.5852051 0.8579102 0.5852051 0.8579102 0.5852051 0.8608399 0.4492188 0.8769531 0.4594727 0.8476563 0.4501953 0.8608399 0.4492188 0.8579102 0.5852051 0.8579102 0.5852051 0.8500977 0.5852051 0.8476563 0.4501953 0.8476563 0.4501953 0.8500977 0.5852051 0.8212891 0.5852051 0.8212891 0.5852051 0.8203125 0.4501953 0.8476563 0.4501953 0.8193359 0.4506836 0.8203125 0.4501953 0.8212891 0.5852051 0.8212891 0.5852051 0.8198242 0.5852051 0.8193359 0.4506836 0.8168945 0.4506836 0.8193359 0.4506836 0.8198242 0.5852051 0.8198242 0.5852051 0.8178711 0.5852051 0.8168945 0.4506836 0.996582 0.3320313 0.996582 0.3774414 0.9316406 0.3774414 0.9316406 0.3774414 0.9316406 0.3320313 0.996582 0.3320313 0.996582 0.3320313 0.9316406 0.3320313 0.9296875 0.328125 0.9296875 0.328125 0.9980469 0.328125 0.996582 0.3320313 0.9980469 0.328125 0.9296875 0.328125 0.9316406 0.3237305 0.9316406 0.3237305 0.996582 0.3237305 0.9980469 0.328125 0.996582 0.2763672 0.996582 0.3237305 0.9316406 0.3237305 0.9316406 0.3237305 0.9316406 0.2763672 0.996582 0.2763672 0.996582 0.2763672 0.9316406 0.2763672 0.9296875 0.2724609 0.9296875 0.2724609 0.9980469 0.2724609 0.996582 0.2763672 0.9980469 0.2724609 0.9296875 0.2724609 0.9316406 0.269043 0.9316406 0.269043 0.996582 0.269043 0.9980469 0.2724609 0.996582 0.2216796 0.996582 0.269043 0.9316406 0.269043 0.9316406 0.269043 0.9316406 0.2216796 0.996582 0.2216796 0.996582 0.2216796 0.9316406 0.2216796 0.9296875 0.2177734 0.9296875 0.2177734 0.9980469 0.2177734 0.996582 0.2216796 0.9980469 0.2177734 0.9296875 0.2177734 0.9316406 0.2138671 0.9316406 0.2138671 0.996582 0.2138671 0.9980469 0.2177734 0.996582 0.168457 0.996582 0.2138671 0.9316406 0.2138671 0.9316406 0.2138671 0.9316406 0.168457 0.996582 0.168457 0.996582 0.06298828 0.996582 0.1083984 0.9316406 0.1083984 0.9316406 0.1083984 0.9316406 0.06298828 0.996582 0.06298828 0.996582 0.06298828 0.9316406 0.06298828 0.9296875 0.05859375 0.9296875 0.05859375 0.9980469 0.05859375 0.996582 0.06298828 0.9980469 0.05859375 0.9296875 0.05859375 0.9316406 0.0546875 0.9316406 0.0546875 0.996582 0.0546875 0.9980469 0.05859375 0.996582 0.0078125 0.996582 0.0546875 0.9316406 0.0546875 0.9316406 0.0546875 0.9316406 0.0078125 0.996582 0.0078125 0.996582 0.0078125 0.9316406 0.0078125 0.9296875 0.00390625 0.9296875 0.00390625 0.9980469 0.00390625 0.996582 0.0078125 0.996582 0.168457 0.9316406 0.168457 0.9296875 0.1640625 0.9296875 0.1640625 0.9980469 0.1640625 0.996582 0.168457 0.9980469 0.1640625 0.9296875 0.1640625 0.9316406 0.1601562 0.9316406 0.1601562 0.996582 0.1601562 0.9980469 0.1640625 0.996582 0.1157226 0.996582 0.1601562 0.9316406 0.1601562 0.9316406 0.1601562 0.9316406 0.1157226 0.996582 0.1157226 0.996582 0.1157226 0.9316406 0.1157226 0.9296875 0.1118164 0.9296875 0.1118164 0.9980469 0.1118164 0.996582 0.1157226 0.9980469 0.1118164 0.9296875 0.1118164 0.9316406 0.1083984 0.9316406 0.1083984 0.996582 0.1083984 0.9980469 0.1118164 0.3039551 0.09179687 0.3220215 0.04980468 0.310791 0.04394531 0.310791 0.04394531 0.2888184 0.08398437 0.3039551 0.09179687 0.2888184 0.08398437 0.310791 0.04394531 0.3005371 0.03759765 0.3005371 0.03759765 0.2746582 0.07519531 0.2888184 0.08398437 0.3864746 0.1049804 0.3820801 0.05908203 0.3698731 0.06005859 0.3698731 0.06005859 0.3696289 0.1054687 0.3864746 0.1049804 0.3696289 0.1054687 0.3698731 0.06005859 0.3574219 0.05908203 0.3574219 0.05908203 0.3527832 0.1044921 0.3696289 0.1054687 0.3527832 0.1044921 0.3574219 0.05908203 0.345459 0.0571289 0.345459 0.0571289 0.3361817 0.1020507 0.3527832 0.1044921 0.3361817 0.1020507 0.345459 0.0571289 0.3334961 0.05419921 0.3334961 0.05419921 0.3198242 0.09765625 0.3361817 0.1020507 0.3198242 0.09765625 0.3334961 0.05419921 0.3220215 0.04980468 0.3220215 0.04980468 0.3039551 0.09179687 0.3198242 0.09765625 0.4648438 0.07568359 0.4394531 0.03808593 0.4289551 0.04443359 0.4289551 0.04443359 0.4504395 0.08496093 0.4648438 0.07568359 0.4504395 0.08496093 0.4289551 0.04443359 0.4177246 0.05029296 0.4177246 0.05029296 0.4353027 0.09228515 0.4504395 0.08496093 0.4353027 0.09228515 0.4177246 0.05029296 0.40625 0.05419921 0.40625 0.05419921 0.4194336 0.09814453 0.4353027 0.09228515 0.4194336 0.09814453 0.40625 0.05419921 0.3942871 0.05761718 0.3942871 0.05761718 0.4030762 0.102539 0.4194336 0.09814453 0.4030762 0.102539 0.3942871 0.05761718 0.3820801 0.05908203 0.3820801 0.05908203 0.3864746 0.1049804 0.4030762 0.102539 0.4638672 0.08642578 0.4985352 0.1376953 0.4790039 0.1499023 0.4790039 0.1499023 0.449707 0.09521484 0.4638672 0.08642578 0.449707 0.09521484 0.4790039 0.1499023 0.4584961 0.1596679 0.4584961 0.1596679 0.4345703 0.102539 0.449707 0.09521484 0.4345703 0.102539 0.4584961 0.1596679 0.4370117 0.1679687 0.4370117 0.1679687 0.4189453 0.1083984 0.4345703 0.102539 0.4189453 0.1083984 0.4370117 0.1679687 0.4147949 0.1733398 0.4147949 0.1733398 0.402832 0.1127929 0.4189453 0.1083984 0.402832 0.1127929 0.4147949 0.1733398 0.392334 0.1767578 0.392334 0.1767578 0.3862305 0.1152343 0.402832 0.1127929 0.07360839 0.6484375 0.07360839 0.6989746 0.0592041 0.6989746 0.0592041 0.6989746 0.0592041 0.6484375 0.07360839 0.6484375 0.04907226 0.6484375 0.0592041 0.6484375 0.0592041 0.6989746 0.0592041 0.6989746 0.04907226 0.6989746 0.04907226 0.6484375 0.03991699 0.6469727 0.04907226 0.6484375 0.04907226 0.6989746 0.04907226 0.6989746 0.03991699 0.6975098 0.03991699 0.6469727 0.02757263 0.6452637 0.03991699 0.6469727 0.03991699 0.6975098 0.03991699 0.6975098 0.02757263 0.6958008 0.02757263 0.6452637 0.02757263 0.6452637 0.02757263 0.6958008 0.005226135 0.6958008 0.005226135 0.6958008 0.005226135 0.6452637 0.02757263 0.6452637 0.996582 0.3320313 0.996582 0.3774414 0.9316406 0.3774414 0.9316406 0.3774414 0.9316406 0.3320313 0.996582 0.3320313 0.996582 0.3320313 0.9316406 0.3320313 0.9296875 0.328125 0.9296875 0.328125 0.9980469 0.328125 0.996582 0.3320313 0.9980469 0.328125 0.9296875 0.328125 0.9316406 0.3237305 0.9316406 0.3237305 0.996582 0.3237305 0.9980469 0.328125 0.996582 0.2763672 0.996582 0.3237305 0.9316406 0.3237305 0.9316406 0.3237305 0.9316406 0.2763672 0.996582 0.2763672 0.996582 0.2763672 0.9316406 0.2763672 0.9296875 0.2724609 0.9296875 0.2724609 0.9980469 0.2724609 0.996582 0.2763672 0.9980469 0.2724609 0.9296875 0.2724609 0.9316406 0.269043 0.9316406 0.269043 0.996582 0.269043 0.9980469 0.2724609 0.996582 0.2216796 0.996582 0.269043 0.9316406 0.269043 0.9316406 0.269043 0.9316406 0.2216796 0.996582 0.2216796 0.996582 0.2216796 0.9316406 0.2216796 0.9296875 0.2177734 0.9296875 0.2177734 0.9980469 0.2177734 0.996582 0.2216796 0.9980469 0.2177734 0.9296875 0.2177734 0.9316406 0.2138671 0.9316406 0.2138671 0.996582 0.2138671 0.9980469 0.2177734 0.996582 0.168457 0.996582 0.2138671 0.9316406 0.2138671 0.9316406 0.2138671 0.9316406 0.168457 0.996582 0.168457 0.9980469 0.5375977 0.9296875 0.5375977 0.9316406 0.5339356 0.9316406 0.5339356 0.996582 0.5339356 0.9980469 0.5375977 0.996582 0.4868164 0.996582 0.5339356 0.9316406 0.5339356 0.9316406 0.5339356 0.9316406 0.4868164 0.996582 0.4868164 0.996582 0.4868164 0.9316406 0.4868164 0.9296875 0.4829102 0.9296875 0.4829102 0.9980469 0.4829102 0.996582 0.4868164 0.9980469 0.4829102 0.9296875 0.4829102 0.9316406 0.4799805 0.9316406 0.4799805 0.996582 0.4799805 0.9980469 0.4829102 0.996582 0.4345703 0.996582 0.4799805 0.9316406 0.4799805 0.9316406 0.4799805 0.9316406 0.4345703 0.996582 0.4345703 0.996582 0.4345703 0.9316406 0.4345703 0.9296875 0.4311524 0.9296875 0.4311524 0.9980469 0.4311524 0.996582 0.4345703 0.9980469 0.4311524 0.9296875 0.4311524 0.9316406 0.4277344 0.9316406 0.4277344 0.996582 0.4277344 0.9980469 0.4311524 0.996582 0.3837891 0.996582 0.4277344 0.9316406 0.4277344 0.9316406 0.4277344 0.9316406 0.3837891 0.996582 0.3837891 0.996582 0.3837891 0.9316406 0.3837891 0.9296875 0.3803711 0.9296875 0.3803711 0.9980469 0.3803711 0.996582 0.3837891 0.9980469 0.3803711 0.9296875 0.3803711 0.9316406 0.3774414 0.9316406 0.3774414 0.996582 0.3774414 0.9980469 0.3803711 0.3459473 0.005371093 0.3459473 0.03027343 0.3654785 0.03027343 0.3654785 0.03027343 0.3654785 0.005371093 0.3459473 0.005371093 0.3654785 0.005371093 0.3654785 0.03027343 0.3847656 0.03027343 0.3847656 0.03027343 0.3847656 0.005371093 0.3654785 0.005371093 0.3847656 0.005371093 0.3847656 0.03027343 0.4030762 0.03027343 0.4030762 0.03027343 0.4030762 0.005371093 0.3847656 0.005371093 0.4030762 0.005371093 0.4030762 0.03027343 0.4208984 0.03027343 0.4208984 0.03027343 0.4208984 0.005371093 0.4030762 0.005371093 0.4208984 0.005371093 0.4208984 0.03027343 0.4377442 0.03027343 0.4377442 0.03027343 0.4377442 0.005371093 0.4208984 0.005371093 0.4377442 0.005371093 0.4377442 0.03027343 0.484375 0.03027343 0.484375 0.03027343 0.484375 0.005371093 0.4377442 0.005371093 0.2497558 0.005371093 0.2497558 0.03027343 0.2680664 0.03027343 0.2680664 0.03027343 0.2680664 0.005371093 0.2497558 0.005371093 0.2680664 0.005371093 0.2680664 0.03027343 0.2871094 0.03027343 0.2871094 0.03027343 0.2871094 0.005371093 0.2680664 0.005371093 0.2871094 0.005371093 0.2871094 0.03027343 0.3066406 0.03027343 0.3066406 0.03027343 0.3066406 0.005371093 0.2871094 0.005371093 0.3066406 0.005371093 0.3066406 0.03027343 0.326416 0.03027343 0.326416 0.03027343 0.326416 0.005371093 0.3066406 0.005371093 0.326416 0.005371093 0.326416 0.03027343 0.3459473 0.03027343 0.3459473 0.03027343 0.3459473 0.005371093 0.326416 0.005371093 0.1436767 0.005371093 0.1436767 0.03027343 0.1564941 0.03027343 0.1564941 0.03027343 0.1564941 0.005371093 0.1436767 0.005371093 0.1564941 0.005371093 0.1564941 0.03027343 0.1687011 0.03027343 0.1687011 0.03027343 0.1687011 0.005371093 0.1564941 0.005371093 0.2154541 0.005371093 0.1687011 0.005371093 0.1687011 0.03027343 0.1687011 0.03027343 0.2154541 0.03027343 0.2154541 0.005371093 0.2154541 0.005371093 0.2154541 0.03027343 0.2320556 0.03027343 0.2320556 0.03027343 0.2320556 0.005371093 0.2154541 0.005371093 0.2320556 0.005371093 0.2320556 0.03027343 0.2497558 0.03027343 0.2497558 0.03027343 0.2497558 0.005371093 0.2320556 0.005371093 0.07330322 0.005371093 0.07330322 0.03027343 0.08770751 0.03027343 0.08770751 0.03027343 0.08770751 0.005371093 0.07330322 0.005371093 0.08770751 0.005371093 0.08770751 0.03027343 0.1020507 0.03027343 0.1020507 0.03027343 0.1020507 0.005371093 0.08770751 0.005371093 0.1020507 0.005371093 0.1020507 0.03027343 0.1162719 0.03027343 0.1162719 0.03027343 0.1162719 0.005371093 0.1020507 0.005371093 0.1162719 0.005371093 0.1162719 0.03027343 0.1301269 0.03027343 0.1301269 0.03027343 0.1301269 0.005371093 0.1162719 0.005371093 0.1301269 0.005371093 0.1301269 0.03027343 0.1436767 0.03027343 0.1436767 0.03027343 0.1436767 0.005371093 0.1301269 0.005371093 0.006435394 0.005371093 0.006435394 0.03027343 0.01869201 0.03027343 0.01869201 0.03027343 0.01869201 0.005371093 0.006435394 0.005371093 0.01869201 0.005371093 0.01869201 0.03027343 0.03164672 0.03027343 0.03164672 0.03027343 0.03164672 0.005371093 0.01869201 0.005371093 0.03164672 0.005371093 0.03164672 0.03027343 0.04516601 0.03027343 0.04516601 0.03027343 0.04516601 0.005371093 0.03164672 0.005371093 0.04516601 0.005371093 0.04516601 0.03027343 0.05911254 0.03027343 0.05911254 0.03027343 0.05911254 0.005371093 0.04516601 0.005371093 0.05911254 0.005371093 0.05911254 0.03027343 0.07330322 0.03027343 0.07330322 0.03027343 0.07330322 0.005371093 0.05911254 0.005371093 0.996582 0.4345703 0.9316406 0.4345703 0.9296875 0.4311524 0.9296875 0.4311524 0.9980469 0.4311524 0.996582 0.4345703 0.9980469 0.4311524 0.9296875 0.4311524 0.9316406 0.4277344 0.9316406 0.4277344 0.996582 0.4277344 0.9980469 0.4311524 0.996582 0.3837891 0.996582 0.4277344 0.9316406 0.4277344 0.9316406 0.4277344 0.9316406 0.3837891 0.996582 0.3837891 0.996582 0.3837891 0.9316406 0.3837891 0.9296875 0.3803711 0.9296875 0.3803711 0.9980469 0.3803711 0.996582 0.3837891 0.9980469 0.3803711 0.9296875 0.3803711 0.9316406 0.3774414 0.9316406 0.3774414 0.996582 0.3774414 0.9980469 0.3803711 0.9980469 0.5375977 0.9296875 0.5375977 0.9316406 0.5339356 0.9316406 0.5339356 0.996582 0.5339356 0.9980469 0.5375977 0.996582 0.4868164 0.996582 0.5339356 0.9316406 0.5339356 0.9316406 0.5339356 0.9316406 0.4868164 0.996582 0.4868164 0.996582 0.4868164 0.9316406 0.4868164 0.9296875 0.4829102 0.9296875 0.4829102 0.9980469 0.4829102 0.996582 0.4868164 0.9980469 0.4829102 0.9296875 0.4829102 0.9316406 0.4799805 0.9316406 0.4799805 0.996582 0.4799805 0.9980469 0.4829102 0.996582 0.4345703 0.996582 0.4799805 0.9316406 0.4799805 0.9316406 0.4799805 0.9316406 0.4345703 0.996582 0.4345703</float_array>
          <technique_common>
            <accessor source="#Skel_SlotMachine-mesh-map-0-array" count="4365" stride="2">
              <param name="S" type="float"/>
              <param name="T" type="float"/>
            </accessor>
          </technique_common>
        </source>
        <source id="Skel_SlotMachine-mesh-colors-Col" name="Col">
          <float_array id="Skel_SlotMachine-mesh-colors-Col-array" count="17460">1 1 1 1 1 1 1 1 1 1 1 1 1 1 1 1 1 1 1 1 1 1 1 1 1 1 1 1 1 1 1 1 1 1 1 1 1 1 1 1 1 1 1 1 1 1 1 1 1 1 1 1 1 1 1 1 1 1 1 1 1 1 1 1 1 1 1 1 1 1 1 1 1 1 1 1 1 1 1 1 1 1 1 1 1 1 1 1 1 1 1 1 1 1 1 1 1 1 1 1 1 1 1 1 1 1 1 1 1 1 1 1 1 1 1 1 1 1 1 1 1 1 1 1 1 1 1 1 1 1 1 1 1 1 1 1 1 1 1 1 1 1 1 1 1 1 1 1 1 1 1 1 1 1 1 1 1 1 1 1 1 1 1 1 1 1 1 1 1 1 1 1 1 1 1 1 1 1 1 1 1 1 1 1 1 1 1 1 1 1 1 1 1 1 1 1 1 1 1 1 1 1 1 1 1 1 1 1 1 1 1 1 1 1 1 1 1 1 1 1 1 1 1 1 1 1 1 1 1 1 1 1 1 1 1 1 1 1 1 1 1 1 1 1 1 1 1 1 1 1 1 1 1 1 1 1 1 1 1 1 1 1 1 1 1 1 1 1 1 1 1 1 1 1 1 1 1 1 1 1 1 1 1 1 1 1 1 1 1 1 1 1 1 1 1 1 1 1 1 1 1 1 1 1 1 1 1 1 1 1 1 1 1 1 1 1 1 1 1 1 1 1 1 1 1 1 1 1 1 1 1 1 1 1 1 1 1 1 1 1 1 1 1 1 1 1 1 1 1 1 1 1 1 1 1 1 1 1 1 1 1 1 1 1 1 1 1 1 1 1 1 1 1 1 1 1 1 1 1 1 1 1 1 1 1 1 1 1 1 1 1 1 1 1 1 1 1 1 1 1 1 1 1 1 1 1 1 1 1 1 1 1 1 1 1 1 1 1 1 1 1 1 1 1 1 1 1 1 1 1 1 1 1 1 1 1 1 1 1 1 1 1 1 1 1 1 1 1 1 1 1 1 1 1 1 1 1 1 1 1 1 1 1 1 1 1 1 1 1 1 1 1 1 1 1 1 1 1 1 1 1 1 1 1 1 1 1 1 1 1 1 1 1 1 1 1 1 1 1 1 1 1 1 1 1 1 1 1 1 1 1 1 1 1 1 1 1 1 1 1 1 1 1 1 1 1 1 1 1 1 1 1 1 1 1 1 1 1 1 1 1 1 1 1 1 1 1 1 1 1 1 1 1 1 1 1 1 1 1 1 1 1 1 1 1 1 1 1 1 1 1 1 1 1 1 1 1 1 1 1 1 1 1 1 1 1 1 1 1 1 1 1 1 1 1 1 1 1 1 1 1 1 1 1 1 1 1 1 1 1 1 1 1 1 1 1 1 1 1 1 1 1 1 1 1 1 1 1 1 1 1 1 1 1 1 1 1 1 1 1 1 1 1 1 1 1 1 1 1 1 1 1 1 1 1 1 1 1 1 1 1 1 1 1 1 1 1 1 1 1 1 1 1 1 1 1 1 1 1 1 1 1 1 1 1 1 1 1 1 1 1 1 1 1 1 1 1 1 1 1 1 1 1 1 1 1 1 1 1 1 1 1 1 1 1 1 1 1 1 1 1 1 1 1 1 1 1 1 1 1 1 1 1 1 1 1 1 1 1 1 1 1 1 1 1 1 1 1 1 1 1 1 1 1 1 1 1 1 1 1 1 1 1 1 1 1 1 1 1 1 1 1 1 1 1 1 1 1 1 1 1 1 1 1 1 1 1 1 1 1 1 1 1 1 1 1 1 1 1 1 1 1 1 1 1 1 1 1 1 1 1 1 1 1 1 1 1 1 1 1 1 1 1 1 1 1 1 1 1 1 1 1 1 1 1 1 1 1 1 1 1 1 1 1 1 1 1 1 1 1 1 1 1 1 1 1 1 1 1 1 1 1 1 1 1 1 1 1 1 1 1 1 1 1 1 1 1 1 1 1 1 1 1 1 1 1 1 1 1 1 1 1 1 1 1 1 1 1 1 1 1 1 1 1 1 1 1 1 1 1 1 1 1 1 1 1 1 1 1 1 1 1 1 1 1 1 1 1 1 1 1 1 1 1 1 1 1 1 1 1 1 1 1 1 1 1 1 1 1 1 1 1 1 1 1 1 1 1 1 1 1 1 1 1 1 1 1 1 1 1 1 1 1 1 1 1 1 1 1 1 1 1 1 1 1 1 1 1 1 1 1 1 1 1 1 1 1 1 1 1 1 1 1 1 1 1 1 1 1 1 1 1 1 1 1 1 1 1 1 1 1 1 1 1 1 1 1 1 1 1 1 1 1 1 1 1 1 1 1 1 1 1 1 1 1 1 1 1 1 1 1 1 1 1 1 1 1 1 1 1 1 1 1 1 1 1 1 1 1 1 1 1 1 1 1 1 1 1 1 1 1 1 1 1 1 1 1 1 1 1 1 1 1 1 1 1 1 1 1 1 1 1 1 1 1 1 1 1 1 1 1 1 1 1 1 1 1 1 1 1 1 1 1 1 1 1 1 1 1 1 1 1 1 1 1 1 1 1 1 1 1 1 1 1 1 1 1 1 1 1 1 1 1 1 1 1 1 1 1 1 1 1 1 1 1 1 1 1 1 1 1 1 1 1 1 1 1 1 1 1 1 1 1 1 1 1 1 1 1 1 1 1 1 1 1 1 1 1 1 1 1 1 1 1 1 1 1 1 1 1 1 1 1 1 1 1 1 1 1 1 1 1 1 1 1 1 1 1 1 1 1 1 1 1 1 1 1 1 1 1 1 1 1 1 1 1 1 1 1 1 1 1 1 1 1 1 1 1 1 1 1 1 1 1 1 1 1 1 1 1 1 1 1 1 1 1 1 1 1 1 1 1 1 1 1 1 1 1 1 1 1 1 1 1 1 1 1 1 1 1 1 1 1 1 1 1 1 1 1 1 1 1 1 1 1 1 1 1 1 1 1 1 1 1 1 1 1 1 1 1 1 1 1 1 1 1 1 1 1 1 1 1 1 1 1 1 1 1 1 1 1 1 1 1 1 1 1 1 1 1 1 1 1 1 1 1 1 1 1 1 1 1 1 1 1 1 1 1 1 1 1 1 1 1 1 1 1 1 1 1 1 1 1 1 1 1 1 1 1 1 1 1 1 1 1 1 1 1 1 1 1 1 1 1 1 1 1 1 1 1 1 1 1 1 1 1 1 1 1 1 1 1 1 1 1 1 1 1 1 1 1 1 1 1 1 1 1 1 1 1 1 1 1 1 1 1 1 1 1 1 1 1 1 1 1 1 1 1 1 1 1 1 1 1 1 1 1 1 1 1 1 1 1 1 1 1 1 1 1 1 1 1 1 1 1 1 1 1 1 1 1 1 1 1 1 1 1 1 1 1 1 1 1 1 1 1 1 1 1 1 1 1 1 1 1 1 1 1 1 1 1 1 1 1 1 1 1 1 1 1 1 1 1 1 1 1 1 1 1 1 1 1 1 1 1 1 1 1 1 1 1 1 1 1 1 1 1 1 1 1 1 1 1 1 1 1 1 1 1 1 1 1 1 1 1 1 1 1 1 1 1 1 1 1 1 1 1 1 1 1 1 1 1 1 1 1 1 1 1 1 1 1 1 1 1 1 1 1 1 1 1 1 1 1 1 1 1 1 1 1 1 1 1 1 1 1 1 1 1 1 1 1 1 1 1 1 1 1 1 1 1 1 1 1 1 1 1 1 1 1 1 1 1 1 1 1 1 1 1 1 1 1 1 1 1 1 1 1 1 1 1 1 1 1 1 1 1 1 1 1 1 1 1 1 1 1 1 1 1 1 1 1 1 1 1 1 1 1 1 1 1 1 1 1 1 1 1 1 1 1 1 1 1 1 1 1 1 1 1 1 1 1 1 1 1 1 1 1 1 1 1 1 1 1 1 1 1 1 1 1 1 1 1 1 1 1 1 1 1 1 1 1 1 1 1 1 1 1 1 1 1 1 1 1 1 1 1 1 1 1 1 1 1 1 1 1 1 1 1 1 1 1 1 1 1 1 1 1 1 1 1 1 1 1 1 1 1 1 1 1 1 1 1 1 1 1 1 1 1 1 1 1 1 1 1 1 1 1 1 1 1 1 1 1 1 1 1 1 1 1 1 1 1 1 1 1 1 1 1 1 1 1 1 1 1 1 1 1 1 1 1 1 1 1 1 1 1 1 1 1 1 1 1 1 1 1 1 1 1 1 1 1 1 1 1 1 1 1 1 1 1 1 1 1 1 1 1 1 1 1 1 1 1 1 1 1 1 1 1 1 1 1 1 1 1 1 1 1 1 1 1 1 1 1 1 1 1 1 1 1 1 1 1 1 1 1 1 1 1 1 1 1 1 1 1 1 1 1 1 1 1 1 1 1 1 1 1 1 1 1 1 1 1 1 1 1 1 1 1 1 1 1 1 1 1 1 1 1 1 1 1 1 1 1 1 1 1 1 1 1 1 1 1 1 1 1 1 1 1 1 1 1 1 1 1 1 1 1 1 1 1 1 1 1 1 1 1 1 1 1 1 1 1 1 1 1 1 1 1 1 1 1 1 1 1 1 1 1 1 1 1 1 1 1 1 1 1 1 1 1 1 1 1 1 1 1 1 1 1 1 1 1 1 1 1 1 1 1 1 1 1 1 1 1 1 1 1 1 1 1 1 1 1 1 1 1 1 1 1 1 1 1 1 1 1 1 1 1 1 1 1 1 1 1 1 1 1 1 1 1 1 1 1 1 1 1 1 1 1 1 1 1 1 1 1 1 1 1 1 1 1 1 1 1 1 1 1 1 1 1 1 1 1 1 1 1 1 1 1 1 1 1 1 1 1 1 1 1 1 1 1 1 1 1 1 1 1 1 1 1 1 1 1 1 1 1 1 1 1 1 1 1 1 1 1 1 1 1 1 1 1 1 1 1 1 1 1 1 1 1 1 1 1 1 1 1 1 1 1 1 1 1 1 1 1 1 1 1 1 1 1 1 1 1 1 1 1 1 1 1 1 1 1 1 1 1 1 1 1 1 1 1 1 1 1 1 1 1 1 1 1 1 1 1 1 1 1 1 1 1 1 1 1 1 1 1 1 1 1 1 1 1 1 1 1 1 1 1 1 1 1 1 1 1 1 1 1 1 1 1 1 1 1 1 1 1 1 1 1 1 1 1 1 1 1 1 1 1 1 1 1 1 1 1 1 1 1 1 1 1 1 1 1 1 1 1 1 1 1 1 1 1 1 1 1 1 1 1 1 1 1 1 1 1 1 1 1 1 1 1 1 1 1 1 1 1 1 1 1 1 1 1 1 1 1 1 1 1 1 1 1 1 1 1 1 1 1 1 1 1 1 1 1 1 1 1 1 1 1 1 1 1 1 1 1 1 1 1 1 1 1 1 1 1 1 1 1 1 1 1 1 1 1 1 1 1 1 1 1 1 1 1 1 1 1 1 1 1 1 1 1 1 1 1 1 1 1 1 1 1 1 1 1 1 1 1 1 1 1 1 1 1 1 1 1 1 1 1 1 1 1 1 1 1 1 1 1 1 1 1 1 1 1 1 1 1 1 1 1 1 1 1 1 1 1 1 1 1 1 1 1 1 1 1 1 1 1 1 1 1 1 1 1 1 1 1 1 1 1 1 1 1 1 1 1 1 1 1 1 1 1 1 1 1 1 1 1 1 1 1 1 1 1 1 1 1 1 1 1 1 1 1 1 1 1 1 1 1 1 1 1 1 1 1 1 1 1 1 1 1 1 1 1 1 1 1 1 1 1 1 1 1 1 1 1 1 1 1 1 1 1 1 1 1 1 1 1 1 1 1 1 1 1 1 1 1 1 1 1 1 1 1 1 1 1 1 1 1 1 1 1 1 1 1 1 1 1 1 1 1 1 1 1 1 1 1 1 1 1 1 1 1 1 1 1 1 1 1 1 1 1 1 1 1 1 1 1 1 1 1 1 1 1 1 1 1 1 1 1 1 1 1 1 1 1 1 1 1 1 1 1 1 1 1 1 1 1 1 1 1 1 1 1 1 1 1 1 1 1 1 1 1 1 1 1 1 1 1 1 1 1 1 1 1 1 1 1 1 1 1 1 1 1 1 1 1 1 1 1 1 1 1 1 1 1 1 1 1 1 1 1 1 1 1 1 1 1 1 1 1 1 1 1 1 1 1 1 1 1 1 1 1 1 1 1 1 1 1 1 1 1 1 1 1 1 1 1 1 1 1 1 1 1 1 1 1 1 1 1 1 1 1 1 1 1 1 1 1 1 1 1 1 1 1 1 1 1 1 1 1 1 1 1 1 1 1 1 1 1 1 1 1 1 1 1 1 1 1 1 1 1 1 1 1 1 1 1 1 1 1 1 1 1 1 1 1 1 1 1 1 1 1 1 1 1 1 1 1 1 1 1 1 1 1 1 1 1 1 1 1 1 1 1 1 1 1 1 1 1 1 1 1 1 1 1 1 1 1 1 1 1 1 1 1 1 1 1 1 1 1 1 1 1 1 1 1 1 1 1 1 1 1 1 1 1 1 1 1 1 1 1 1 1 1 1 1 1 1 1 1 1 1 1 1 1 1 1 1 1 1 1 1 1 1 1 1 1 1 1 1 1 1 1 1 1 1 1 1 1 1 1 1 1 1 1 1 1 1 1 1 1 1 1 1 1 1 1 1 1 1 1 1 1 1 1 1 1 1 1 1 1 1 1 1 1 1 1 1 1 1 1 1 1 1 1 1 1 1 1 1 1 1 1 1 1 1 1 1 1 1 1 1 1 1 1 1 1 1 1 1 1 1 1 1 1 1 1 1 1 1 1 1 1 1 1 1 1 1 1 1 1 1 1 1 1 1 1 1 1 1 1 1 1 1 1 1 1 1 1 1 1 1 1 1 1 1 1 1 1 1 1 1 1 1 1 1 1 1 1 1 1 1 1 1 1 1 1 1 1 1 1 1 1 1 1 1 1 1 1 1 1 1 1 1 1 1 1 1 1 1 1 1 1 1 1 1 1 1 1 1 1 1 1 1 1 1 1 1 1 1 1 1 1 1 1 1 1 1 1 1 1 1 1 1 1 1 1 1 1 1 1 1 1 1 1 1 1 1 1 1 1 1 1 1 1 1 1 1 1 1 1 1 1 1 1 1 1 1 1 1 1 1 1 1 1 1 1 1 1 1 1 1 1 1 1 1 1 1 1 1 1 1 1 1 1 1 1 1 1 1 1 1 1 1 1 1 1 1 1 1 1 1 1 1 1 1 1 1 1 1 1 1 1 1 1 1 1 1 1 1 1 1 1 1 1 1 1 1 1 1 1 1 1 1 1 1 1 1 1 1 1 1 1 1 1 1 1 1 1 1 1 1 1 1 1 1 1 1 1 1 1 1 1 1 1 1 1 1 1 1 1 1 1 1 1 1 1 1 1 1 1 1 1 1 1 1 1 1 1 1 1 1 1 1 1 1 1 1 1 1 1 1 1 1 1 1 1 1 1 1 1 1 1 1 1 1 1 1 1 1 1 1 1 1 1 1 1 1 1 1 1 1 1 1 1 1 1 1 1 1 1 1 1 1 1 1 1 1 1 1 1 1 1 1 1 1 1 1 1 1 1 1 1 1 1 1 1 1 1 1 1 1 1 1 1 1 1 1 1 1 1 1 1 1 1 1 1 1 1 1 1 1 1 1 1 1 1 1 1 1 1 1 1 1 1 1 1 1 1 1 1 1 1 1 1 1 1 1 1 1 1 1 1 1 1 1 1 1 1 1 1 1 1 1 1 1 1 1 1 1 1 1 1 1 1 1 1 1 1 1 1 1 1 1 1 1 1 1 1 1 1 1 1 1 1 1 1 1 1 1 1 1 1 1 1 1 1 1 1 1 1 1 1 1 1 1 1 1 1 1 1 1 1 1 1 1 1 1 1 1 1 1 1 1 1 1 1 1 1 1 1 1 1 1 1 1 1 1 1 1 1 1 1 1 1 1 1 1 1 1 1 1 1 1 1 1 1 1 1 1 1 1 1 1 1 1 1 1 1 1 1 1 1 1 1 1 1 1 1 1 1 1 1 1 1 1 1 1 1 1 1 1 1 1 1 1 1 1 1 1 1 1 1 1 1 1 1 1 1 1 1 1 1 1 1 1 1 1 1 1 1 1 1 1 1 1 1 1 1 1 1 1 1 1 1 1 1 1 1 1 1 1 1 1 1 1 1 1 1 1 1 1 1 1 1 1 1 1 1 1 1 1 1 1 1 1 1 1 1 1 1 1 1 1 1 1 1 1 1 1 1 1 1 1 1 1 1 1 1 1 1 1 1 1 1 1 1 1 1 1 1 1 1 1 1 1 1 1 1 1 1 1 1 1 1 1 1 1 1 1 1 1 1 1 1 1 1 1 1 1 1 1 1 1 1 1 1 1 1 1 1 1 1 1 1 1 1 1 1 1 1 1 1 1 1 1 1 1 1 1 1 1 1 1 1 1 1 1 1 1 1 1 1 1 1 1 1 1 1 1 1 1 1 1 1 1 1 1 1 1 1 1 1 1 1 1 1 1 1 1 1 1 1 1 1 1 1 1 1 1 1 1 1 1 1 1 1 1 1 1 1 1 1 1 1 1 1 1 1 1 1 1 1 1 1 1 1 1 1 1 1 1 1 1 1 1 1 1 1 1 1 1 1 1 1 1 1 1 1 1 1 1 1 1 1 1 1 1 1 1 1 1 1 1 1 1 1 1 1 1 1 1 1 1 1 1 1 1 1 1 1 1 1 1 1 1 1 1 1 1 1 1 1 1 1 1 1 1 1 1 1 1 1 1 1 1 1 1 1 1 1 1 1 1 1 1 1 1 1 1 1 1 1 1 1 1 1 1 1 1 1 1 1 1 1 1 1 1 1 1 1 1 1 1 1 1 1 1 1 1 1 1 1 1 1 1 1 1 1 1 1 1 1 1 1 1 1 1 1 1 1 1 1 1 1 1 1 1 1 1 1 1 1 1 1 1 1 1 1 1 1 1 1 1 1 1 1 1 1 1 1 1 1 1 1 1 1 1 1 1 1 1 1 1 1 1 1 1 1 1 1 1 1 1 1 1 1 1 1 1 1 1 1 1 1 1 1 1 1 1 1 1 1 1 1 1 1 1 1 1 1 1 1 1 1 1 1 1 1 1 1 1 1 1 1 1 1 1 1 1 1 1 1 1 1 1 1 1 1 1 1 1 1 1 1 1 1 1 1 1 1 1 1 1 1 1 1 1 1 1 1 1 1 1 1 1 1 1 1 1 1 1 1 1 1 1 1 1 1 1 1 1 1 1 1 1 1 1 1 1 1 1 1 1 1 1 1 1 1 1 1 1 1 1 1 1 1 1 1 1 1 1 1 1 1 1 1 1 1 1 1 1 1 1 1 1 1 1 1 1 1 1 1 1 1 1 1 1 1 1 1 1 1 1 1 1 1 1 1 1 1 1 1 1 1 1 1 1 1 1 1 1 1 1 1 1 1 1 1 1 1 1 1 1 1 1 1 1 1 1 1 1 1 1 1 1 1 1 1 1 1 1 1 1 1 1 1 1 1 1 1 1 1 1 1 1 1 1 1 1 1 1 1 1 1 1 1 1 1 1 1 1 1 1 1 1 1 1 1 1 1 1 1 1 1 1 1 1 1 1 1 1 1 1 1 1 1 1 1 1 1 1 1 1 1 1 1 1 1 1 1 1 1 1 1 1 1 1 1 1 1 1 1 1 1 1 1 1 1 1 1 1 1 1 1 1 1 1 1 1 1 1 1 1 1 1 1 1 1 1 1 1 1 1 1 1 1 1 1 1 1 1 1 1 1 1 1 1 1 1 1 1 1 1 1 1 1 1 1 1 1 1 1 1 1 1 1 1 1 1 1 1 1 1 1 1 1 1 1 1 1 1 1 1 1 1 1 1 1 1 1 1 1 1 1 1 1 1 1 1 1 1 1 1 1 1 1 1 1 1 1 1 1 1 1 1 1 1 1 1 1 1 1 1 1 1 1 1 1 1 1 1 1 1 1 1 1 1 1 1 1 1 1 1 1 1 1 1 1 1 1 1 1 1 1 1 1 1 1 1 1 1 1 1 1 1 1 1 1 1 1 1 1 1 1 1 1 1 1 1 1 1 1 1 1 1 1 1 1 1 1 1 1 1 1 1 1 1 1 1 1 1 1 1 1 1 1 1 1 1 1 1 1 1 1 1 1 1 1 1 1 1 1 1 1 1 1 1 1 1 1 1 1 1 1 1 1 1 1 1 1 1 1 1 1 1 1 1 1 1 1 1 1 1 1 1 1 1 1 1 1 1 1 1 1 1 1 1 1 1 1 1 1 1 1 1 1 1 1 1 1 1 1 1 1 1 1 1 1 1 1 1 1 1 1 1 1 1 1 1 1 1 1 1 1 1 1 1 1 1 1 1 1 1 1 1 1 1 1 1 1 1 1 1 1 1 1 1 1 1 1 1 1 1 1 1 1 1 1 1 1 1 1 1 1 1 1 1 1 1 1 1 1 1 1 1 1 1 1 1 1 1 1 1 1 1 1 1 1 1 1 1 1 1 1 1 1 1 1 1 1 1 1 1 1 1 1 1 1 1 1 1 1 1 1 1 1 1 1 1 1 1 1 1 1 1 1 1 1 1 1 1 1 1 1 1 1 1 1 1 1 1 1 1 1 1 1 1 1 1 1 1 1 1 1 1 1 1 1 1 1 1 1 1 1 1 1 1 1 1 1 1 1 1 1 1 1 1 1 1 1 1 1 1 1 1 1 1 1 1 1 1 1 1 1 1 1 1 1 1 1 1 1 1 1 1 1 1 1 1 1 1 1 1 1 1 1 1 1 1 1 1 1 1 1 1 1 1 1 1 1 1 1 1 1 1 1 1 1 1 1 1 1 1 1 1 1 1 1 1 1 1 1 1 1 1 1 1 1 1 1 1 1 1 1 1 1 1 1 1 1 1 1 1 1 1 1 1 1 1 1 1 1 1 1 1 1 1 1 1 1 1 1 1 1 1 1 1 1 1 1 1 1 1 1 1 1 1 1 1 1 1 1 1 1 1 1 1 1 1 1 1 1 1 1 1 1 1 1 1 1 1 1 1 1 1 1 1 1 1 1 1 1 1 1 1 1 1 1 1 1 1 1 1 1 1 1 1 1 1 1 1 1 1 1 1 1 1 1 1 1 1 1 1 1 1 1 1 1 1 1 1 1 1 1 1 1 1 1 1 1 1 1 1 1 1 1 1 1 1 1 1 1 1 1 1 1 1 1 1 1 1 1 1 1 1 1 1 1 1 1 1 1 1 1 1 1 1 1 1 1 1 1 1 1 1 1 1 1 1 1 1 1 1 1 1 1 1 1 1 1 1 1 1 1 1 1 1 1 1 1 1 1 1 1 1 1 1 1 1 1 1 1 1 1 1 1 1 1 1 1 1 1 1 1 1 1 1 1 1 1 1 1 1 1 1 1 1 1 1 1 1 1 1 1 1 1 1 1 1 1 1 1 1 1 1 1 1 1 1 1 1 1 1 1 1 1 1 1 1 1 1 1 1 1 1 1 1 1 1 1 1 1 1 1 1 1 1 1 1 1 1 1 1 1 1 1 1 1 1 1 1 1 1 1 1 1 1 1 1 1 1 1 1 1 1 1 1 1 1 1 1 1 1 1 1 1 1 1 1 1 1 1 1 1 1 1 1 1 1 1 1 1 1 1 1 1 1 1 1 1 1 1 1 1 1 1 1 1 1 1 1 1 1 1 1 1 1 1 1 1 1 1 1 1 1 1 1 1 1 1 1 1 1 1 1 1 1 1 1 1 1 1 1 1 1 1 1 1 1 1 1 1 1 1 1 1 1 1 1 1 1 1 1 1 1 1 1 1 1 1 1 1 1 1 1 1 1 1 1 1 1 1 1 1 1 1 1 1 1 1 1 1 1 1 1 1 1 1 1 1 1 1 1 1 1 1 1 1 1 1 1 1 1 1 1 1 1 1 1 1 1 1 1 1 1 1 1 1 1 1 1 1 1 1 1 1 1 1 1 1 1 1 1 1 1 1 1 1 1 1 1 1 1 1 1 1 1 1 1 1 1 1 1 1 1 1 1 1 1 1 1 1 1 1 1 1 1 1 1 1 1 1 1 1 1 1 1 1 1 1 1 1 1 1 1 1 1 1 1 1 1 1 1 1 1 1 1 1 1 1 1 1 1 1 1 1 1 1 1 1 1 1 1 1 1 1 1 1 1 1 1 1 1 1 1 1 1 1 1 1 1 1 1 1 1 1 1 1 1 1 1 1 1 1 1 1 1 1 1 1 1 1 1 1 1 1 1 1 1 1 1 1 1 1 1 1 1 1 1 1 1 1 1 1 1 1 1 1 1 1 1 1 1 1 1 1 1 1 1 1 1 1 1 1 1 1 1 1 1 1 1 1 1 1 1 1 1 1 1 1 1 1 1 1 1 1 1 1 1 1 1 1 1 1 1 1 1 1 1 1 1 1 1 1 1 1 1 1 1 1 1 1 1 1 1 1 1 1 1 1 1 1 1 1 1 1 1 1 1 1 1 1 1 1 1 1 1 1 1 1 1 1 1 1 1 1 1 1 1 1 1 1 1 1 1 1 1 1 1 1 1 1 1 1 1 1 1 1 1 1 1 1 1 1 1 1 1 1 1 1 1 1 1 1 1 1 1 1 1 1 1 1 1 1 1 1 1 1 1 1 1 1 1 1 1 1 1 1 1 1 1 1 1 1 1 1 1 1 1 1 1 1 1 1 1 1 1 1 1 1 1 1 1 1 1 1 1 1 1 1 1 1 1 1 1 1 1 1 1 1 1 1 1 1 1 1 1 1 1 1 1 1 1 1 1 1 1 1 1 1 1 1 1 1 1 1 1 1 1 1 1 1 1 1 1 1 1 1 1 1 1 1 1 1 1 1 1 1 1 1 1 1 1 1 1 1 1 1 1 1 1 1 1 1 1 1 1 1 1 1 1 1 1 1 1 1 1 1 1 1 1 1 1 1 1 1 1 1 1 1 1 1 1 1 1 1 1 1 1 1 1 1 1 1 1 1 1 1 1 1 1 1 1 1 1 1 1 1 1 1 1 1 1 1 1 1 1 1 1 1 1 1 1 1 1 1 1 1 1 1 1 1 1 1 1 1 1 1 1 1 1 1 1 1 1 1 1 1 1 1 1 1 1 1 1 1 1 1 1 1 1 1 1 1 1 1 1 1 1 1 1 1 1 1 1 1 1 1 1 1 1 1 1 1 1 1 1 1 1 1 1 1 1 1 1 1 1 1 1 1 1 1 1 1 1 1 1 1 1 1 1 1 1 1 1 1 1 1 1 1 1 1 1 1 1 1 1 1 1 1 1 1 1 1 1 1 1 1 1 1 1 1 1 1 1 1 1 1 1 1 1 1 1 1 1 1 1 1 1 1 1 1 1 1 1 1 1 1 1 1 1 1 1 1 1 1 1 1 1 1 1 1 1 1 1 1 1 1 1 1 1 1 1 1 1 1 1 1 1 1 1 1 1 1 1 1 1 1 1 1 1 1 1 1 1 1 1 1 1 1 1 1 1 1 1 1 1 1 1 1 1 1 1 1 1 1 1 1 1 1 1 1 1 1 1 1 1 1 1 1 1 1 1 1 1 1 1 1 1 1 1 1 1 1 1 1 1 1 1 1 1 1 1 1 1 1 1 1 1 1 1 1 1 1 1 1 1 1 1 1 1 1 1 1 1 1 1 1 1 1 1 1 1 1 1 1 1 1 1 1 1 1 1 1 1 1 1 1 1 1 1 1 1 1 1 1 1 1 1 1 1 1 1 1 1 1 1 1 1 1 1 1 1 1 1 1 1 1 1 1 1 1 1 1 1 1 1 1 1 1 1 1 1 1 1 1 1 1 1 1 1 1 1 1 1 1 1 1 1 1 1 1 1 1 1 1 1 1 1 1 1 1 1 1 1 1 1 1 1 1 1 1 1 1 1 1 1 1 1 1 1 1 1 1 1 1 1 1 1 1 1 1 1 1 1 1 1 1 1 1 1 1 1 1 1 1 1 1 1 1 1 1 1 1 1 1 1 1 1 1 1 1 1 1 1 1 1 1 1 1 1 1 1 1 1 1 1 1 1 1 1 1 1 1 1 1 1 1 1 1 1 1 1 1 1 1 1 1 1 1 1 1 1 1 1 1 1 1 1 1 1 1 1 1 1 1 1 1 1 1 1 1 1 1 1 1 1 1 1 1 1 1 1 1 1 1 1 1 1 1 1 1 1 1 1 1 1 1 1 1 1 1 1 1 1 1 1 1 1 1 1 1 1 1 1 1 1 1 1 1 1 1 1 1 1 1 1 1 1 1 1 1 1 1 1 1 1 1 1 1 1 1 1 1 1 1 1 1 1 1 1 1 1 1 1 1 1 1 1 1 1 1 1 1 1 1 1 1 1 1 1 1 1 1 1 1 1 1 1 1 1 1 1 1 1 1 1 1 1 1 1 1 1 1 1 1 1 1 1 1 1 1 1 1 1 1 1 1 1 1 1 1 1 1 1 1 1 1 1 1 1 1 1 1 1 1 1 1 1 1 1 1 1 1 1 1 1 1 1 1 1 1 1 1 1 1 1 1 1 1 1 1 1 1 1 1 1 1 1 1 1 1 1 1 1 1 1 1 1 1 1 1 1 1 1 1 1 1 1 1 1 1 1 1 1 1 1 1 1 1 1 1 1 1 1 1 1 1 1 1 1 1 1 1 1 1 1 1 1 1 1 1 1 1 1 1 1 1 1 1 1 1 1 1 1 1 1 1 1 1 1 1 1 1 1 1 1 1 1 1 1 1 1 1 1 1 1 1 1 1 1 1 1 1 1 1 1 1 1 1 1 1 1 1 1 1 1 1 1 1 1 1 1 1 1 1 1 1 1 1 1 1 1 1 1 1 1 1 1 1 1 1 1 1 1 1 1 1 1 1 1 1 1 1 1 1 1 1 1 1 1 1 1 1 1 1 1 1 1 1 1 1 1 1 1 1 1 1 1 1 1 1 1 1 1 1 1 1 1 1 1 1 1 1 1 1 1 1 1 1 1 1 1 1 1 1 1 1 1 1 1 1 1 1 1 1 1 1 1 1 1 1 1 1 1 1 1 1 1 1 1 1 1 1 1 1 1 1 1 1 1 1 1 1 1 1 1 1 1 1 1 1 1 1 1 1 1 1 1 1 1 1 1 1 1 1 1 1 1 1 1 1 1 1 1 1 1 1 1 1 1 1 1 1 1 1 1 1 1 1 1 1 1 1 1 1 1 1 1 1 1 1 1 1 1 1 1 1 1 1 1 1 1 1 1 1 1 1 1 1 1 1 1 1 1 1 1 1 1 1 1 1 1 1 1 1 1 1 1 1 1 1 1 1 1 1 1 1 1 1 1 1 1 1 1 1 1 1 1 1 1 1 1 1 1 1 1 1 1 1 1 1 1 1 1 1 1 1 1 1 1 1 1 1 1 1 1 1 1 1 1 1 1 1 1 1 1 1 1 1 1 1 1 1 1 1 1 1 1 1 1 1 1 1 1 1 1 1 1 1 1 1 1 1 1 1 1 1 1 1 1 1 1 1 1 1 1 1 1 1 1 1 1 1 1 1 1 1 1 1 1 1 1 1 1 1 1 1 1 1 1 1 1 1 1 1 1 1 1 1 1 1 1 1 1 1 1 1 1 1 1 1 1 1 1 1 1 1 1 1 1 1 1 1 1 1 1 1 1 1 1 1 1 1 1 1 1 1 1 1 1 1 1 1 1 1 1 1 1 1 1 1 1 1 1 1 1 1 1 1 1 1 1 1 1 1 1 1 1 1 1 1 1 1 1 1 1 1 1 1 1 1 1 1 1 1 1 1 1 1 1 1 1 1 1 1 1 1 1 1 1 1 1 1 1 1 1 1 1 1 1 1 1 1 1 1 1 1 1 1 1 1 1 1 1 1 1 1 1 1 1 1 1 1 1 1 1 1 1 1 1 1 1 1 1 1 1 1 1 1 1 1 1 1 1 1 1 1 1 1 1 1 1 1 1 1 1 1 1 1 1 1 1 1 1 1 1 1 1 1 1 1 1 1 1 1 1 1 1 1 1 1 1 1 1 1 1 1 1 1 1 1 1 1 1 1 1 1 1 1 1 1 1 1 1 1 1 1 1 1 1 1 1 1 1 1 1 1 1 1 1 1 1 1 1 1 1 1 1 1 1 1 1 1 1 1 1 1 1 1 1 1 1 1 1 1 1 1 1 1 1 1 1 1 1 1 1 1 1 1 1 1 1 1 1 1 1 1 1 1 1 1 1 1 1 1 1 1 1 1 1 1 1 1 1 1 1 1 1 1 1 1 1 1 1 1 1 1 1 1 1 1 1 1 1 1 1 1 1 1 1 1 1 1 1 1 1 1 1 1 1 1 1 1 1 1 1 1 1 1 1 1 1 1 1 1 1 1 1 1 1 1 1 1 1 1 1 1 1 1 1 1 1 1 1 1 1 1 1 1 1 1 1 1 1 1 1 1 1 1 1 1 1 1 1 1 1 1 1 1 1 1 1 1 1 1 1 1 1 1 1 1 1 1 1 1 1 1 1 1 1 1 1 1 1 1 1 1 1 1 1 1 1 1 1 1 1 1 1 1 1 1 1 1 1 1 1 1 1 1 1 1 1 1 1 1 1 1 1 1 1 1 1 1 1 1 1 1 1 1 1 1 1 1 1 1 1 1 1 1 1 1 1 1 1 1 1 1 1 1 1 1 1 1 1 1 1 1 1 1 1 1 1 1 1 1 1 1 1 1 1 1 1 1 1 1 1 1 1 1 1 1 1 1 1 1 1 1 1 1 1 1 1 1 1 1 1 1 1 1 1 1 1 1 1 1 1 1 1 1 1 1 1 1 1 1 1 1 1 1 1 1 1 1 1 1 1 1 1 1 1 1 1 1 1 1 1 1 1 1 1 1 1 1 1 1 1 1 1 1 1 1 1 1 1 1 1 1 1 1 1 1 1 1 1 1 1 1 1 1 1 1 1 1 1 1 1 1 1 1 1 1 1 1 1 1 1 1 1 1 1 1 1 1 1 1 1 1 1 1 1 1 1 1 1 1 1 1 1 1 1 1 1 1 1 1 1 1 1 1 1 1 1 1 1 1 1 1 1 1 1 1 1 1 1 1 1 1 1 1 1 1 1 1 1 1 1 1 1 1 1 1 1 1 1 1 1 1 1 1 1 1 1 1 1 1 1 1 1 1 1 1 1 1 1 1 1 1 1 1 1 1 1 1 1 1 1 1 1 1 1 1 1 1 1 1 1 1 1 1 1 1 1 1 1 1 1 1 1 1 1 1 1 1 1 1 1 1 1 1 1 1 1 1 1 1 1 1 1 1 1 1 1 1 1 1 1 1 1 1 1 1 1 1 1 1 1 1 1 1 1 1 1 1 1 1 1 1 1 1 1 1 1 1 1 1 1 1 1 1 1 1 1 1 1 1 1 1 1 1 1 1 1 1 1 1 1 1 1 1 1 1 1 1 1 1 1 1 1 1 1 1 1 1 1 1 1 1 1 1 1 1 1 1 1 1 1 1 1 1 1 1 1 1 1 1 1 1 1 1 1 1 1 1 1 1 1 1 1 1 1 1 1 1 1 1 1 1 1 1 1 1 1 1 1 1 1 1 1 1 1 1 1 1 1 1 1 1 1 1 1 1 1 1 1 1 1 1 1 1 1 1 1 1 1 1 1 1 1 1 1 1 1 1 1 1 1 1 1 1 1 1 1 1 1 1 1 1 1 1 1 1 1 1 1 1 1 1 1 1 1 1 1 1 1 1 1 1 1 1 1 1 1 1 1 1 1 1 1 1 1 1 1 1 1 1 1 1 1 1 1 1 1 1 1 1 1 1 1 1 1 1 1 1 1 1 1 1 1 1 1 1 1 1 1 1 1 1 1 1 1 1 1 1 1 1 1 1 1 1 1 1 1 1 1 1 1 1 1 1 1 1 1 1 1 1 1 1 1 1 1 1 1 1 1 1 1 1 1 1 1 1 1 1 1 1 1 1 1 1 1 1 1 1 1 1 1 1 1 1 1 1 1 1 1 1 1 1 1 1 1 1 1 1 1 1 1 1 1 1 1 1 1 1 1 1 1 1 1 1 1 1 1 1 1 1 1 1 1 1 1 1 1 1 1 1 1 1 1 1 1 1 1 1 1 1 1 1 1 1 1 1 1 1 1 1 1 1 1 1 1 1 1 1 1 1 1 1 1 1 1 1 1 1 1 1 1 1 1 1 1 1 1 1 1 1 1 1 1 1 1 1 1 1 1 1 1 1 1 1 1 1 1 1 1 1 1 1 1 1 1 1 1 1 1 1 1 1 1 1 1 1 1 1 1 1 1 1 1 1 1 1 1 1 1 1 1 1 1 1 1 1 1 1 1 1 1 1 1 1 1 1 1 1 1 1 1 1 1 1 1 1 1 1 1 1 1 1 1 1 1 1 1 1 1 1 1 1 1 1 1 1 1 1 1 1 1 1 1 1 1 1 1 1 1 1 1 1 1 1 1 1 1 1 1 1 1 1 1 1 1 1 1 1 1 1 1 1 1 1 1 1 1 1 1 1 1 1 1 1 1 1 1 1 1 1 1 1 1 1 1 1 1 1 1 1 1 1 1 1 1 1 1 1 1 1 1 1 1 1 1 1 1 1 1 1 1 1 1 1 1 1 1 1 1 1 1 1 1 1 1 1 1 1 1 1 1 1 1 1 1 1 1 1 1 1 1 1 1 1 1 1 1 1 1 1 1 1 1 1 1 1 1 1 1 1 1 1 1 1 1 1 1 1 1 1 1 1 1 1 1 1 1 1 1 1 1 1 1 1 1 1 1 1 1 1 1 1 1 1 1 1 1 1 1 1 1 1 1 1 1 1 1 1 1 1 1 1 1 1 1 1 1 1 1 1 1 1 1 1 1 1 1 1 1 1 1 1 1 1 1 1 1 1 1 1 1 1 1 1 1 1 1 1 1 1 1 1 1 1 1 1 1 1 1 1 1 1 1 1 1 1 1 1 1 1 1 1 1 1 1 1 1 1 1 1 1 1 1 1 1 1 1 1 1 1 1 1 1 1 1 1 1 1 1 1 1 1 1 1 1 1 1 1 1 1 1 1 1 1 1 1 1 1 1 1 1 1 1 1 1 1 1 1 1 1 1 1 1 1 1 1 1 1 1 1 1 1 1 1 1 1 1 1 1 1 1 1 1 1 1 1 1 1 1 1 1 1 1 1 1 1 1 1 1 1 1 1 1 1 1 1 1 1 1 1 1 1 1 1 1 1 1 1 1 1 1 1 1 1 1 1 1 1 1 1 1 1 1 1 1 1 1 1 1 1 1 1 1 1 1 1 1 1 1 1 1 1 1 1 1 1 1 1 1 1 1 1 1 1 1 1 1 1 1 1 1 1 1 1 1 1 1 1 1 1 1 1 1 1 1 1 1 1 1 1 1 1 1 1 1 1 1 1 1 1 1 1 1 1 1 1 1 1 1 1 1 1 1 1 1 1 1 1 1 1 1 1 1 1 1 1 1 1 1 1 1 1 1 1 1 1 1 1 1 1 1 1 1 1 1 1 1 1 1 1 1 1 1 1 1 1 1 1 1 1 1 1 1 1 1 1 1 1 1 1 1 1 1 1 1 1 1 1 1 1 1 1 1 1 1 1 1 1 1 1 1 1 1 1 1 1 1 1 1 1 1 1 1 1 1 1 1 1 1 1 1 1 1 1 1 1 1 1 1 1 1 1 1 1 1 1 1 1 1 1 1 1 1 1 1 1 1 1 1 1 1 1 1 1 1 1 1 1 1 1 1 1 1 1 1 1 1 1 1 1 1 1 1 1 1 1 1 1 1 1 1 1 1 1 1 1 1 1 1 1 1 1 1 1 1 1 1 1 1 1 1 1 1 1 1 1 1 1 1 1 1 1 1 1 1 1 1 1 1 1 1 1 1 1 1 1 1 1 1 1 1 1 1 1 1 1 1 1 1 1 1 1 1 1 1 1 1 1 1 1 1 1 1 1 1 1 1 1 1 1 1 1 1 1 1 1 1 1 1 1 1 1 1 1 1 1 1 1 1 1 1 1 1 1 1 1 1 1 1 1 1 1 1 1 1 1 1 1 1 1 1 1 1 1 1 1 1 1 1 1 1 1 1 1 1 1 1 1 1 1 1 1 1 1 1 1 1 1 1 1 1 1 1 1 1 1 1 1 1 1 1 1 1 1 1 1 1 1 1 1 1 1 1 1 1 1 1 1 1 1 1 1 1 1 1 1 1 1 1 1 1 1 1 1 1 1 1 1 1 1 1 1 1 1 1 1 1 1 1 1 1 1 1 1 1 1 1 1 1 1 1 1 1 1 1 1 1 1 1 1 1 1 1 1 1 1 1 1 1 1 1 1 1 1 1 1 1 1 1 1 1 1 1 1 1 1 1 1 1 1 1 1 1 1 1 1 1 1 1 1 1 1 1 1 1 1 1 1 1 1 1 1 1 1 1 1 1 1 1 1 1 1 1 1 1 1 1 1 1 1 1 1 1 1 1 1 1 1 1 1 1 1 1 1 1 1 1 1 1 1 1 1 1 1 1 1 1 1 1 1 1 1 1 1 1 1 1 1 1 1 1 1 1 1 1 1 1 1 1 1 1 1 1 1 1 1 1 1 1 1 1 1 1 1 1 1 1 1 1 1 1 1 1 1 1 1 1 1 1 1 1 1 1 1 1 1 1 1 1 1 1 1 1 1 1 1 1 1 1 1 1 1 1 1 1 1 1 1 1 1 1 1 1 1 1 1 1 1 1 1 1 1 1 1 1 1 1 1 1 1 1 1 1 1 1 1 1 1 1 1 1 1 1 1 1 1 1 1 1 1 1 1 1 1 1 1 1 1 1 1 1 1 1 1 1 1 1 1 1 1 1 1 1 1 1 1 1 1 1 1 1 1 1 1 1 1 1 1 1 1 1 1 1 1 1 1 1 1 1 1 1 1 1 1 1 1 1 1 1 1 1 1 1 1 1 1 1 1 1 1 1 1 1 1 1 1 1 1 1 1 1 1 1 1 1 1 1 1 1 1 1 1 1 1 1 1 1 1 1 1 1 1 1 1 1 1 1 1 1 1 1 1 1 1 1 1 1 1 1 1 1 1 1 1 1 1 1 1 1 1 1 1 1 1 1 1 1 1 1 1 1 1 1 1 1 1 1 1 1 1 1 1 1 1 1 1 1 1 1 1 1 1 1 1 1 1 1 1 1 1 1 1 1 1 1 1 1 1 1 1 1 1 1 1 1 1 1 1 1 1 1 1 1 1 1 1 1 1 1 1 1 1 1 1 1 1 1 1 1 1 1 1 1 1 1 1 1 1 1 1 1 1 1 1 1 1 1 1 1 1 1 1 1 1 1 1 1 1 1 1 1 1 1 1 1 1 1 1 1 1 1 1 1 1 1 1 1 1 1 1 1 1 1 1 1 1 1 1 1 1 1 1 1 1 1 1 1 1 1 1 1 1 1 1 1 1 1 1 1 1 1 1 1 1 1 1 1 1 1 1 1 1 1 1 1 1 1 1 1 1 1 1 1 1 1 1 1 1 1 1 1 1 1 1 1 1 1 1 1 1 1 1 1 1 1 1 1 1 1 1 1 1 1 1 1 1 1 1 1 1 1 1 1 1 1 1 1 1 1 1 1 1 1 1 1 1 1 1 1 1 1 1 1 1 1 1 1 1 1 1 1 1 1 1 1 1 1 1 1 1 1 1 1 1 1 1 1 1 1 1 1 1 1 1 1 1 1 1 1 1 1 1 1 1 1 1 1 1 1 1 1 1 1 1 1 1 1 1 1 1 1 1 1 1 1 1 1 1 1 1 1 1 1 1 1 1 1 1 1 1 1 1 1 1 1 1 1 1 1 1 1 1 1 1 1 1 1 1 1 1 1 1 1 1 1 1 1 1 1 1 1 1 1 1 1 1 1 1 1 1 1 1 1 1 1 1 1 1 1 1 1 1 1 1 1 1 1 1 1 1 1 1 1 1 1 1 1 1 1 1 1 1 1 1 1 1 1 1 1 1 1 1 1 1 1 1 1 1 1 1 1 1 1 1 1 1 1 1 1 1 1 1 1 1 1 1 1 1 1 1 1 1 1 1 1 1 1 1 1 1 1 1 1 1 1 1 1 1 1 1 1 1 1 1 1 1 1 1 1 1 1 1 1 1 1 1 1 1 1 1 1 1 1 1 1 1 1 1 1 1 1 1 1 1 1 1 1 1 1 1 1 1 1 1 1 1 1 1 1 1 1 1 1 1 1 1 1 1 1 1 1 1 1 1 1 1 1 1 1 1 1 1 1 1 1 1 1 1 1 1 1 1 1 1 1 1 1 1 1 1 1 1 1 1 1 1 1 1 1 1 1 1 1 1 1 1 1 1 1 1 1 1 1 1 1 1 1 1 1 1 1 1 1 1 1 1 1 1 1 1 1 1 1 1 1 1 1 1 1 1 1 1 1 1 1 1 1 1 1 1 1 1 1 1 1 1 1 1 1 1 1 1 1 1 1 1 1 1 1 1 1 1 1 1 1 1 1 1 1 1 1 1 1 1 1 1 1 1 1 1 1 1 1 1 1 1 1 1 1 1 1 1 1 1 1 1 1 1 1 1 1 1 1 1 1 1 1 1 1 1 1 1 1 1 1 1 1 1 1 1 1 1 1 1 1 1 1 1 1 1 1 1 1 1 1 1 1 1 1 1 1 1 1 1 1 1 1 1 1 1 1 1 1 1 1 1 1 1 1 1 1 1 1 1 1 1 1 1 1 1 1 1 1 1 1 1 1 1 1 1 1 1 1 1 1 1 1 1 1 1 1 1 1 1 1 1 1 1 1 1 1 1 1 1 1 1 1 1 1 1 1 1 1 1 1 1 1 1 1 1 1 1 1 1 1 1 1 1 1 1 1 1 1 1 1 1 1 1 1 1 1 1 1 1 1 1 1 1 1 1 1 1 1 1 1 1 1 1 1 1 1 1 1 1 1 1 1 1 1 1 1 1 1 1 1 1 1 1 1 1 1 1 1 1 1 1 1 1 1 1 1 1 1 1 1 1 1 1 1 1 1 1 1 1 1 1 1 1 1 1 1 1 1 1 1 1 1 1 1 1 1 1 1 1 1 1 1 1 1 1 1 1 1 1 1 1 1 1 1 1 1 1 1 1 1 1 1 1 1 1 1 1 1 1 1 1 1 1 1 1 1 1 1 1 1 1 1 1 1 1 1 1 1 1 1 1 1 1 1 1 1 1 1 1 1 1 1 1 1 1 1 1 1 1 1 1 1 1 1 1 1 1 1 1 1 1 1 1 1 1 1 1 1 1 1 1 1 1 1 1 1 1 1 1 1 1 1 1 1 1 1 1 1 1 1 1 1 1 1 1 1 1 1 1 1 1 1 1 1 1 1 1 1 1 1 1 1 1 1 1 1 1 1 1 1 1 1 1 1 1 1 1 1 1 1 1 1 1 1 1 1 1 1 1 1 1 1 1 1 1 1 1 1 1 1 1 1 1 1 1 1 1 1 1 1 1 1 1 1 1 1 1 1 1 1 1 1 1 1 1 1 1 1 1 1 1 1 1 1 1 1 1 1 1 1 1 1 1 1 1 1 1 1 1 1 1 1 1 1 1 1 1 1 1 1 1 1 1 1 1 1 1 1 1 1 1 1 1 1 1 1 1 1 1 1 1 1 1 1 1 1 1 1 1 1 1 1 1 1 1 1 1 1 1 1 1 1 1 1 1 1 1 1 1 1 1 1 1 1 1 1 1 1 1 1 1 1 1 1 1 1 1 1 1 1 1 1 1 1 1 1 1 1 1 1 1 1 1 1 1 1 1 1 1 1 1 1 1 1 1 1 1 1 1 1 1 1 1 1 1 1 1 1 1 1 1 1 1 1 1 1 1 1 1 1 1 1 1 1 1 1 1 1 1 1 1 1 1 1 1 1 1 1 1 1 1 1 1 1 1 1 1 1 1 1 1 1 1 1 1 1 1 1 1 1 1 1 1 1 1 1 1 1 1 1 1 1 1 1 1 1 1 1 1 1 1 1 1 1 1 1 1 1 1 1 1 1 1 1 1 1 1 1 1 1 1 1 1 1 1 1 1 1 1 1 1 1 1 1 1 1 1 1 1 1 1 1 1 1 1 1 1 1 1 1 1 1 1 1 1 1 1 1 1 1 1 1 1 1 1 1 1 1 1 1 1 1 1 1 1 1 1 1 1 1 1 1 1 1 1 1 1 1 1 1 1 1 1 1 1 1 1 1 1 1 1 1 1 1 1 1 1 1 1 1 1 1 1 1 1 1 1 1 1 1 1 1 1 1 1 1 1 1 1 1 1 1 1 1 1 1 1 1 1 1 1 1 1 1 1 1 1 1 1 1 1 1 1 1 1 1 1 1 1 1 1 1 1 1 1 1 1 1 1 1 1 1 1 1 1 1 1 1 1 1 1 1 1 1 1 1 1 1 1 1 1 1 1 1 1 1 1 1 1 1 1 1 1 1 1 1 1 1 1 1 1 1 1 1 1 1 1 1 1 1 1 1 1 1 1 1 1 1 1 1 1 1 1 1 1 1 1 1 1 1 1 1 1 1 1 1 1 1 1 1 1 1 1 1 1 1 1 1 1 1 1 1 1 1 1 1 1 1 1 1 1 1 1 1 1 1 1 1 1 1 1 1 1 1 1 1 1 1 1 1 1 1 1 1 1 1 1 1 1 1 1 1 1 1 1 1 1 1 1 1 1 1 1 1 1 1 1 1 1 1 1 1 1 1 1 1 1 1 1 1 1 1 1 1 1 1 1 1 1 1 1 1 1 1 1 1 1 1 1 1 1 1 1 1 1 1 1 1 1 1 1 1 1 1 1 1 1 1 1 1 1 1 1 1 1 1 1 1 1 1 1 1 1 1 1 1 1 1 1 1 1 1 1 1 1 1 1 1 1 1 1 1 1 1 1 1 1 1 1 1 1 1 1 1 1 1 1 1 1 1 1 1 1 1 1 1 1 1 1 1 1 1 1 1 1 1 1 1 1 1 1 1 1 1 1 1 1 1 1 1 1 1 1 1 1 1 1 1 1 1 1 1 1 1 1 1 1 1 1 1 1 1 1 1 1 1 1 1 1 1 1 1 1 1 1 1 1 1 1 1 1 1 1 1 1 1 1 1 1 1 1 1 1 1 1 1 1 1 1 1 1 1 1 1 1 1 1 1 1 1 1 1 1 1 1 1 1 1 1 1 1 1 1 1 1 1 1 1 1 1 1 1 1 1 1 1 1 1 1 1 1 1 1 1 1 1 1 1 1 1 1 1 1 1 1 1 1 1 1 1 1 1 1 1 1 1 1 1 1 1 1 1 1 1 1 1 1 1 1 1 1 1 1 1 1 1 1 1 1 1 1 1 1 1 1 1 1 1 1 1 1 1 1 1 1 1 1 1 1 1 1 1 1 1 1 1 1 1 1 1 1 1 1 1 1 1 1 1 1 1 1 1 1 1 1 1 1 1 1 1 1 1 1 1 1 1 1 1 1 1 1 1 1 1 1 1 1 1 1 1 1 1 1 1 1 1 1 1 1 1 1 1 1 1 1 1 1 1 1 1 1 1 1 1 1 1 1 1 1 1 1 1 1 1 1 1 1 1 1 1 1 1 1 1 1 1 1 1 1 1 1 1 1 1 1 1 1 1 1 1 1 1 1 1 1 1 1 1 1 1 1 1 1 1 1 1 1 1 1 1 1 1 1 1 1 1 1 1 1 1 1 1 1 1 1 1 1 1 1 1 1 1 1 1 1 1 1 1 1 1 1 1 1 1 1 1 1 1 1 1 1 1 1 1 1 1 1 1 1 1 1 1 1 1 1 1 1 1 1 1 1 1 1 1 1 1 1 1 1 1 1 1 1 1 1 1 1 1 1 1 1 1 1 1 1 1 1 1 1 1 1 1 1 1 1 1 1 1 1 1 1 1 1 1 1 1 1 1 1 1 1 1 1 1 1 1 1 1 1 1 1 1 1 1 1 1 1 1 1 1 1 1 1 1 1 1 1 1 1 1 1 1 1 1 1 1 1 1 1 1 1 1 1 1 1 1 1 1 1 1 1 1 1 1 1 1 1 1 1 1 1 1 1 1 1 1 1 1 1 1 1 1 1 1 1 1 1 1 1 1 1 1 1 1 1 1 1 1 1 1 1 1 1 1 1 1 1 1 1 1 1 1 1 1 1 1 1 1 1 1 1 1 1 1 1 1 1 1 1 1 1 1 1 1 1 1 1 1 1 1 1 1 1 1 1 1 1 1 1 1 1 1 1 1 1 1 1 1 1 1 1 1 1 1 1 1 1 1 1 1 1 1 1 1 1 1 1 1 1 1 1 1 1 1 1 1 1 1 1 1 1 1 1 1 1 1 1 1 1 1 1 1 1 1 1 1 1 1 1 1 1 1 1 1 1 1 1 1 1 1 1 1 1 1 1 1 1 1 1 1 1 1 1 1 1 1 1 1 1 1 1 1 1 1 1 1 1 1 1 1 1 1 1 1 1 1 1 1 1 1 1 1 1 1 1 1 1 1 1 1 1 1 1 1 1 1 1 1 1 1 1 1 1 1 1 1 1 1 1 1 1 1 1 1 1 1 1 1 1 1 1 1 1 1 1 1 1 1 1 1 1 1 1 1 1 1 1 1 1 1 1 1 1 1 1 1 1 1 1 1 1 1 1 1 1 1 1 1 1 1 1 1 1 1 1 1 1 1 1 1 1 1 1 1 1 1 1 1 1 1 1 1 1 1 1 1 1 1 1 1 1 1 1 1 1 1 1 1 1 1 1 1 1 1 1 1 1 1 1 1 1 1 1 1 1 1 1 1 1 1 1 1 1 1 1 1 1 1 1 1 1 1 1 1 1 1 1 1 1 1 1 1 1 1 1 1 1 1 1 1 1 1 1 1 1 1 1 1 1 1 1 1 1 1 1 1 1 1 1 1 1 1 1 1 1 1 1 1 1 1 1 1 1 1 1 1 1 1 1 1 1 1 1 1 1 1 1 1 1 1 1 1 1 1 1 1 1 1 1 1 1 1 1 1 1 1 1 1 1 1 1 1 1 1 1 1 1 1 1 1 1 1 1 1 1 1 1 1 1 1 1 1 1 1 1 1 1 1 1 1 1 1 1 1 1 1 1 1 1 1 1 1 1 1 1 1 1 1 1 1 1 1 1 1 1 1 1 1 1 1 1 1 1 1 1 1 1 1 1 1 1 1 1 1 1 1 1 1 1 1 1 1 1 1 1 1 1 1 1 1 1 1 1 1 1 1 1 1 1 1 1 1 1 1 1 1 1 1 1 1 1 1 1 1 1 1 1 1 1 1 1 1 1 1 1 1 1 1 1 1 1 1 1 1 1 1 1 1 1 1 1 1 1 1 1 1 1 1 1 1 1 1 1 1 1 1 1 1 1 1 1 1 1 1 1 1 1 1 1 1 1 1 1 1 1 1 1 1 1 1 1 1 1 1 1 1 1 1 1 1 1 1 1 1 1 1 1 1 1 1 1 1 1 1 1 1 1 1 1 1 1 1 1 1 1 1 1 1 1 1 1 1 1 1 1 1 1 1 1 1 1 1 1 1 1 1 1 1 1 1 1 1 1 1 1 1 1 1 1 1 1 1 1 1 1 1 1 1 1 1 1 1 1 1 1 1 1 1 1 1 1 1 1 1 1 1 1 1 1 1 1 1 1 1 1 1 1 1 1 1 1 1 1 1 1 1 1 1 1 1 1 1 1 1 1 1 1 1 1 1 1 1 1 1 1 1 1 1 1 1 1 1 1 1 1 1 1 1 1 1 1 1 1 1 1 1 1 1 1 1 1 1 1 1 1 1 1 1 1 1 1 1 1 1 1 1 1 1 1 1 1 1 1 1 1 1 1 1 1 1 1 1 1 1 1 1 1 1 1 1 1 1 1 1 1 1 1 1 1 1 1 1 1 1 1 1 1 1 1 1 1 1 1 1 1 1 1 1 1 1 1 1 1 1 1 1 1 1 1 1 1 1 1 1 1 1 1 1 1 1 1 1 1 1 1 1 1 1 1 1 1 1 1 1 1 1 1 1 1 1 1 1 1 1 1 1 1 1 1 1 1 1 1 1 1 1 1 1 1 1 1 1 1 1 1 1 1 1 1 1 1 1 1 1 1 1 1 1 1 1 1 1 1 1 1 1 1 1 1 1 1 1 1 1 1 1 1 1 1 1 1 1 1 1 1 1 1 1 1 1 1 1 1 1 1 1 1 1 1 1 1 1 1 1 1 1 1 1 1 1 1 1 1 1 1 1 1 1 1 1 1 1 1 1 1 1 1 1 1 1 1 1 1 1 1 1 1 1 1 1 1 1 1 1 1 1 1 1 1 1 1 1 1 1 1 1 1 1 1 1 1 1 1 1 1 1 1 1 1 1 1 1 1 1 1 1 1 1 1 1 1 1 1 1 1 1 1 1 1 1 1 1 1 1 1 1 1 1 1 1 1 1 1 1 1 1 1 1 1 1 1 1 1 1 1 1 1 1 1 1 1 1 1 1 1 1 1 1 1 1 1 1 1 1 1 1 1 1 1 1 1 1 1 1 1 1 1 1 1 1 1 1 1 1 1 1 1 1 1 1 1 1 1 1 1 1 1 1 1 1 1 1 1 1 1 1 1 1 1 1 1 1 1 1 1 1 1 1 1 1 1 1 1 1 1 1 1 1 1 1 1 1 1 1 1 1 1 1 1 1 1 1 1 1 1 1 1 1 1 1 1 1 1 1 1 1 1 1 1 1 1 1 1 1 1 1 1 1 1 1 1 1 1 1 1 1 1 1 1 1 1 1 1 1 1 1 1 1 1 1 1 1 1 1 1 1 1 1 1 1 1 1 1 1 1 1 1 1 1 1 1 1 1 1 1 1 1 1 1 1 1 1 1 1 1 1 1 1 1 1 1 1 1 1 1 1 1 1 1 1 1 1 1 1 1 1 1 1 1 1 1 1 1 1 1 1 1 1 1 1 1 1 1 1 1 1 1 1 1 1 1 1 1 1 1 1 1 1 1 1 1 1 1 1 1 1 1 1 1 1 1 1 1 1 1 1 1 1 1 1 1 1 1 1 1 1 1 1 1 1 1 1 1 1 1 1 1 1 1 1 1 1 1 1 1 1 1 1 1 1 1 1 1 1 1 1 1 1 1 1 1 1 1 1 1 1 1 1 1 1 1 1 1 1 1 1 1 1 1 1 1 1 1 1 1 1 1 1 1 1 1 1 1 1 1 1 1 1 1 1 1 1 1 1 1 1 1 1 1 1 1 1 1 1 1 1 1 1 1 1 1 1 1 1 1 1 1 1 1 1 1 1 1 1 1 1 1 1 1 1 1 1 1 1 1 1 1 1 1 1 1 1 1 1 1 1 1 1 1 1 1 1 1 1 1 1 1 1 1 1 1 1 1 1 1 1 1 1 1 1 1 1 1 1 1 1 1 1 1 1 1 1 1 1 1 1 1 1 1 1 1 1 1 1 1 1 1 1 1 1 1 1 1 1 1 1 1 1 1 1 1 1 1 1 1 1 1 1 1 1 1 1 1 1 1 1 1 1 1 1 1 1 1 1 1 1 1 1 1 1 1 1 1 1 1 1 1 1 1 1 1 1 1 1 1 1 1 1 1 1 1 1 1 1 1 1 1 1 1 1 1 1 1 1 1 1 1 1 1 1 1 1 1 1 1 1 1 1 1 1 1 1 1 1 1 1 1 1 1 1 1 1 1 1 1 1 1 1 1 1 1 1 1 1 1 1 1 1 1 1 1 1 1 1 1 1 1 1 1 1 1 1 1 1 1 1 1 1 1 1 1 1 1 1 1 1 1 1 1 1 1 1 1 1 1 1 1 1 1 1 1 1 1 1 1 1 1 1 1 1 1 1 1 1 1 1 1 1 1 1 1 1 1 1 1 1 1 1 1 1 1 1 1 1 1 1 1 1 1 1 1 1 1 1 1 1 1 1 1 1 1 1 1 1 1 1 1 1 1 1 1 1 1 1 1 1 1 1 1 1 1 1 1 1 1 1 1 1 1 1 1 1 1 1 1 1 1 1 1 1 1 1 1 1 1 1 1 1 1 1 1 1 1 1 1 1 1 1 1 1 1 1 1 1 1 1 1 1 1 1 1 1 1 1 1 1 1 1 1 1 1 1 1 1 1 1 1 1 1 1 1 1 1 1 1 1 1 1 1 1 1 1 1 1 1 1 1 1 1 1 1 1 1 1 1 1 1 1 1 1 1 1 1 1 1 1 1 1 1 1 1 1 1 1 1 1 1 1 1 1 1 1 1 1 1 1 1 1 1 1 1 1 1 1 1 1 1 1 1 1 1 1 1 1 1 1 1 1 1 1 1 1 1 1 1 1 1 1 1 1 1 1 1 1 1 1 1 1 1 1 1 1 1 1 1 1 1 1 1 1 1 1 1 1 1 1 1 1 1 1 1 1 1 1 1 1 1 1 1 1 1 1 1 1 1 1 1 1 1 1 1 1 1 1 1 1 1 1 1 1 1 1 1 1 1 1 1 1 1 1 1 1 1 1 1 1 1 1 1 1 1 1 1 1 1 1 1 1 1 1 1 1 1 1 1 1 1 1 1 1 1 1 1 1 1 1 1 1 1 1 1 1 1 1 1 1 1 1 1 1 1 1 1 1 1 1 1 1 1 1 1 1 1 1 1 1 1 1 1 1 1 1 1 1 1 1 1 1 1 1 1 1 1 1 1 1 1 1 1 1 1 1 1 1 1 1 1 1 1 1 1 1 1 1 1 1 1 1 1 1 1 1 1 1 1 1 1 1 1 1 1 1 1 1 1 1 1 1 1 1 1 1 1 1 1 1 1 1 1 1 1 1 1 1 1 1 1 1 1 1 1 1 1 1 1 1 1 1 1 1 1 1 1 1 1 1 1 1 1 1 1 1 1 1 1 1 1 1 1 1 1 1 1 1 1 1 1 1 1 1 1 1 1 1 1 1 1 1 1 1 1 1 1 1 1 1 1 1 1 1 1 1 1 1 1 1 1 1 1 1 1 1 1 1 1 1 1 1 1 1 1 1 1 1 1 1 1 1 1 1 1 1 1 1 1 1 1 1 1 1 1 1 1 1 1 1 1 1 1 1 1 1 1 1 1 1 1 1 1 1 1 1 1 1 1 1 1 1 1 1 1 1 1 1 1 1 1 1 1 1 1 1 1 1 1 1 1 1 1 1 1 1 1 1 1 1 1 1 1 1 1 1 1 1 1 1 1 1 1 1 1 1 1 1 1 1 1 1 1 1 1 1 1 1 1 1 1 1 1 1 1 1 1 1 1 1 1 1 1 1 1 1 1 1 1 1 1 1 1 1 1 1 1 1 1 1 1 1 1 1 1 1 1 1 1 1 1 1 1 1 1 1 1 1 1 1 1 1 1 1 1 1 1 1 1 1 1 1 1 1 1 1 1 1 1 1 1 1 1 1 1 1 1 1 1 1 1 1 1 1 1 1 1 1 1 1 1 1 1 1 1 1 1 1 1 1 1 1 1 1 1 1 1 1 1 1 1 1 1 1 1 1 1 1 1 1 1 1 1 1 1 1 1 1 1 1 1 1 1 1 1 1 1 1 1 1 1 1 1 1 1 1 1 1 1 1 1 1 1 1 1 1 1 1 1 1 1 1 1 1 1 1 1 1 1 1 1 1 1 1 1 1 1 1 1 1 1 1 1 1 1 1 1 1 1 1 1 1 1 1 1 1 1 1 1 1 1 1 1 1 1 1 1 1 1 1 1 1 1 1 1 1 1 1 1 1 1 1 1 1 1 1 1 1 1 1 1 1 1 1 1 1 1 1 1 1 1 1 1 1 1 1 1 1 1 1 1 1 1 1 1 1 1 1 1 1 1 1 1 1 1 1 1 1 1 1 1 1 1 1 1 1 1 1 1 1 1 1 1 1 1 1 1 1 1 1 1 1 1 1 1 1 1 1 1 1 1 1 1 1 1 1 1 1 1 1 1 1 1 1 1 1 1 1 1 1 1 1 1 1 1 1 1 1 1 1 1 1 1 1 1 1 1 1 1 1 1 1 1 1 1 1 1 1 1 1 1 1 1 1 1 1 1 1 1 1 1 1 1 1 1 1 1 1 1 1 1 1 1 1 1 1 1 1 1 1 1 1 1 1 1 1 1 1 1 1 1 1 1 1 1 1 1 1 1 1 1 1 1 1 1 1 1 1 1 1 1 1 1 1 1 1 1 1 1 1 1 1 1 1 1 1 1 1 1 1 1 1 1 1 1 1 1 1 1 1 1 1 1 1 1 1 1 1 1 1 1 1 1 1 1 1 1 1 1 1 1 1 1 1 1 1 1 1 1 1 1 1 1 1 1 1 1 1 1 1 1 1 1 1 1 1 1 1 1 1 1 1 1 1 1 1 1 1 1 1 1 1 1 1 1 1 1 1 1 1 1 1 1 1 1 1 1 1 1 1 1 1 1 1 1 1 1 1 1 1 1 1 1 1 1 1 1 1 1 1 1 1 1 1 1 1 1 1 1 1 1 1 1 1 1 1 1 1 1 1 1 1 1 1 1 1 1 1 1 1 1 1 1 1 1 1 1 1 1 1 1 1 1 1 1 1 1 1 1 1 1 1 1 1 1 1 1 1 1 1 1 1 1 1 1 1 1 1 1 1 1 1 1 1 1 1 1 1 1 1 1 1 1 1 1 1 1 1 1 1 1 1 1 1 1 1 1 1 1 1 1 1 1 1 1 1 1 1 1 1 1 1 1 1 1 1 1 1 1 1 1 1 1 1 1 1 1 1 1 1 1 1 1 1 1 1 1 1 1 1 1 1 1 1 1 1 1 1 1 1 1 1 1 1 1 1 1 1 1 1 1 1 1 1 1 1 1 1 1 1 1 1 1 1 1 1 1 1 1 1 1 1 1 1 1 1 1 1 1 1 1 1 1 1 1 1 1 1 1 1 1 1 1 1 1 1 1 1 1 1 1 1 1 1 1 1 1 1 1 1 1 1 1 1 1 1 1 1 1 1 1 1 1 1 1 1 1 1 1 1 1 1 1 1 1 1 1 1 1 1 1 1 1 1 1 1 1 1 1 1 1 1 1 1 1 1 1 1 1 1 1 1 1 1 1 1 1 1 1 1 1 1 1 1 1 1 1 1 1 1 1 1 1 1 1 1 1 1 1 1 1 1 1 1 1 1 1 1 1 1 1 1 1 1 1 1 1 1 1 1 1 1 1 1 1 1 1 1 1 1 1 1 1 1 1 1 1 1 1 1 1 1 1 1 1 1 1 1 1 1 1 1 1 1 1 1 1 1 1 1 1 1 1 1 1 1 1 1 1 1 1 1 1 1 1 1 1 1 1 1 1 1 1 1 1 1 1 1 1 1 1 1 1 1 1 1 1 1 1 1 1 1 1 1 1 1 1 1 1 1 1 1 1 1 1 1 1 1 1 1 1 1 1 1 1 1 1 1 1 1 1 1 1 1 1 1 1 1 1 1 1 1 1 1 1 1 1 1 1 1 1 1 1 1 1 1 1 1 1 1 1 1 1 1 1 1 1 1 1 1 1 1 1 1 1 1 1 1 1 1 1 1 1 1 1 1 1 1 1 1 1 1 1 1 1 1 1 1 1 1 1 1 1 1 1 1 1 1 1 1 1 1 1 1 1 1 1 1 1 1 1 1 1 1 1 1 1 1 1 1 1 1 1 1 1 1 1 1 1 1 1 1 1 1 1 1 1 1 1 1 1 1 1 1 1 1 1 1 1 1 1 1 1 1 1 1 1 1 1 1 1 1 1 1 1 1 1 1 1 1 1 1 1 1 1 1 1 1 1 1 1 1 1 1 1 1 1 1 1 1 1 1 1 1 1 1 1 1 1 1 1 1 1 1 1 1 1 1 1 1 1 1 1 1 1 1 1 1 1 1 1 1 1 1 1 1 1 1 1 1 1 1 1 1 1 1 1 1 1 1 1 1 1 1 1 1 1 1 1 1 1 1 1 1 1 1 1 1 1 1 1 1 1 1 1 1 1 1 1 1 1 1 1 1 1 1 1 1 1 1 1 1 1 1 1 1 1 1 1 1 1 1 1 1 1 1 1 1 1 1 1 1 1 1 1 1 1 1 1 1 1 1 1 1 1 1 1 1 1 1 1 1 1 1 1 1 1 1 1 1 1 1 1 1 1 1 1 1 1 1 1 1 1 1 1 1 1 1 1 1 1 1 1 1 1 1 1 1 1 1 1 1 1 1 1 1 1 1 1 1 1 1 1 1 1 1 1 1 1 1 1 1 1 1 1 1 1 1 1 1 1 1 1 1 1 1 1 1 1 1 1 1 1 1 1 1 1 1 1 1 1 1 1 1 1 1 1 1 1 1 1 1 1 1 1 1 1 1 1 1 1 1 1 1 1 1 1 1 1 1 1 1 1 1 1 1 1 1 1 1 1 1 1 1 1 1 1 1 1 1 1 1 1 1 1 1 1 1 1 1 1 1 1 1 1 1 1 1 1 1 1 1 1 1 1 1 1 1 1 1 1 1 1 1 1 1 1 1 1 1 1 1 1 1 1 1 1 1 1 1 1 1 1 1 1 1 1 1 1 1 1 1 1 1 1 1 1 1 1 1 1 1 1 1 1 1 1 1 1 1 1 1 1 1 1 1 1 1 1 1 1 1 1 1 1 1 1 1 1 1 1 1 1 1 1 1 1 1 1 1 1 1 1 1 1 1 1 1 1 1 1 1 1 1 1 1 1 1 1 1 1 1 1 1 1 1 1 1 1 1 1 1 1 1 1 1 1 1 1 1 1 1 1 1 1 1 1 1 1 1 1 1 1 1 1 1 1 1 1 1 1 1 1 1 1 1 1 1 1 1 1 1 1 1 1 1 1 1 1 1 1 1 1 1 1 1 1 1 1 1 1 1 1 1 1 1 1 1 1 1 1 1 1 1 1 1 1 1 1 1 1 1 1 1 1 1 1 1 1 1 1 1 1 1 1 1 1 1 1 1 1 1 1 1 1 1 1 1 1 1 1 1 1 1 1 1 1 1 1 1 1 1 1 1 1 1 1 1 1 1 1 1 1 1 1 1 1 1 1 1 1 1 1 1 1 1 1 1 1 1 1 1 1 1 1 1 1 1 1 1 1 1 1 1 1 1 1 1 1 1 1 1 1 1 1 1 1 1 1 1 1 1 1 1 1 1 1 1 1 1 1 1 1 1 1 1 1 1 1 1 1 1 1 1 1 1 1 1 1 1 1 1 1 1 1 1 1 1 1 1 1 1 1 1 1 1 1 1 1 1 1 1 1 1 1 1 1 1 1 1 1 1 1 1 1 1 1 1 1 1 1 1 1 1 1 1 1 1 1 1 1 1 1 1 1 1 1 1 1 1 1 1 1 1 1 1 1 1 1 1 1 1 1 1 1 1 1 1 1 1 1 1 1 1 1 1 1 1 1 1 1 1 1 1 1 1 1 1 1 1 1 1 1 1 1 1 1 1 1 1 1 1 1 1 1 1 1 1 1 1 1 1 1 1 1 1 1 1 1 1 1 1 1 1 1 1 1 1 1 1 1 1 1 1 1 1 1 1 1 1 1 1 1 1 1 1 1 1 1 1 1 1 1 1 1 1 1 1 1 1 1 1 1 1 1 1 1 1 1 1 1 1 1 1 1 1 1 1 1 1 1 1 1 1 1 1 1 1 1 1 1 1 1 1 1 1 1 1 1 1 1 1 1 1 1 1 1 1 1 1 1 1 1 1 1 1 1 1 1 1 1 1 1 1 1 1 1 1 1 1 1 1 1 1 1 1 1 1 1 1 1 1 1 1 1 1 1 1 1 1 1 1 1 1 1 1 1 1 1 1 1 1 1 1 1 1 1 1 1 1 1 1 1 1 1 1 1 1 1 1 1 1 1 1 1 1 1 1 1 1 1 1 1 1 1 1 1 1 1 1 1 1 1 1 1 1 1 1 1 1 1 1 1 1 1 1 1 1 1 1 1 1 1 1 1 1 1 1 1 1 1 1 1 1 1 1 1 1 1 1 1 1 1 1 1 1 1 1 1 1 1 1 1 1 1 1 1 1 1 1 1 1 1 1 1 1 1 1 1 1 1 1 1 1 1 1 1 1 1 1 1 1 1 1 1 1 1 1 1 1 1 1 1 1 1 1 1 1 1 1 1 1 1 1 1 1 1 1 1 1 1 1 1 1 1 1 1 1 1 1 1 1 1 1 1 1 1 1 1 1 1 1 1 1 1 1 1 1 1 1 1 1 1 1 1 1 1 1 1 1 1 1 1 1 1 1 1 1 1 1 1 1 1 1 1 1 1 1 1 1 1 1 1 1 1 1 1 1 1 1 1 1 1 1 1 1 1 1 1 1 1 1 1 1 1 1 1 1 1 1 1 1 1 1 1 1 1 1 1 1 1 1 1 1 1 1 1 1 1 1 1 1 1 1 1 1 1 1 1 1 1 1 1 1 1 1 1 1 1 1 1 1 1 1 1 1 1 1 1 1 1 1 1 1 1 1 1 1 1 1 1 1 1 1 1 1 1 1 1 1 1 1 1 1 1 1 1 1 1 1 1 1 1 1 1 1 1 1 1 1 1 1 1 1 1 1 1 1 1 1 1 1 1 1 1 1 1 1 1 1 1 1 1 1 1 1 1 1 1 1 1 1 1 1 1 1 1 1 1 1 1 1 1 1 1 1 1 1 1 1 1 1 1 1 1 1 1 1 1 1 1 1 1 1 1 1 1 1 1 1 1 1 1 1 1 1 1 1 1 1 1 1 1 1 1 1 1 1 1 1 1 1 1 1 1 1 1 1 1 1 1 1 1 1 1 1 1 1 1 1 1 1 1 1 1 1 1 1 1 1 1 1 1 1 1 1 1 1 1 1 1 1 1 1 1 1 1 1 1 1 1 1 1 1 1 1 1 1 1 1 1 1 1 1 1 1 1 1 1 1 1 1 1 1 1 1 1 1 1 1 1 1 1 1 1 1 1 1 1 1 1 1 1 1 1 1 1 1 1 1 1 1 1 1 1 1 1 1 1 1 1 1 1 1 1 1 1 1 1 1 1 1 1 1 1 1 1 1 1 1 1 1 1 1 1 1 1 1 1 1 1 1 1 1 1 1 1 1 1 1 1 1 1 1 1 1 1 1 1 1 1 1 1 1 1 1 1 1 1 1 1 1 1 1 1 1 1 1 1 1 1 1 1 1 1 1 1 1 1 1 1 1 1 1 1 1 1 1 1 1 1 1 1 1 1 1 1 1 1 1 1 1 1 1 1 1 1 1 1 1 1 1 1 1 1 1 1 1 1 1 1 1 1 1 1 1 1 1 1 1 1 1 1 1 1 1 1 1 1 1 1 1 1 1 1 1 1 1 1 1 1 1 1 1 1 1 1 1 1 1 1 1 1 1 1 1 1 1 1 1 1 1 1 1 1 1 1 1 1 1 1 1 1 1 1 1 1 1 1 1 1 1 1 1 1 1 1 1 1 1 1 1 1 1 1 1 1 1 1 1 1 1 1 1 1 1 1 1 1 1 1 1 1 1 1 1 1 1 1 1 1 1 1 1 1 1 1 1 1 1 1 1 1 1 1 1 1 1 1 1 1 1 1 1 1 1 1 1 1 1 1 1 1 1 1 1 1 1 1 1 1 1 1 1 1 1 1 1 1 1 1 1 1 1 1 1 1 1 1 1 1 1 1 1 1 1 1 1 1 1 1 1 1 1 1 1 1 1 1 1 1 1 1 1 1 1 1 1 1 1 1 1 1 1 1 1 1 1 1 1 1 1 1 1 1 1 1 1 1 1 1 1 1 1 1 1 1 1 1 1 1 1 1 1 1 1 1 1 1 1 1 1 1 1 1 1 1 1 1 1 1 1 1 1 1 1 1 1 1 1 1 1 1 1 1 1 1 1 1 1 1 1 1 1 1 1 1 1 1 1 1 1 1 1 1 1 1 1 1 1 1 1 1 1 1 1 1 1 1 1 1 1 1 1 1 1 1 1 1 1 1 1 1 1 1 1 1 1 1 1 1 1 1 1 1 1 1 1 1 1 1 1 1 1 1 1 1 1 1 1 1 1 1 1 1 1 1 1 1 1 1 1 1 1 1 1 1 1 1 1 1 1 1 1 1 1 1 1 1 1 1 1 1 1 1 1 1 1 1 1 1 1 1 1 1 1 1 1 1 1 1 1 1 1 1 1 1 1 1 1 1 1 1 1 1 1 1 1 1 1 1 1 1 1 1 1 1 1 1 1 1 1 1 1 1 1 1 1 1 1 1 1 1 1 1 1 1 1 1 1 1 1 1 1 1 1 1 1 1 1 1 1 1 1 1 1 1 1 1 1 1 1 1 1 1 1 1 1 1 1 1 1 1 1 1 1 1 1 1 1 1 1 1 1 1 1 1 1 1 1 1 1 1 1 1 1 1 1 1 1 1 1 1 1 1 1 1 1 1 1 1 1 1 1 1 1 1 1 1 1 1 1 1 1 1 1 1 1 1 1 1 1 1 1 1 1 1 1 1 1 1 1 1 1 1 1 1 1 1 1 1 1 1 1 1 1 1 1 1 1 1 1 1 1 1 1 1 1 1 1 1 1 1 1 1 1 1 1 1 1 1 1 1 1 1 1 1 1 1 1 1 1 1 1 1 1 1 1 1 1 1 1 1 1 1 1 1 1 1 1 1 1 1 1 1 1 1 1 1 1 1 1 1 1 1 1 1 1 1 1 1 1 1 1 1 1 1 1 1 1 1 1 1 1 1 1 1 1 1 1 1 1 1 1 1 1 1 1 1 1 1 1 1 1 1 1 1 1 1 1 1 1 1 1 1 1 1 1 1 1 1 1 1 1 1 1 1 1 1 1 1 1 1 1 1 1 1 1 1 1 1 1 1 1 1 1 1 1 1 1 1 1 1 1 1 1 1 1 1 1 1 1 1 1 1 1 1 1 1 1 1 1 1 1 1 1 1 1 1 1 1 1 1 1 1 1 1 1 1 1 1 1 1 1 1 1 1 1 1 1 1 1 1 1 1 1 1 1 1 1 1 1 1 1 1 1 1 1 1 1 1 1 1 1 1 1 1 1 1 1 1 1 1 1 1 1 1 1 1 1 1 1 1 1 1 1 1 1 1 1 1 1 1 1 1 1 1 1 1 1 1 1</float_array>
          <technique_common>
            <accessor source="#Skel_SlotMachine-mesh-colors-Col-array" count="4365" stride="4">
              <param name="R" type="float"/>
              <param name="G" type="float"/>
              <param name="B" type="float"/>
              <param name="A" type="float"/>
            </accessor>
          </technique_common>
        </source>
        <vertices id="Skel_SlotMachine-mesh-vertices">
          <input semantic="POSITION" source="#Skel_SlotMachine-mesh-positions"/>
        </vertices>
        <triangles material="Mati_SlotMachine-material" count="1455">
          <input semantic="VERTEX" source="#Skel_SlotMachine-mesh-vertices" offset="0"/>
          <input semantic="NORMAL" source="#Skel_SlotMachine-mesh-normals" offset="1"/>
          <input semantic="TEXCOORD" source="#Skel_SlotMachine-mesh-map-0" offset="2" set="0"/>
          <input semantic="COLOR" source="#Skel_SlotMachine-mesh-colors-Col" offset="3" set="0"/>
          <p>0 0 0 0 1 1 1 1 2 2 2 2 2 2 3 3 3 3 4 4 4 4 5 5 4 4 6 6 5 5 7 7 2 2 8 8 2 2 9 9 6 6 10 10 0 0 11 11 6 6 12 12 2 2 13 13 7 7 14 14 2 2 15 15 8 8 16 16 7 7 17 17 9 9 18 18 8 8 19 19 2 2 20 20 10 10 21 21 9 9 22 22 2 2 23 23 2 2 24 24 5 5 25 25 10 10 26 26 5 5 27 27 11 11 28 28 10 10 29 29 12 12 30 30 11 11 31 31 5 5 32 32 13 13 33 33 12 12 34 34 5 5 35 35 5 5 36 36 14 14 37 37 13 13 38 38 14 14 39 39 15 15 40 40 13 13 41 41 16 16 42 42 15 15 43 43 14 14 44 44 17 17 45 45 16 16 46 46 14 14 47 47 14 14 48 48 6 6 49 49 17 17 50 50 6 6 51 51 18 18 52 52 17 17 53 53 19 19 54 54 18 18 55 55 6 6 56 56 7 7 57 57 19 19 58 58 6 6 59 59 14 14 60 60 20 20 61 61 21 21 62 62 21 21 63 63 6 6 64 64 14 14 65 65 14 14 66 66 5 5 67 67 22 22 68 68 22 22 69 69 23 23 70 70 14 14 71 71 24 24 72 72 25 25 73 73 26 26 74 74 27 27 75 75 28 28 76 76 29 29 77 77 28 28 78 78 27 27 79 79 30 30 80 80 30 30 81 81 31 31 82 82 28 28 83 83 31 31 84 84 30 30 85 85 24 24 86 86 24 24 87 87 32 32 88 88 31 31 89 89 26 26 90 90 32 32 91 91 24 24 92 92 33 33 93 93 32 32 94 94 26 26 95 95 26 26 96 96 34 34 97 97 33 33 98 98 35 35 99 99 33 33 100 100 34 34 101 101 34 34 102 102 36 36 103 103 35 35 104 104 37 37 105 105 38 38 106 106 39 39 107 107 40 40 108 108 37 37 109 109 39 39 110 110 39 39 111 111 41 41 112 112 40 40 113 113 41 41 114 114 42 42 115 115 40 40 116 116 42 42 117 117 43 43 118 118 40 40 119 119 43 43 120 120 44 44 121 121 40 40 122 122 43 43 123 123 29 29 124 124 44 44 125 125 43 43 126 126 45 45 127 127 29 29 128 128 45 45 129 129 46 46 130 130 29 29 131 131 29 29 132 132 46 46 133 133 27 27 134 134 41 41 135 135 39 39 136 136 47 47 137 137 47 47 138 138 48 48 139 139 41 41 140 140 49 49 141 141 50 50 142 142 51 51 143 143 51 51 144 144 52 52 145 145 49 49 146 146 49 49 147 147 52 52 148 148 53 53 149 149 54 54 150 150 55 55 151 151 56 56 152 152 56 56 153 153 57 57 154 154 54 54 155 155 50 58 156 156 54 54 157 157 57 57 158 158 57 57 159 159 58 59 160 160 50 58 161 161 59 60 162 162 60 61 163 163 61 62 164 164 59 60 165 165 61 62 166 166 62 63 167 167 62 63 168 168 63 64 169 169 59 60 170 170 64 65 171 171 63 64 172 172 62 63 173 173 62 63 174 174 65 66 175 175 64 65 176 176 66 67 177 177 64 65 178 178 65 66 179 179 65 66 180 180 67 68 181 181 66 67 182 182 68 69 183 183 69 70 184 184 70 71 185 185 71 72 186 186 72 73 187 187 73 74 188 188 73 74 189 189 74 75 190 190 71 72 191 191 74 75 192 192 73 74 193 193 75 76 194 194 75 76 195 195 76 77 196 196 74 75 197 197 76 77 198 198 75 76 199 199 70 71 200 200 70 71 201 201 77 78 202 202 76 77 203 203 69 70 204 204 77 78 205 205 70 71 206 206 77 78 207 207 69 70 208 208 78 79 209 209 78 79 210 210 79 80 211 211 77 78 212 212 80 81 213 213 79 80 214 214 78 79 215 215 78 79 216 216 81 82 217 217 80 81 218 218 82 83 219 219 83 84 220 220 84 85 221 221 76 77 222 222 82 83 223 223 84 85 224 224 76 77 225 225 84 85 226 226 74 75 227 227 85 86 228 228 86 87 229 229 87 88 230 230 86 87 231 231 88 89 232 232 89 90 233 233 86 87 234 234 89 90 235 235 87 88 236 236 89 90 237 237 90 91 238 238 87 88 239 239 89 90 240 240 91 92 241 241 90 91 242 242 92 93 243 243 93 94 244 244 94 95 245 245 95 96 246 246 96 97 247 247 92 93 248 248 95 96 249 249 92 93 250 250 94 95 251 251 95 96 252 252 94 95 253 253 97 98 254 254 98 99 255 255 95 96 256 256 97 98 257 257 99 100 258 258 100 101 259 259 101 102 260 260 99 100 261 261 102 103 262 262 100 101 263 263 100 101 264 264 102 103 265 265 103 104 266 266 103 104 267 267 104 105 268 268 100 101 269 269 104 105 270 270 103 104 271 271 105 106 272 272 105 106 273 273 106 107 274 274 104 105 275 275 107 108 276 276 108 109 277 277 109 110 278 278 109 110 279 279 110 111 280 280 107 108 281 281 110 111 282 282 109 110 283 283 99 100 284 284 99 100 285 285 111 112 286 286 110 111 287 287 99 100 288 288 101 102 289 289 111 112 290 290 101 102 291 291 112 113 292 292 111 112 293 293 112 113 294 294 101 102 295 295 113 114 296 296 113 114 297 297 114 115 298 298 112 113 299 299 114 115 300 300 113 114 301 301 115 116 302 302 115 116 303 303 116 117 304 304 114 115 305 305 117 118 306 306 118 119 307 307 119 120 308 308 119 120 309 309 120 121 310 310 117 118 311 311 121 122 312 312 122 123 313 313 123 124 314 314 123 124 315 315 124 125 316 316 121 122 317 317 125 126 318 318 124 125 319 319 123 124 320 320 123 124 321 321 126 127 322 322 125 126 323 323 127 128 324 324 125 126 325 325 126 127 326 326 126 127 327 327 128 129 328 328 127 128 329 329 129 130 330 330 127 128 331 331 128 129 332 332 128 129 333 333 130 131 334 334 129 130 335 335 131 132 336 336 132 133 337 337 133 134 338 338 133 134 339 339 134 135 340 340 131 132 341 341 135 136 342 342 134 135 343 343 133 134 344 344 133 134 345 345 136 137 346 346 135 136 347 347 137 138 348 348 135 136 349 349 136 137 350 350 136 137 351 351 138 139 352 352 137 138 353 353 139 140 354 354 137 138 355 355 138 139 356 356 138 139 357 357 140 141 358 358 139 140 359 359 141 142 360 360 139 140 361 361 140 141 362 362 140 141 363 363 142 143 364 364 141 142 365 365 143 144 366 366 141 142 367 367 142 143 368 368 142 143 369 369 144 145 370 370 143 144 371 371 145 146 372 372 143 144 373 373 144 145 374 374 144 145 375 375 146 147 376 376 145 146 377 377 145 146 378 378 146 147 379 379 147 148 380 380 147 148 381 381 148 149 382 382 145 146 383 383 148 149 384 384 147 148 385 385 149 150 386 386 149 150 387 387 150 151 388 388 148 149 389 389 151 152 390 390 148 149 391 391 150 151 392 392 150 151 393 393 152 153 394 394 151 152 395 395 153 154 396 396 151 152 397 397 152 153 398 398 152 153 399 399 154 155 400 400 153 154 401 401 153 154 402 402 154 155 403 403 155 156 404 404 155 156 405 405 156 157 406 406 153 154 407 407 157 158 408 408 156 157 409 409 155 156 410 410 155 156 411 411 158 159 412 412 157 158 413 413 157 158 414 414 158 159 415 415 159 160 416 416 159 160 417 417 160 161 418 418 157 158 419 419 161 162 420 420 160 161 421 421 159 160 422 422 159 160 423 423 162 163 424 424 161 162 425 425 163 164 426 426 164 165 427 427 165 166 428 428 165 166 429 429 166 167 430 430 163 164 431 431 163 164 432 432 166 167 433 433 167 168 434 434 167 168 435 435 168 169 436 436 163 164 437 437 168 169 438 438 167 168 439 439 169 170 440 440 169 170 441 441 170 171 442 442 168 169 443 443 171 172 444 444 170 171 445 445 169 170 446 446 169 170 447 447 172 173 448 448 171 172 449 449 171 172 450 450 172 173 451 451 173 174 452 452 173 174 453 453 174 175 454 454 171 172 455 455 175 176 456 456 176 177 457 457 177 178 458 458 177 178 459 459 178 179 460 460 175 176 461 461 178 179 462 462 177 178 463 463 179 180 464 464 179 180 465 465 180 181 466 466 178 179 467 467 181 182 468 468 180 181 469 469 179 180 470 470 179 180 471 471 182 183 472 472 181 182 473 473 181 182 474 474 182 183 475 475 183 184 476 476 183 184 477 477 184 185 478 478 181 182 479 479 184 185 480 480 183 184 481 481 165 166 482 482 165 166 483 483 164 165 484 484 184 185 485 485 185 92 486 486 186 186 487 487 187 96 488 488 187 96 489 489 188 92 490 490 185 92 491 491 189 187 492 492 190 188 493 493 191 189 494 494 191 189 495 495 192 190 496 496 189 187 497 497 193 191 498 498 194 192 499 499 195 193 500 500 195 193 501 501 189 187 502 502 193 191 503 503 190 188 504 504 189 187 505 505 195 193 506 506 195 193 507 507 196 194 508 508 190 188 509 509 190 188 510 510 196 194 511 511 197 195 512 512 197 195 513 513 198 196 514 514 190 188 515 515 196 194 516 516 195 193 517 517 199 197 518 518 199 197 519 519 200 198 520 520 196 194 521 521 201 199 522 522 202 200 523 523 203 201 524 524 203 201 525 525 204 202 526 526 201 199 527 527 205 203 528 528 206 204 529 529 207 205 530 530 205 203 531 531 203 201 532 532 206 204 533 533 205 203 534 534 208 206 535 535 203 201 536 536 203 201 537 537 208 206 538 538 209 207 539 539 209 207 540 540 204 202 541 541 203 201 542 542 204 202 543 543 209 207 544 544 210 208 545 545 211 209 546 546 204 202 547 547 210 208 548 548 211 209 549 549 212 210 550 550 204 202 551 551 213 211 552 552 204 202 553 553 212 210 554 554 212 210 555 555 214 212 556 556 213 211 557 557 215 213 558 558 213 211 559 559 214 212 560 560 214 212 561 561 216 214 562 562 215 213 563 563 215 213 564 564 216 214 565 565 206 204 566 566 206 204 567 567 203 201 568 568 215 213 569 569 217 215 570 570 218 216 571 571 219 217 572 572 219 217 573 573 220 218 574 574 217 215 575 575 221 219 576 576 222 220 577 577 220 218 578 578 220 218 579 579 223 221 580 580 221 219 581 581 224 222 582 582 225 223 583 583 223 221 584 584 223 221 585 585 226 224 586 586 224 222 587 587 227 225 588 588 228 226 589 589 226 224 590 590 226 224 591 591 229 227 592 592 227 225 593 593 230 228 594 594 231 229 595 595 232 230 596 596 232 230 597 597 219 217 598 598 230 228 599 599 219 217 600 600 232 230 601 601 220 218 602 602 220 218 603 603 232 230 604 604 233 231 605 605 233 231 606 606 223 221 607 607 220 218 608 608 223 221 609 609 233 231 610 610 234 232 611 611 234 232 612 612 226 224 613 613 223 221 614 614 226 224 615 615 234 232 616 616 235 233 617 617 235 233 618 618 229 227 619 619 226 224 620 620 235 233 621 621 236 234 622 622 229 227 623 623 229 227 624 624 236 234 625 625 237 235 626 626 237 235 627 627 238 236 628 628 229 227 629 629 239 237 630 630 240 238 631 631 236 234 632 632 236 234 633 633 235 233 634 634 239 237 635 635 241 239 636 636 242 240 637 637 235 233 638 638 235 233 639 639 234 232 640 640 241 239 641 641 243 241 642 642 244 242 643 643 234 232 644 644 234 232 645 645 233 231 646 646 243 241 647 647 245 243 648 648 246 244 649 649 233 231 650 650 233 231 651 651 232 230 652 652 245 243 653 653 247 245 654 654 248 246 655 655 249 247 656 656 249 247 657 657 250 248 658 658 247 245 659 659 251 249 660 660 252 250 661 661 250 248 662 662 250 248 663 663 253 251 664 664 251 249 665 665 254 252 666 666 253 251 667 667 250 248 668 668 254 252 669 669 250 248 670 670 249 247 671 671 249 247 672 672 255 253 673 673 254 252 674 674 255 253 675 675 249 247 676 676 256 254 677 677 256 254 678 678 257 255 679 679 255 253 680 680 257 255 681 681 256 254 682 682 258 256 683 683 258 256 684 684 259 257 685 685 257 255 686 686 258 256 687 687 260 258 688 688 259 257 689 689 259 257 690 690 260 258 691 691 261 259 692 692 261 259 693 693 262 260 694 694 259 257 695 695 263 261 696 696 264 262 697 697 258 256 698 698 258 256 699 699 256 254 700 700 263 261 701 701 265 263 702 702 266 264 703 703 260 258 704 704 260 258 705 705 258 256 706 706 265 263 707 707 267 265 708 708 268 266 709 709 257 255 710 710 257 255 711 711 259 257 712 712 267 265 713 713 269 267 714 714 270 268 715 715 255 253 716 716 255 253 717 717 257 255 718 718 269 267 719 719 271 269 720 720 272 270 721 721 254 252 722 722 254 252 723 723 255 253 724 724 271 269 725 725 273 271 726 726 274 272 727 727 253 251 728 728 253 251 729 729 254 252 730 730 273 271 731 731 275 273 732 732 276 274 733 733 256 254 734 734 256 254 735 735 249 247 736 736 275 273 737 737 277 275 738 738 278 276 739 739 279 277 740 740 279 277 741 741 280 278 742 742 277 275 743 743 281 279 744 744 280 278 745 745 279 277 746 746 279 277 747 747 282 280 748 748 281 279 749 749 281 279 750 750 282 280 751 751 283 281 752 752 283 281 753 753 284 282 754 754 281 279 755 755 284 282 756 756 283 281 757 757 285 283 758 758 285 283 759 759 286 284 760 760 284 282 761 761 175 176 762 762 286 284 763 763 285 283 764 764 285 283 765 765 176 177 766 766 175 176 767 767 287 285 768 768 288 286 769 769 289 287 770 770 289 287 771 771 290 288 772 772 287 285 773 773 287 285 774 774 290 288 775 775 291 289 776 776 291 289 777 777 292 290 778 778 287 285 779 779 292 290 780 780 291 289 781 781 293 291 782 782 293 291 783 783 294 292 784 784 292 290 785 785 295 293 786 786 294 292 787 787 293 291 788 788 293 291 789 789 296 294 790 790 295 293 791 791 295 293 792 792 296 294 793 793 278 276 794 794 278 276 795 795 277 275 796 796 295 293 797 797 297 295 798 798 298 296 799 799 299 297 800 800 299 297 801 801 300 298 802 802 297 295 803 803 300 298 804 804 299 297 805 805 301 299 806 806 301 299 807 807 302 300 808 808 300 298 809 809 303 301 810 810 302 300 811 811 301 299 812 812 301 299 813 813 304 302 814 814 303 301 815 815 303 301 816 816 304 302 817 817 305 303 818 818 305 303 819 819 306 304 820 820 303 301 821 821 306 304 822 822 305 303 823 823 289 287 824 824 289 287 825 825 288 286 826 826 306 304 827 827 307 305 828 828 308 306 829 829 309 307 830 830 309 307 831 831 310 308 832 832 307 305 833 833 311 309 834 834 310 308 835 835 309 307 836 836 309 307 837 837 312 310 838 838 311 309 839 839 311 309 840 840 312 310 841 841 313 311 842 842 313 311 843 843 314 312 844 844 311 309 845 845 314 312 846 846 313 311 847 847 315 313 848 848 315 313 849 849 316 314 850 850 314 312 851 851 297 295 852 852 316 314 853 853 315 313 854 854 315 313 855 855 298 296 856 856 297 295 857 857 317 315 858 858 318 316 859 859 319 317 860 860 319 317 861 861 320 318 862 862 317 315 863 863 321 319 864 864 317 315 865 865 320 318 866 866 320 318 867 867 322 320 868 868 321 319 869 869 323 321 870 870 321 319 871 871 322 320 872 872 322 320 873 873 324 322 874 874 323 321 875 875 325 323 876 876 323 321 877 877 324 322 878 878 324 322 879 879 326 324 880 880 325 323 881 881 327 325 882 882 325 323 883 883 326 324 884 884 326 324 885 885 328 326 886 886 327 325 887 887 329 327 888 888 327 325 889 889 328 326 890 890 328 326 891 891 330 328 892 892 329 327 893 893 331 329 894 894 332 330 895 895 333 331 896 896 334 332 897 897 335 333 898 898 336 334 899 899 336 334 900 900 337 335 901 901 334 332 902 902 334 332 903 903 337 335 904 904 331 329 905 905 331 329 906 906 338 336 907 907 334 332 908 908 333 331 909 909 338 336 910 910 331 329 911 911 338 336 912 912 333 331 913 913 339 337 914 914 339 337 915 915 340 338 916 916 338 336 917 917 340 338 918 918 339 337 919 919 341 339 920 920 341 339 921 921 342 340 922 922 340 338 923 923 342 340 924 924 341 339 925 925 343 341 926 926 335 333 927 927 334 332 928 928 344 342 929 929 344 342 930 930 334 332 931 931 338 336 932 932 338 336 933 933 340 338 934 934 344 342 935 935 345 343 936 936 344 342 937 937 340 338 938 938 340 338 939 939 342 340 940 940 345 343 941 941 346 344 942 942 345 343 943 943 342 340 944 944 342 340 945 945 347 345 946 946 346 344 947 947 348 346 948 948 346 344 949 949 347 345 950 950 347 345 951 951 349 347 952 952 348 346 953 953 350 348 954 954 345 343 955 955 346 344 956 956 351 349 957 957 350 348 958 958 352 350 959 959 346 344 960 960 352 350 961 961 350 348 962 962 352 350 963 963 346 344 964 964 348 346 965 965 343 341 966 966 347 345 967 967 342 340 968 968 347 345 969 969 343 341 970 970 353 351 971 971 353 351 972 972 349 347 973 973 347 345 974 974 349 347 975 975 353 351 976 976 354 352 977 977 354 352 978 978 355 353 979 979 349 347 980 980 349 347 981 981 355 353 982 982 356 354 983 983 356 354 984 984 348 346 985 985 349 347 986 986 357 355 987 987 348 346 988 988 356 354 989 989 348 346 990 990 357 355 991 991 352 350 992 992 358 356 993 993 352 350 994 994 357 355 995 995 359 357 996 996 360 358 997 997 361 359 998 998 361 359 999 999 362 360 1000 1000 359 357 1001 1001 361 359 1002 1002 363 361 1003 1003 362 360 1004 1004 362 360 1005 1005 363 361 1006 1006 364 362 1007 1007 362 360 1008 1008 364 362 1009 1009 358 356 1010 1010 358 356 1011 1011 359 357 1012 1012 362 360 1013 1013 357 355 1014 1014 359 357 1015 1015 358 356 1016 1016 359 357 1017 1017 357 355 1018 1018 365 363 1019 1019 356 354 1020 1020 365 363 1021 1021 357 355 1022 1022 365 363 1023 1023 360 358 1024 1024 359 357 1025 1025 352 350 1026 1026 358 356 1027 1027 351 349 1028 1028 351 349 1029 1029 358 356 1030 1030 364 362 1031 1031 364 362 1032 1032 366 364 1033 1033 351 349 1034 1034 364 362 1035 1035 363 361 1036 1036 366 364 1037 1037 366 364 1038 1038 363 361 1039 1039 367 365 1040 1040 367 365 1041 1041 363 361 1042 1042 368 366 1043 1043 367 365 1044 1044 368 366 1045 1045 369 367 1046 1046 370 368 1047 1047 369 367 1048 1048 368 366 1049 1049 335 333 1050 1050 369 367 1051 1051 370 368 1052 1052 370 368 1053 1053 336 334 1054 1054 335 333 1055 1055 368 366 1056 1056 363 361 1057 1057 371 369 1058 1058 368 366 1059 1059 371 369 1060 1060 370 368 1061 1061 372 370 1062 1062 344 342 1063 1063 345 343 1064 1064 345 343 1065 1065 350 348 1066 1066 372 370 1067 1067 373 371 1068 1068 372 370 1069 1069 350 348 1070 1070 350 348 1071 1071 351 349 1072 1072 373 371 1073 1073 373 371 1074 1074 351 349 1075 1075 366 364 1076 1076 366 364 1077 1077 367 365 1078 1078 373 371 1079 1079 369 367 1080 1080 373 371 1081 1081 367 365 1082 1082 372 370 1083 1083 373 371 1084 1084 369 367 1085 1085 369 367 1086 1086 335 333 1087 1087 372 370 1088 1088 344 342 1089 1089 372 370 1090 1090 335 333 1091 1091 374 372 1092 1092 375 373 1093 1093 376 374 1094 1094 376 374 1095 1095 377 375 1096 1096 374 372 1097 1097 377 375 1098 1098 376 374 1099 1099 378 376 1100 1100 378 376 1101 1101 379 377 1102 1102 377 375 1103 1103 379 377 1104 1104 378 376 1105 1105 380 378 1106 1106 380 378 1107 1107 381 379 1108 1108 379 377 1109 1109 381 379 1110 1110 380 378 1111 1111 382 380 1112 1112 382 380 1113 1113 383 381 1114 1114 381 379 1115 1115 383 381 1116 1116 382 380 1117 1117 384 382 1118 1118 384 382 1119 1119 385 383 1120 1120 383 381 1121 1121 385 383 1122 1122 384 382 1123 1123 386 384 1124 1124 377 375 1125 1125 379 377 1126 1126 381 379 1127 1127 381 379 1128 1128 374 372 1129 1129 377 375 1130 1130 374 372 1131 1131 381 379 1132 1132 383 381 1133 1133 383 381 1134 1134 387 385 1135 1135 374 372 1136 1136 387 385 1137 1137 383 381 1138 1138 385 383 1139 1139 385 383 1140 1140 388 386 1141 1141 387 385 1142 1142 386 384 1143 1143 388 386 1144 1144 385 383 1145 1145 388 386 1146 1146 386 384 1147 1147 389 387 1148 1148 389 387 1149 1149 387 385 1150 1150 388 386 1151 1151 387 385 1152 1152 389 387 1153 1153 375 373 1154 1154 375 373 1155 1155 374 372 1156 1156 387 385 1157 1157 390 388 1158 1158 391 389 1159 1159 392 390 1160 1160 393 391 1161 1161 394 392 1162 1162 395 393 1163 1163 395 393 1164 1164 396 394 1165 1165 393 391 1166 1166 397 395 1167 1167 393 391 1168 1168 396 394 1169 1169 396 394 1170 1170 398 396 1171 1171 397 395 1172 1172 399 397 1173 1173 397 395 1174 1174 398 396 1175 1175 398 396 1176 1176 390 388 1177 1177 399 397 1178 1178 392 390 1179 1179 399 397 1180 1180 390 388 1181 1181 399 397 1182 1182 392 390 1183 1183 400 398 1184 1184 400 398 1185 1185 401 399 1186 1186 399 397 1187 1187 397 395 1188 1188 399 397 1189 1189 401 399 1190 1190 401 399 1191 1191 402 400 1192 1192 397 395 1193 1193 393 391 1194 1194 397 395 1195 1195 402 400 1196 1196 402 400 1197 1197 403 401 1198 1198 393 391 1199 1199 394 392 1200 1200 393 391 1201 1201 403 401 1202 1202 403 401 1203 1203 404 402 1204 1204 394 392 1205 1205 405 403 1206 1206 394 392 1207 1207 404 402 1208 1208 404 402 1209 1209 406 404 1210 1210 405 403 1211 1211 407 405 1212 1212 405 403 1213 1213 406 404 1214 1214 406 404 1215 1215 408 406 1216 1216 407 405 1217 1217 409 407 1218 1218 407 405 1219 1219 408 406 1220 1220 408 406 1221 1221 410 408 1222 1222 409 407 1223 1223 410 408 1224 1224 411 409 1225 1225 412 410 1226 1226 412 410 1227 1227 409 407 1228 1228 410 408 1229 1229 409 407 1230 1230 412 410 1231 1231 413 411 1232 1232 413 411 1233 1233 414 412 1234 1234 409 407 1235 1235 407 405 1236 1236 409 407 1237 1237 414 412 1238 1238 414 412 1239 1239 415 413 1240 1240 407 405 1241 1241 405 403 1242 1242 407 405 1243 1243 415 413 1244 1244 415 413 1245 1245 416 414 1246 1246 405 403 1247 1247 394 392 1248 1248 405 403 1249 1249 416 414 1250 1250 416 414 1251 1251 395 393 1252 1252 394 392 1253 1253 417 415 1254 1254 418 416 1255 1255 419 417 1256 1256 419 417 1257 1257 420 418 1258 1258 417 415 1259 1259 420 418 1260 1260 419 417 1261 1261 421 419 1262 1262 421 419 1263 1263 422 420 1264 1264 420 418 1265 1265 422 420 1266 1266 421 419 1267 1267 423 421 1268 1268 423 421 1269 1269 424 422 1270 1270 422 420 1271 1271 424 422 1272 1272 423 421 1273 1273 425 423 1274 1274 425 423 1275 1275 426 424 1276 1276 424 422 1277 1277 426 424 1278 1278 425 423 1279 1279 427 425 1280 1280 427 425 1281 1281 428 426 1282 1282 426 424 1283 1283 428 426 1284 1284 427 425 1285 1285 429 427 1286 1286 429 427 1287 1287 430 428 1288 1288 428 426 1289 1289 431 429 1290 1290 432 430 1291 1291 433 431 1292 1292 433 431 1293 1293 434 432 1294 1294 431 429 1295 1295 434 432 1296 1296 433 431 1297 1297 435 433 1298 1298 435 433 1299 1299 436 434 1300 1300 434 432 1301 1301 436 434 1302 1302 435 433 1303 1303 437 435 1304 1304 437 435 1305 1305 438 436 1306 1306 436 434 1307 1307 438 436 1308 1308 437 435 1309 1309 439 437 1310 1310 439 437 1311 1311 440 438 1312 1312 438 436 1313 1313 440 438 1314 1314 439 437 1315 1315 441 439 1316 1316 441 439 1317 1317 442 440 1318 1318 440 438 1319 1319 442 440 1320 1320 441 439 1321 1321 443 441 1322 1322 443 441 1323 1323 444 442 1324 1324 442 440 1325 1325 445 443 1326 1326 446 444 1327 1327 447 445 1328 1328 447 445 1329 1329 448 446 1330 1330 445 443 1331 1331 448 446 1332 1332 447 445 1333 1333 449 447 1334 1334 449 447 1335 1335 450 448 1336 1336 448 446 1337 1337 450 448 1338 1338 449 447 1339 1339 451 449 1340 1340 451 449 1341 1341 452 450 1342 1342 450 448 1343 1343 452 450 1344 1344 451 449 1345 1345 453 451 1346 1346 453 451 1347 1347 454 452 1348 1348 452 450 1349 1349 454 452 1350 1350 453 451 1351 1351 455 453 1352 1352 455 453 1353 1353 456 454 1354 1354 454 452 1355 1355 456 454 1356 1356 455 453 1357 1357 457 455 1358 1358 457 455 1359 1359 458 456 1360 1360 456 454 1361 1361 459 457 1362 1362 460 458 1363 1363 461 459 1364 1364 461 459 1365 1365 462 460 1366 1366 459 457 1367 1367 462 460 1368 1368 461 459 1369 1369 463 461 1370 1370 463 461 1371 1371 464 462 1372 1372 462 460 1373 1373 464 462 1374 1374 463 461 1375 1375 465 463 1376 1376 465 463 1377 1377 466 464 1378 1378 464 462 1379 1379 466 464 1380 1380 465 463 1381 1381 467 465 1382 1382 467 465 1383 1383 468 466 1384 1384 466 464 1385 1385 468 466 1386 1386 467 465 1387 1387 469 467 1388 1388 469 467 1389 1389 470 468 1390 1390 468 466 1391 1391 470 468 1392 1392 469 467 1393 1393 471 469 1394 1394 471 469 1395 1395 472 470 1396 1396 470 468 1397 1397 473 471 1398 1398 474 472 1399 1399 475 473 1400 1400 473 471 1401 1401 475 473 1402 1402 476 474 1403 1403 477 475 1404 1404 473 471 1405 1405 476 474 1406 1406 476 474 1407 1407 478 476 1408 1408 477 475 1409 1409 479 477 1410 1410 477 475 1411 1411 478 476 1412 1412 478 476 1413 1413 480 478 1414 1414 479 477 1415 1415 479 477 1416 1416 480 478 1417 1417 481 479 1418 1418 481 479 1419 1419 482 480 1420 1420 479 477 1421 1421 483 481 1422 1422 482 480 1423 1423 481 479 1424 1424 481 479 1425 1425 484 482 1426 1426 483 481 1427 1427 485 483 1428 1428 483 481 1429 1429 484 482 1430 1430 484 482 1431 1431 486 484 1432 1432 485 483 1433 1433 487 485 1434 1434 485 483 1435 1435 486 484 1436 1436 486 484 1437 1437 488 486 1438 1438 487 485 1439 1439 487 485 1440 1440 488 486 1441 1441 489 487 1442 1442 487 485 1443 1443 489 487 1444 1444 490 488 1445 1445 487 485 1446 1446 490 488 1447 1447 491 489 1448 1448 491 489 1449 1449 492 490 1450 1450 487 485 1451 1451 493 491 1452 1452 492 490 1453 1453 491 489 1454 1454 491 489 1455 1455 494 492 1456 1456 493 491 1457 1457 494 492 1458 1458 495 493 1459 1459 493 491 1460 1460 495 493 1461 1461 494 492 1462 1462 496 494 1463 1463 496 494 1464 1464 474 472 1465 1465 495 493 1466 1466 473 471 1467 1467 495 493 1468 1468 474 472 1469 1469 497 495 1470 1470 498 496 1471 1471 499 497 1472 1472 500 498 1473 1473 499 497 1474 1474 498 496 1475 1475 498 496 1476 1476 501 499 1477 1477 500 498 1478 1478 500 498 1479 1479 501 499 1480 1480 502 500 1481 1481 503 501 1482 1482 504 502 1483 1483 505 503 1484 1484 505 503 1485 1485 506 504 1486 1486 503 501 1487 1487 507 505 1488 1488 503 501 1489 1489 506 504 1490 1490 506 504 1491 1491 508 506 1492 1492 507 505 1493 1493 509 507 1494 1494 507 505 1495 1495 508 506 1496 1496 508 506 1497 1497 510 508 1498 1498 509 507 1499 1499 509 507 1500 1500 510 508 1501 1501 511 509 1502 1502 511 509 1503 1503 512 510 1504 1504 509 507 1505 1505 513 511 1506 1506 512 510 1507 1507 511 509 1508 1508 511 509 1509 1509 514 512 1510 1510 513 511 1511 1511 515 513 1512 1512 513 511 1513 1513 514 512 1514 1514 514 512 1515 1515 516 514 1516 1516 515 513 1517 1517 517 515 1518 1518 518 516 1519 1519 519 517 1520 1520 520 518 1521 1521 521 519 1522 1522 522 520 1523 1523 522 520 1524 1524 523 521 1525 1525 520 518 1526 1526 523 521 1527 1527 522 520 1528 1528 524 522 1529 1529 524 522 1530 1530 525 523 1531 1531 523 521 1532 1532 525 523 1533 1533 524 522 1534 1534 517 515 1535 1535 517 515 1536 1536 526 524 1537 1537 525 523 1538 1538 517 515 1539 1539 519 517 1540 1540 526 524 1541 1541 519 517 1542 1542 527 525 1543 1543 526 524 1544 1544 528 526 1545 1545 529 527 1546 1546 530 528 1547 1547 530 528 1548 1548 531 529 1549 1549 528 526 1550 1550 532 530 1551 1551 531 529 1552 1552 530 528 1553 1553 530 528 1554 1554 533 531 1555 1555 532 530 1556 1556 532 530 1557 1557 533 531 1558 1558 534 532 1559 1559 534 532 1560 1560 535 533 1561 1561 532 530 1562 1562 535 533 1563 1563 534 532 1564 1564 536 534 1565 1565 536 534 1566 1566 537 535 1567 1567 535 533 1568 1568 537 535 1569 1569 536 534 1570 1570 538 536 1571 1571 538 536 1572 1572 539 537 1573 1573 537 535 1574 1574 540 538 1575 1575 541 539 1576 1576 542 540 1577 1577 542 540 1578 1578 543 541 1579 1579 540 538 1580 1580 544 542 1581 1581 545 543 1582 1582 543 541 1583 1583 543 541 1584 1584 546 544 1585 1585 544 542 1586 1586 546 544 1587 1587 543 541 1588 1588 542 540 1589 1589 546 544 1590 1590 542 540 1591 1591 547 545 1592 1592 547 545 1593 1593 542 540 1594 1594 548 546 1595 1595 548 546 1596 1596 549 547 1597 1597 547 545 1598 1598 550 548 1599 1599 551 549 1600 1600 546 544 1601 1601 546 544 1602 1602 552 550 1603 1603 550 548 1604 1604 547 545 1605 1605 552 550 1606 1606 546 544 1607 1607 552 550 1608 1608 547 545 1609 1609 553 551 1610 1610 553 551 1611 1611 547 545 1612 1612 554 552 1613 1613 554 552 1614 1614 555 553 1615 1615 553 551 1616 1616 556 554 1617 1617 557 555 1618 1618 552 550 1619 1619 552 550 1620 1620 558 556 1621 1621 556 554 1622 1622 553 551 1623 1623 558 556 1624 1624 552 550 1625 1625 558 556 1626 1626 553 551 1627 1627 559 557 1628 1628 559 557 1629 1629 553 551 1630 1630 560 558 1631 1631 560 558 1632 1632 561 559 1633 1633 559 557 1634 1634 562 560 1635 1635 563 561 1636 1636 558 556 1637 1637 558 556 1638 1638 564 562 1639 1639 562 560 1640 1640 559 557 1641 1641 564 562 1642 1642 558 556 1643 1643 559 557 1644 1644 565 563 1645 1645 564 562 1646 1646 565 563 1647 1647 559 557 1648 1648 566 564 1649 1649 566 564 1650 1650 567 565 1651 1651 565 563 1652 1652 568 566 1653 1653 569 567 1654 1654 564 562 1655 1655 564 562 1656 1656 565 563 1657 1657 568 566 1658 1658 570 568 1659 1659 571 569 1660 1660 572 570 1661 1661 572 570 1662 1662 573 571 1663 1663 570 568 1664 1664 574 572 1665 1665 575 573 1666 1666 573 571 1667 1667 573 571 1668 1668 576 574 1669 1669 574 572 1670 1670 577 575 1671 1671 578 576 1672 1672 576 574 1673 1673 576 574 1674 1674 579 577 1675 1675 577 575 1676 1676 580 225 1677 1677 581 578 1678 1678 579 577 1679 1679 579 577 1680 1680 582 579 1681 1681 580 225 1682 1682 583 580 1683 1683 584 229 1684 1684 585 581 1685 1685 585 581 1686 1686 572 570 1687 1687 583 580 1688 1688 572 570 1689 1689 585 581 1690 1690 573 571 1691 1691 573 571 1692 1692 585 581 1693 1693 586 582 1694 1694 586 582 1695 1695 576 574 1696 1696 573 571 1697 1697 576 574 1698 1698 586 582 1699 1699 587 583 1700 1700 587 583 1701 1701 579 577 1702 1702 576 574 1703 1703 579 577 1704 1704 587 583 1705 1705 588 584 1706 1706 588 584 1707 1707 582 579 1708 1708 579 577 1709 1709 588 584 1710 1710 589 585 1711 1711 582 579 1712 1712 582 579 1713 1713 589 585 1714 1714 590 586 1715 1715 590 586 1716 1716 591 587 1717 1717 582 579 1718 1718 592 588 1719 1719 593 589 1720 1720 589 585 1721 1721 589 585 1722 1722 588 584 1723 1723 592 588 1724 1724 594 590 1725 1725 595 591 1726 1726 588 584 1727 1727 588 584 1728 1728 587 583 1729 1729 594 590 1730 1730 596 592 1731 1731 597 593 1732 1732 587 583 1733 1733 587 583 1734 1734 586 582 1735 1735 596 592 1736 1736 598 594 1737 1737 599 595 1738 1738 586 582 1739 1739 586 582 1740 1740 585 581 1741 1741 598 594 1742 1742 600 596 1743 1743 601 245 1744 1744 602 597 1745 1745 602 597 1746 1746 603 598 1747 1747 600 596 1748 1748 604 599 1749 1749 605 600 1750 1750 606 601 1751 1751 606 601 1752 1752 607 602 1753 1753 604 599 1754 1754 608 603 1755 1755 607 602 1756 1756 606 601 1757 1757 608 603 1758 1758 606 601 1759 1759 609 604 1760 1760 609 604 1761 1761 610 605 1762 1762 608 603 1763 1763 610 605 1764 1764 609 604 1765 1765 611 606 1766 1766 611 606 1767 1767 602 597 1768 1768 610 605 1769 1769 602 597 1770 1770 611 606 1771 1771 612 607 1772 1772 612 607 1773 1773 603 598 1774 1774 602 597 1775 1775 612 607 1776 1776 613 608 1777 1777 603 598 1778 1778 603 598 1779 1779 613 608 1780 1780 614 609 1781 1781 614 609 1782 1782 615 250 1783 1783 603 598 1784 1784 616 610 1785 1785 617 611 1786 1786 610 605 1787 1787 610 605 1788 1788 602 597 1789 1789 616 610 1790 1790 618 612 1791 1791 619 613 1792 1792 612 607 1793 1793 612 607 1794 1794 611 606 1795 1795 618 612 1796 1796 620 614 1797 1797 621 615 1798 1798 611 606 1799 1799 611 606 1800 1800 609 604 1801 1801 620 614 1802 1802 622 616 1803 1803 623 617 1804 1804 609 604 1805 1805 609 604 1806 1806 606 601 1807 1807 622 616 1808 1808 624 618 1809 1809 625 619 1810 1810 608 603 1811 1811 608 603 1812 1812 610 605 1813 1813 624 618 1814 1814 626 620 1815 1815 627 621 1816 1816 607 602 1817 1817 607 602 1818 1818 608 603 1819 1819 626 620 1820 1820 628 622 1821 1821 629 623 1822 1822 613 608 1823 1823 613 608 1824 1824 612 607 1825 1825 628 622 1826 1826 630 624 1827 1827 631 625 1828 1828 632 626 1829 1829 632 626 1830 1830 633 627 1831 1831 630 624 1832 1832 634 628 1833 1833 633 627 1834 1834 632 626 1835 1835 633 627 1836 1836 634 628 1837 1837 635 629 1838 1838 635 629 1839 1839 630 624 1840 1840 633 627 1841 1841 630 624 1842 1842 635 629 1843 1843 636 630 1844 1844 636 630 1845 1845 631 625 1846 1846 630 624 1847 1847 631 625 1848 1848 636 630 1849 1849 637 631 1850 1850 637 631 1851 1851 632 626 1852 1852 631 625 1853 1853 632 626 1854 1854 637 631 1855 1855 634 628 1856 1856 638 632 1857 1857 639 633 1858 1858 640 634 1859 1859 639 633 1860 1860 638 632 1861 1861 641 635 1862 1862 641 635 1863 1863 642 636 1864 1864 639 633 1865 1865 643 637 1866 1866 644 638 1867 1867 645 639 1868 1868 645 639 1869 1869 646 640 1870 1870 643 637 1871 1871 646 640 1872 1872 645 639 1873 1873 647 641 1874 1874 647 641 1875 1875 648 642 1876 1876 646 640 1877 1877 648 642 1878 1878 647 641 1879 1879 649 643 1880 1880 649 643 1881 1881 650 644 1882 1882 648 642 1883 1883 650 644 1884 1884 649 643 1885 1885 651 645 1886 1886 651 645 1887 1887 652 646 1888 1888 650 644 1889 1889 652 646 1890 1890 651 645 1891 1891 653 647 1892 1892 653 647 1893 1893 654 648 1894 1894 652 646 1895 1895 654 648 1896 1896 653 647 1897 1897 638 649 1898 1898 655 650 1899 1899 656 651 1900 1900 657 652 1901 1901 657 652 1902 1902 658 653 1903 1903 655 650 1904 1904 659 654 1905 1905 655 650 1906 1906 658 653 1907 1907 658 653 1908 1908 660 655 1909 1909 659 654 1910 1910 661 656 1911 1911 659 654 1912 1912 660 655 1913 1913 660 655 1914 1914 662 657 1915 1915 661 656 1916 1916 663 658 1917 1917 661 656 1918 1918 662 657 1919 1919 662 657 1920 1920 664 659 1921 1921 663 658 1922 1922 665 660 1923 1923 663 658 1924 1924 664 659 1925 1925 664 659 1926 1926 666 661 1927 1927 665 660 1928 1928 667 662 1929 1929 665 660 1930 1930 666 661 1931 1931 666 661 1932 1932 668 663 1933 1933 667 662 1934 1934 669 664 1935 1935 670 665 1936 1936 671 666 1937 1937 671 666 1938 1938 670 665 1939 1939 672 667 1940 1940 672 667 1941 1941 673 668 1942 1942 671 666 1943 1943 672 667 1944 1944 674 669 1945 1945 673 668 1946 1946 675 670 1947 1947 676 671 1948 1948 677 672 1949 1949 677 672 1950 1950 678 673 1951 1951 675 670 1952 1952 679 674 1953 1953 675 670 1954 1954 678 673 1955 1955 678 673 1956 1956 680 675 1957 1957 679 674 1958 1958 681 676 1959 1959 679 674 1960 1960 680 675 1961 1961 680 675 1962 1962 682 677 1963 1963 681 676 1964 1964 683 678 1965 1965 681 676 1966 1966 682 677 1967 1967 682 677 1968 1968 684 679 1969 1969 683 678 1970 1970 685 680 1971 1971 683 678 1972 1972 684 679 1973 1973 684 679 1974 1974 686 681 1975 1975 685 680 1976 1976 687 682 1977 1977 685 680 1978 1978 686 681 1979 1979 686 681 1980 1980 688 683 1981 1981 687 682 1982 1982 689 684 1983 1983 690 685 1984 1984 691 686 1985 1985 691 686 1986 1986 692 687 1987 1987 689 684 1988 1988 693 688 1989 1989 689 684 1990 1990 692 687 1991 1991 692 687 1992 1992 694 689 1993 1993 693 688 1994 1994 695 690 1995 1995 693 688 1996 1996 694 689 1997 1997 694 689 1998 1998 696 691 1999 1999 695 690 2000 2000 697 692 2001 2001 695 690 2002 2002 696 691 2003 2003 696 691 2004 2004 698 693 2005 2005 697 692 2006 2006 699 694 2007 2007 697 692 2008 2008 698 693 2009 2009 698 693 2010 2010 700 695 2011 2011 699 694 2012 2012 701 696 2013 2013 699 694 2014 2014 700 695 2015 2015 700 695 2016 2016 702 697 2017 2017 701 696 2018 2018 703 698 2019 2019 704 699 2020 2020 705 700 2021 2021 705 700 2022 2022 706 701 2023 2023 703 698 2024 2024 707 702 2025 2025 703 698 2026 2026 706 701 2027 2027 706 701 2028 2028 708 703 2029 2029 707 702 2030 2030 709 704 2031 2031 707 702 2032 2032 708 703 2033 2033 708 703 2034 2034 710 705 2035 2035 709 704 2036 2036 711 706 2037 2037 709 704 2038 2038 710 705 2039 2039 710 705 2040 2040 712 707 2041 2041 711 706 2042 2042 713 708 2043 2043 711 706 2044 2044 712 707 2045 2045 712 707 2046 2046 714 709 2047 2047 713 708 2048 2048 715 710 2049 2049 713 708 2050 2050 714 709 2051 2051 714 709 2052 2052 716 711 2053 2053 715 710 2054 2054 717 712 2055 2055 718 713 2056 2056 719 714 2057 2057 719 714 2058 2058 720 715 2059 2059 717 712 2060 2060 721 716 2061 2061 717 712 2062 2062 720 715 2063 2063 720 715 2064 2064 722 717 2065 2065 721 716 2066 2066 723 718 2067 2067 721 716 2068 2068 722 717 2069 2069 722 717 2070 2070 724 719 2071 2071 723 718 2072 2072 725 720 2073 2073 723 718 2074 2074 724 719 2075 2075 724 719 2076 2076 726 721 2077 2077 725 720 2078 2078 727 722 2079 2079 725 720 2080 2080 726 721 2081 2081 726 721 2082 2082 728 723 2083 2083 727 722 2084 2084 729 724 2085 2085 727 722 2086 2086 728 723 2087 2087 728 723 2088 2088 730 725 2089 2089 729 724 2090 2090 731 726 2091 2091 732 727 2092 2092 733 728 2093 2093 734 729 2094 2094 735 730 2095 2095 736 731 2096 2096 736 731 2097 2097 737 732 2098 2098 734 729 2099 2099 737 732 2100 2100 736 731 2101 2101 738 733 2102 2102 738 733 2103 2103 739 734 2104 2104 737 732 2105 2105 739 734 2106 2106 738 733 2107 2107 732 727 2108 2108 732 727 2109 2109 740 735 2110 2110 739 734 2111 2111 740 735 2112 2112 732 727 2113 2113 731 726 2114 2114 740 735 2115 2115 731 726 2116 2116 741 736 2117 2117 742 737 2118 2118 743 738 2119 2119 744 739 2120 2120 744 739 2121 2121 745 740 2122 2122 742 737 2123 2123 746 741 2124 2124 745 740 2125 2125 744 739 2126 2126 744 739 2127 2127 747 742 2128 2128 746 741 2129 2129 748 743 2130 2130 746 741 2131 2131 747 742 2132 2132 747 742 2133 2133 749 744 2134 2134 748 743 2135 2135 750 745 2136 2136 748 743 2137 2137 749 744 2138 2138 749 744 2139 2139 751 746 2140 2140 750 745 2141 2141 752 747 2142 2142 750 745 2143 2143 751 746 2144 2144 751 746 2145 2145 753 748 2146 2146 752 747 2147 2147 754 749 2148 2148 752 747 2149 2149 753 748 2150 2150 753 748 2151 2151 755 750 2152 2152 754 749 2153 2153 756 751 2154 2154 754 749 2155 2155 755 750 2156 2156 755 750 2157 2157 757 752 2158 2158 756 751 2159 2159 758 753 2160 2160 759 754 2161 2161 760 755 2162 2162 761 756 2163 2163 762 757 2164 2164 763 758 2165 2165 763 758 2166 2166 764 759 2167 2167 761 756 2168 2168 765 760 2169 2169 761 756 2170 2170 764 759 2171 2171 764 759 2172 2172 766 761 2173 2173 765 760 2174 2174 767 762 2175 2175 765 760 2176 2176 766 761 2177 2177 766 761 2178 2178 759 754 2179 2179 767 762 2180 2180 767 762 2181 2181 759 754 2182 2182 758 753 2183 2183 767 762 2184 2184 758 753 2185 2185 768 763 2186 2186 769 764 2187 2187 770 765 2188 2188 771 766 2189 2189 772 767 2190 2190 773 768 2191 2191 774 769 2192 2192 774 769 2193 2193 775 770 2194 2194 772 767 2195 2195 775 770 2196 2196 770 765 2197 2197 772 767 2198 2198 770 765 2199 2199 775 770 2200 2200 776 771 2201 2201 776 771 2202 2202 771 766 2203 2203 770 765 2204 2204 777 772 2205 2205 771 766 2206 2206 776 771 2207 2207 771 766 2208 2208 777 772 2209 2209 778 773 2210 2210 779 774 2211 2211 778 773 2212 2212 777 772 2213 2213 778 773 2214 2214 779 774 2215 2215 780 775 2216 2216 781 776 2217 2217 780 775 2218 2218 779 774 2219 2219 782 777 2220 2220 783 778 2221 2221 776 771 2222 2222 783 778 2223 2223 784 779 2224 2224 776 771 2225 2225 776 771 2226 2226 784 779 2227 2227 785 780 2228 2228 777 772 2229 2229 776 771 2230 2230 785 780 2231 2231 785 780 2232 2232 786 781 2233 2233 777 772 2234 2234 777 772 2235 2235 786 781 2236 2236 787 782 2237 2237 787 782 2238 2238 788 783 2239 2239 777 772 2240 2240 780 775 2241 2241 781 776 2242 2242 789 784 2243 2243 790 785 2244 2244 789 784 2245 2245 781 776 2246 2246 781 776 2247 2247 791 786 2248 2248 790 785 2249 2249 791 786 2250 2250 781 776 2251 2251 792 787 2252 2252 792 787 2253 2253 793 788 2254 2254 791 786 2255 2255 793 788 2256 2256 792 787 2257 2257 794 789 2258 2258 794 789 2259 2259 795 790 2260 2260 793 788 2261 2261 795 790 2262 2262 794 789 2263 2263 796 791 2264 2264 796 791 2265 2265 797 792 2266 2266 795 790 2267 2267 773 768 2268 2268 796 791 2269 2269 774 769 2270 2270 774 769 2271 2271 796 791 2272 2272 794 789 2273 2273 794 789 2274 2274 798 793 2275 2275 774 769 2276 2276 798 793 2277 2277 794 789 2278 2278 799 794 2279 2279 799 794 2280 2280 794 789 2281 2281 792 787 2282 2282 792 787 2283 2283 779 774 2284 2284 799 794 2285 2285 779 774 2286 2286 792 787 2287 2287 781 776 2288 2288 777 772 2289 2289 799 794 2290 2290 779 774 2291 2291 799 794 2292 2292 777 772 2293 2293 788 783 2294 2294 788 783 2295 2295 800 795 2296 2296 799 794 2297 2297 799 794 2298 2298 800 795 2299 2299 801 796 2300 2300 799 794 2301 2301 801 796 2302 2302 802 797 2303 2303 798 793 2304 2304 799 794 2305 2305 802 797 2306 2306 802 797 2307 2307 803 798 2308 2308 798 793 2309 2309 798 793 2310 2310 803 798 2311 2311 804 799 2312 2312 798 793 2313 2313 804 799 2314 2314 782 777 2315 2315 776 771 2316 2316 798 793 2317 2317 782 777 2318 2318 805 800 2319 2319 806 801 2320 2320 807 802 2321 2321 807 802 2322 2322 808 803 2323 2323 805 800 2324 2324 808 803 2325 2325 807 802 2326 2326 809 804 2327 2327 809 804 2328 2328 810 805 2329 2329 808 803 2330 2330 810 805 2331 2331 809 804 2332 2332 811 806 2333 2333 812 807 2334 2334 813 808 2335 2335 806 801 2336 2336 806 801 2337 2337 805 800 2338 2338 812 807 2339 2339 814 809 2340 2340 812 807 2341 2341 805 800 2342 2342 805 800 2343 2343 815 810 2344 2344 814 809 2345 2345 815 810 2346 2346 805 800 2347 2347 808 803 2348 2348 808 803 2349 2349 816 811 2350 2350 815 810 2351 2351 816 811 2352 2352 808 803 2353 2353 810 805 2354 2354 817 812 2355 2355 818 813 2356 2356 814 809 2357 2357 814 809 2358 2358 815 810 2359 2359 817 812 2360 2360 819 814 2361 2361 817 812 2362 2362 815 810 2363 2363 819 814 2364 2364 815 810 2365 2365 820 815 2366 2366 820 815 2367 2367 815 810 2368 2368 816 811 2369 2369 821 813 2370 2370 822 816 2371 2371 819 814 2372 2372 819 814 2373 2373 823 817 2374 2374 821 813 2375 2375 820 815 2376 2376 823 817 2377 2377 819 814 2378 2378 820 815 2379 2379 824 818 2380 2380 823 817 2381 2381 825 819 2382 2382 824 818 2383 2383 820 815 2384 2384 820 815 2385 2385 826 820 2386 2386 825 819 2387 2387 827 821 2388 2388 826 820 2389 2389 820 815 2390 2390 771 766 2391 2391 811 806 2392 2392 769 764 2393 2393 811 806 2394 2394 771 766 2395 2395 810 805 2396 2396 778 773 2397 2397 810 805 2398 2398 771 766 2399 2399 810 805 2400 2400 778 773 2401 2401 816 811 2402 2402 780 775 2403 2403 816 811 2404 2404 778 773 2405 2405 816 811 2406 2406 780 775 2407 2407 820 815 2408 2408 789 784 2409 2409 820 815 2410 2410 780 775 2411 2411 820 815 2412 2412 789 784 2413 2413 827 821 2414 2414 828 822 2415 2415 827 821 2416 2416 789 784 2417 2417 789 784 2418 2418 790 785 2419 2419 828 822 2420 2420 829 823 2421 2421 828 822 2422 2422 790 785 2423 2423 790 785 2424 2424 830 824 2425 2425 829 823 2426 2426 830 824 2427 2427 790 785 2428 2428 791 786 2429 2429 791 786 2430 2430 831 825 2431 2431 830 824 2432 2432 831 825 2433 2433 791 786 2434 2434 793 788 2435 2435 793 788 2436 2436 832 826 2437 2437 831 825 2438 2438 832 826 2439 2439 793 788 2440 2440 795 790 2441 2441 795 790 2442 2442 833 827 2443 2443 832 826 2444 2444 833 827 2445 2445 795 790 2446 2446 797 792 2447 2447 797 792 2448 2448 834 828 2449 2449 833 827 2450 2450 75 76 2451 2451 73 74 2452 2452 835 829 2453 2453 75 76 2454 2454 835 829 2455 2455 836 830 2456 2456 836 830 2457 2457 835 829 2458 2458 837 831 2459 2459 838 832 2460 2460 839 833 2461 2461 840 834 2462 2462 840 834 2463 2463 841 835 2464 2464 838 832 2465 2465 842 836 2466 2466 838 832 2467 2467 841 835 2468 2468 841 835 2469 2469 843 837 2470 2470 842 836 2471 2471 844 838 2472 2472 842 836 2473 2473 843 837 2474 2474 843 837 2475 2475 845 839 2476 2476 844 838 2477 2477 846 840 2478 2478 844 838 2479 2479 845 839 2480 2480 845 839 2481 2481 847 841 2482 2482 846 840 2483 2483 848 842 2484 2484 846 840 2485 2485 847 841 2486 2486 847 841 2487 2487 849 843 2488 2488 848 842 2489 2489 850 844 2490 2490 851 845 2491 2491 852 846 2492 2492 852 846 2493 2493 853 847 2494 2494 850 844 2495 2495 854 848 2496 2496 850 844 2497 2497 853 847 2498 2498 853 847 2499 2499 855 849 2500 2500 854 848 2501 2501 856 850 2502 2502 854 848 2503 2503 855 849 2504 2504 855 849 2505 2505 857 851 2506 2506 856 850 2507 2507 858 852 2508 2508 856 850 2509 2509 857 851 2510 2510 857 851 2511 2511 859 853 2512 2512 858 852 2513 2513 858 852 2514 2514 859 853 2515 2515 840 834 2516 2516 840 834 2517 2517 839 833 2518 2518 858 852 2519 2519 860 854 2520 2520 861 855 2521 2521 862 856 2522 2522 862 856 2523 2523 863 857 2524 2524 860 854 2525 2525 864 858 2526 2526 860 854 2527 2527 863 857 2528 2528 863 857 2529 2529 865 859 2530 2530 864 858 2531 2531 866 860 2532 2532 864 858 2533 2533 865 859 2534 2534 865 859 2535 2535 867 861 2536 2536 866 860 2537 2537 868 862 2538 2538 869 863 2539 2539 870 864 2540 2540 870 864 2541 2541 871 865 2542 2542 868 862 2543 2543 872 866 2544 2544 868 862 2545 2545 871 865 2546 2546 871 865 2547 2547 873 867 2548 2548 872 866 2549 2549 874 868 2550 2550 872 866 2551 2551 873 867 2552 2552 873 867 2553 2553 875 869 2554 2554 874 868 2555 2555 876 870 2556 2556 874 868 2557 2557 875 869 2558 2558 875 869 2559 2559 877 871 2560 2560 876 870 2561 2561 878 872 2562 2562 876 870 2563 2563 877 871 2564 2564 877 871 2565 2565 879 873 2566 2566 878 872 2567 2567 880 874 2568 2568 878 872 2569 2569 879 873 2570 2570 879 873 2571 2571 881 875 2572 2572 880 874 2573 2573 882 876 2574 2574 883 877 2575 2575 884 878 2576 2576 884 878 2577 2577 885 879 2578 2578 882 876 2579 2579 886 880 2580 2580 882 876 2581 2581 885 879 2582 2582 885 879 2583 2583 887 881 2584 2584 886 880 2585 2585 888 882 2586 2586 886 880 2587 2587 887 881 2588 2588 887 881 2589 2589 889 883 2590 2590 888 882 2591 2591 890 884 2592 2592 888 882 2593 2593 889 883 2594 2594 889 883 2595 2595 891 885 2596 2596 890 884 2597 2597 742 737 2598 2598 890 884 2599 2599 891 885 2600 2600 891 885 2601 2601 743 738 2602 2602 742 737 2603 2603 892 886 2604 2604 893 887 2605 2605 894 888 2606 2606 894 888 2607 2607 895 889 2608 2608 892 886 2609 2609 896 890 2610 2610 892 886 2611 2611 895 889 2612 2612 895 889 2613 2613 897 891 2614 2614 896 890 2615 2615 898 892 2616 2616 899 893 2617 2617 900 894 2618 2618 900 894 2619 2619 901 895 2620 2620 898 892 2621 2621 902 896 2622 2622 898 892 2623 2623 901 895 2624 2624 901 895 2625 2625 903 897 2626 2626 902 896 2627 2627 904 898 2628 2628 902 896 2629 2629 903 897 2630 2630 903 897 2631 2631 905 899 2632 2632 904 898 2633 2633 906 900 2634 2634 904 898 2635 2635 905 899 2636 2636 905 899 2637 2637 907 901 2638 2638 906 900 2639 2639 893 887 2640 2640 906 900 2641 2641 907 901 2642 2642 907 901 2643 2643 894 888 2644 2644 893 887 2645 2645 908 902 2646 2646 909 903 2647 2647 910 904 2648 2648 910 904 2649 2649 911 905 2650 2650 908 902 2651 2651 912 906 2652 2652 908 902 2653 2653 911 905 2654 2654 911 905 2655 2655 913 907 2656 2656 912 906 2657 2657 914 908 2658 2658 912 906 2659 2659 913 907 2660 2660 913 907 2661 2661 915 909 2662 2662 914 908 2663 2663 916 910 2664 2664 914 908 2665 2665 915 909 2666 2666 915 909 2667 2667 917 911 2668 2668 916 910 2669 2669 899 893 2670 2670 916 910 2671 2671 917 911 2672 2672 917 911 2673 2673 900 894 2674 2674 899 893 2675 2675 918 912 2676 2676 919 913 2677 2677 920 914 2678 2678 920 914 2679 2679 921 915 2680 2680 918 912 2681 2681 922 916 2682 2682 918 912 2683 2683 921 915 2684 2684 921 915 2685 2685 923 917 2686 2686 922 916 2687 2687 924 918 2688 2688 922 916 2689 2689 923 917 2690 2690 923 917 2691 2691 925 919 2692 2692 924 918 2693 2693 926 920 2694 2694 927 921 2695 2695 928 922 2696 2696 928 922 2697 2697 929 923 2698 2698 926 920 2699 2699 930 924 2700 2700 926 920 2701 2701 929 923 2702 2702 926 920 2703 2703 930 924 2704 2704 931 925 2705 2705 931 925 2706 2706 932 926 2707 2707 926 920 2708 2708 931 925 2709 2709 933 927 2710 2710 932 926 2711 2711 934 928 2712 2712 932 926 2713 2713 933 927 2714 2714 933 927 2715 2715 935 929 2716 2716 934 928 2717 2717 936 930 2718 2718 934 928 2719 2719 935 929 2720 2720 935 929 2721 2721 937 931 2722 2722 936 930 2723 2723 938 932 2724 2724 939 933 2725 2725 940 934 2726 2726 938 932 2727 2727 940 934 2728 2728 941 935 2729 2729 941 935 2730 2730 942 936 2731 2731 938 932 2732 2732 942 936 2733 2733 943 937 2734 2734 944 938 2735 2735 944 938 2736 2736 938 932 2737 2737 942 936 2738 2738 938 932 2739 2739 944 938 2740 2740 945 939 2741 2741 945 939 2742 2742 946 940 2743 2743 938 932 2744 2744 946 940 2745 2745 945 939 2746 2746 947 941 2747 2747 947 941 2748 2748 948 942 2749 2749 946 940 2750 2750 949 943 2751 2751 948 942 2752 2752 947 941 2753 2753 947 941 2754 2754 950 944 2755 2755 949 943 2756 2756 951 945 2757 2757 949 943 2758 2758 950 944 2759 2759 950 944 2760 2760 952 946 2761 2761 951 945 2762 2762 953 947 2763 2763 951 945 2764 2764 954 948 2765 2765 954 948 2766 2766 951 945 2767 2767 955 949 2768 2768 955 949 2769 2769 951 945 2770 2770 956 950 2771 2771 956 950 2772 2772 951 945 2773 2773 952 946 2774 2774 952 946 2775 2775 957 951 2776 2776 956 950 2777 2777 958 952 2778 2778 959 953 2779 2779 960 954 2780 2780 960 954 2781 2781 961 955 2782 2782 958 952 2783 2783 962 956 2784 2784 958 952 2785 2785 961 955 2786 2786 961 955 2787 2787 963 957 2788 2788 962 956 2789 2789 962 956 2790 2790 963 957 2791 2791 964 958 2792 2792 964 958 2793 2793 965 959 2794 2794 962 956 2795 2795 965 959 2796 2796 964 958 2797 2797 966 960 2798 2798 966 960 2799 2799 967 961 2800 2800 965 959 2801 2801 968 962 2802 2802 967 961 2803 2803 966 960 2804 2804 966 960 2805 2805 969 963 2806 2806 968 962 2807 2807 968 962 2808 2808 969 963 2809 2809 970 964 2810 2810 971 965 2811 2811 968 962 2812 2812 970 964 2813 2813 970 964 2814 2814 972 966 2815 2815 971 965 2816 2816 970 964 2817 2817 973 967 2818 2818 972 966 2819 2819 974 968 2820 2820 975 969 2821 2821 976 970 2822 2822 974 968 2823 2823 976 970 2824 2824 977 971 2825 2825 976 970 2826 2826 978 972 2827 2827 977 971 2828 2828 979 973 2829 2829 980 974 2830 2830 977 975 2831 2831 977 975 2832 2832 981 976 2833 2833 979 973 2834 2834 982 977 2835 2835 979 973 2836 2836 981 976 2837 2837 981 976 2838 2838 983 978 2839 2839 982 977 2840 2840 984 979 2841 2841 982 977 2842 2842 983 978 2843 2843 983 978 2844 2844 985 980 2845 2845 984 979 2846 2846 813 808 2847 2847 986 981 2848 2848 987 982 2849 2849 987 982 2850 2850 806 801 2851 2851 813 808 2852 2852 806 801 2853 2853 987 982 2854 2854 988 983 2855 2855 988 983 2856 2856 807 802 2857 2857 806 801 2858 2858 807 802 2859 2859 988 983 2860 2860 989 984 2861 2861 989 984 2862 2862 809 804 2863 2863 807 802 2864 2864 809 804 2865 2865 989 984 2866 2866 990 985 2867 2867 990 985 2868 2868 811 806 2869 2869 809 804 2870 2870 811 806 2871 2871 990 985 2872 2872 991 986 2873 2873 991 986 2874 2874 769 764 2875 2875 811 806 2876 2876 992 987 2877 2877 993 988 2878 2878 994 989 2879 2879 992 987 2880 2880 994 989 2881 2881 995 990 2882 2882 995 990 2883 2883 996 991 2884 2884 992 987 2885 2885 997 992 2886 2886 996 991 2887 2887 995 990 2888 2888 995 990 2889 2889 998 993 2890 2890 997 992 2891 2891 999 994 2892 2892 1000 995 2893 2893 1001 996 2894 2894 999 994 2895 2895 1001 996 2896 2896 1002 997 2897 2897 1002 997 2898 2898 1003 998 2899 2899 999 994 2900 2900 1003 998 2901 2901 1002 997 2902 2902 1004 999 2903 2903 1004 999 2904 2904 1005 1000 2905 2905 1003 998 2906 2906 1006 1001 2907 2907 1007 1002 2908 2908 1008 1003 2909 2909 1009 1004 2910 2910 1007 1002 2911 2911 1006 1001 2912 2912 1006 1001 2913 2913 1010 1005 2914 2914 1009 1004 2915 2915 1011 1006 2916 2916 1012 1007 2917 2917 1013 1008 2918 2918 1013 1008 2919 2919 1008 1003 2920 2920 1011 1006 2921 2921 1008 1003 2922 2922 1013 1008 2923 2923 1006 1001 2924 2924 1006 1001 2925 2925 1013 1008 2926 2926 1014 1009 2927 2927 1014 1009 2928 2928 1015 1010 2929 2929 1006 1001 2930 2930 1016 1011 2931 2931 1017 1012 2932 2932 1018 1013 2933 2933 1018 1013 2934 2934 1019 1014 2935 2935 1016 1011 2936 2936 1019 1014 2937 2937 1018 1013 2938 2938 1020 1015 2939 2939 1020 1015 2940 2940 1021 1016 2941 2941 1019 1014 2942 2942 1021 1016 2943 2943 1020 1015 2944 2944 1022 1017 2945 2945 1022 1017 2946 2946 1023 1018 2947 2947 1021 1016 2948 2948 1023 1018 2949 2949 1022 1017 2950 2950 1024 1019 2951 2951 1024 1019 2952 2952 1025 1020 2953 2953 1023 1018 2954 2954 1026 1021 2955 2955 1027 1022 2956 2956 1028 1023 2957 2957 1028 1023 2958 2958 1029 1024 2959 2959 1026 1021 2960 2960 1029 1024 2961 2961 1028 1023 2962 2962 1030 1025 2963 2963 1030 1025 2964 2964 1031 1026 2965 2965 1029 1024 2966 2966 1032 1027 2967 2967 1031 1026 2968 2968 1030 1025 2969 2969 1030 1025 2970 2970 1033 1028 2971 2971 1032 1027 2972 2972 1032 1027 2973 2973 1033 1028 2974 2974 1034 1029 2975 2975 1034 1029 2976 2976 1035 1030 2977 2977 1032 1027 2978 2978 1036 1031 2979 2979 1035 1030 2980 2980 1034 1029 2981 2981 1034 1029 2982 2982 1037 1032 2983 2983 1036 1031 2984 2984 1038 1033 2985 2985 1039 1034 2986 2986 1040 1035 2987 2987 1040 1035 2988 2988 1041 1036 2989 2989 1038 1033 2990 2990 1042 1037 2991 2991 1038 1033 2992 2992 1041 1036 2993 2993 1041 1036 2994 2994 1043 1038 2995 2995 1042 1037 2996 2996 1044 1039 2997 2997 1042 1037 2998 2998 1043 1038 2999 2999 1043 1038 3000 3000 1045 1040 3001 3001 1044 1039 3002 3002 1046 1041 3003 3003 1044 1039 3004 3004 1045 1040 3005 3005 1045 1040 3006 3006 1047 1042 3007 3007 1046 1041 3008 3008 1048 1043 3009 3009 1046 1041 3010 3010 1047 1042 3011 3011 1047 1042 3012 3012 1049 1044 3013 3013 1048 1043 3014 3014 1050 1045 3015 3015 1051 1046 3016 3016 1052 1047 3017 3017 1050 1045 3018 3018 1052 1047 3019 3019 1053 1048 3020 3020 1053 1048 3021 3021 1054 1049 3022 3022 1050 1045 3023 3023 1055 992 3024 3024 1054 1049 3025 3025 1053 1048 3026 3026 1053 1048 3027 3027 1056 993 3028 3028 1055 992 3029 3029 1057 1050 3030 3030 1058 1051 3031 3031 1059 1052 3032 3032 1057 1050 3033 3033 1059 1052 3034 3034 1060 1053 3035 3035 1060 1053 3036 3036 1061 1054 3037 3037 1057 1050 3038 3038 1061 1054 3039 3039 1060 1053 3040 3040 1062 1055 3041 3041 1062 1055 3042 3042 1063 1056 3043 3043 1061 1054 3044 3044 1064 1057 3045 3045 1065 1058 3046 3046 1066 1059 3047 3047 1066 1059 3048 3048 1067 1060 3049 3049 1064 1057 3050 3050 1068 1061 3051 3051 1067 1060 3052 3052 1066 1059 3053 3053 1066 1059 3054 3054 1069 1062 3055 3055 1068 1061 3056 3056 1070 1063 3057 3057 1068 1061 3058 3058 1069 1062 3059 3059 1069 1062 3060 3060 1071 1064 3061 3061 1070 1063 3062 3062 1072 1065 3063 3063 1070 1063 3064 3064 1071 1064 3065 3065 1072 1065 3066 3066 1071 1064 3067 3067 1073 1066 3068 3068 1074 1021 3069 3069 1075 1022 3070 3070 1076 1067 3071 3071 1076 1067 3072 3072 1077 1068 3073 3073 1074 1021 3074 3074 1077 1068 3075 3075 1076 1067 3076 3076 1078 1069 3077 3077 1078 1069 3078 3078 1079 1070 3079 3079 1077 1068 3080 3080 1080 1071 3081 3081 1079 1070 3082 3082 1078 1069 3083 3083 1078 1069 3084 3084 1081 1072 3085 3085 1080 1071 3086 3086 1080 1071 3087 3087 1081 1072 3088 3088 1082 1073 3089 3089 1082 1073 3090 3090 1083 1074 3091 3091 1080 1071 3092 3092 1084 1075 3093 3093 1083 1074 3094 3094 1082 1073 3095 3095 1082 1073 3096 3096 1085 1076 3097 3097 1084 1075 3098 3098 1086 1077 3099 3099 1087 1078 3100 3100 1088 1035 3101 3101 1088 1035 3102 3102 1089 1079 3103 3103 1086 1077 3104 3104 1090 1080 3105 3105 1086 1077 3106 3106 1089 1079 3107 3107 1089 1079 3108 3108 1091 1081 3109 3109 1090 1080 3110 3110 1092 1082 3111 3111 1090 1080 3112 3112 1091 1081 3113 3113 1091 1081 3114 3114 1093 1083 3115 3115 1092 1082 3116 3116 1094 1084 3117 3117 1092 1082 3118 3118 1093 1083 3119 3119 1093 1083 3120 3120 1095 1085 3121 3121 1094 1084 3122 3122 1096 1086 3123 3123 1094 1084 3124 3124 1095 1085 3125 3125 1095 1085 3126 3126 1097 1044 3127 3127 1096 1086 3128 3128 1098 1087 3129 3129 1099 1046 3130 3130 1100 1088 3131 3131 1098 1087 3132 3132 1100 1088 3133 3133 1101 1089 3134 3134 1101 1089 3135 3135 1102 1090 3136 3136 1098 1087 3137 3137 1103 992 3138 3138 1102 1090 3139 3139 1101 1089 3140 3140 1101 1089 3141 3141 1104 993 3142 3142 1103 992 3143 3143 1105 1091 3144 3144 1106 1092 3145 3145 1107 1093 3146 3146 1105 1091 3147 3147 1107 1093 3148 3148 1108 1094 3149 3149 1108 1094 3150 3150 1109 1095 3151 3151 1105 1091 3152 3152 1109 1095 3153 3153 1108 1094 3154 3154 1110 1096 3155 3155 1110 1096 3156 3156 1111 1097 3157 3157 1109 1095 3158 3158 1112 1098 3159 3159 1113 1099 3160 3160 1114 1100 3161 3161 1115 1101 3162 3162 1113 1099 3163 3163 1112 1098 3164 3164 1112 1098 3165 3165 1116 1102 3166 3166 1115 1101 3167 3167 1112 1098 3168 3168 1117 1103 3169 3169 1116 1102 3170 3170 1118 1104 3171 3171 1119 1105 3172 3172 1120 1106 3173 3173 1120 1106 3174 3174 1121 1107 3175 3175 1118 1104 3176 3176 1122 1108 3177 3177 1118 1104 3178 3178 1121 1107 3179 3179 1121 1107 3180 3180 1123 1109 3181 3181 1122 1108 3182 3182 1124 1110 3183 3183 1122 1108 3184 3184 1123 1109 3185 3185 1123 1109 3186 3186 1125 1111 3187 3187 1124 1110 3188 3188 1124 1110 3189 3189 1125 1111 3190 3190 1126 1112 3191 3191 1126 1112 3192 3192 1127 1113 3193 3193 1124 1110 3194 3194 1127 1113 3195 3195 1126 1112 3196 3196 1128 1114 3197 3197 1128 1114 3198 3198 1129 1115 3199 3199 1127 1113 3200 3200 1129 1115 3201 3201 1128 1114 3202 3202 1130 1116 3203 3203 1130 1116 3204 3204 1131 1117 3205 3205 1129 1115 3206 3206 1132 1118 3207 3207 1133 1119 3208 3208 1134 1120 3209 3209 1134 1120 3210 3210 1135 1121 3211 3211 1132 1118 3212 3212 1135 1121 3213 3213 1134 1120 3214 3214 1136 1122 3215 3215 1136 1122 3216 3216 1134 1120 3217 3217 1137 1123 3218 3218 1137 1123 3219 3219 1138 1124 3220 3220 1136 1122 3221 3221 1139 1125 3222 3222 1140 1126 3223 3223 1135 1121 3224 3224 1135 1121 3225 3225 1141 1127 3226 3226 1139 1125 3227 3227 1142 1128 3228 3228 1141 1127 3229 3229 1135 1121 3230 3230 1135 1121 3231 3231 1136 1122 3232 3232 1142 1128 3233 3233 1142 1128 3234 3234 1136 1122 3235 3235 1143 1129 3236 3236 1143 1129 3237 3237 1144 226 3238 3238 1142 1128 3239 3239 1145 1130 3240 3240 1146 1131 3241 3241 1141 1127 3242 3242 1141 1127 3243 3243 1147 1132 3244 3244 1145 1130 3245 3245 1148 1133 3246 3246 1147 1132 3247 3247 1141 1127 3248 3248 1141 1127 3249 3249 1142 1128 3250 3250 1148 1133 3251 3251 1148 1133 3252 3252 1142 1128 3253 3253 1149 1134 3254 3254 1149 1134 3255 3255 1150 1135 3256 3256 1148 1133 3257 3257 1151 1136 3258 3258 1152 1137 3259 3259 1147 1132 3260 3260 1147 1132 3261 3261 1153 1138 3262 3262 1151 1136 3263 3263 1154 1139 3264 3264 1153 1138 3265 3265 1147 1132 3266 3266 1147 1132 3267 3267 1148 1133 3268 3268 1154 1139 3269 3269 1154 1139 3270 3270 1148 1133 3271 3271 1155 1140 3272 3272 1155 1140 3273 3273 1156 1141 3274 3274 1154 1139 3275 3275 1157 1142 3276 3276 1158 1143 3277 3277 1153 1138 3278 3278 1153 1138 3279 3279 1159 1144 3280 3280 1157 1142 3281 3281 1159 1144 3282 3282 1153 1138 3283 3283 1154 1139 3284 3284 1159 1144 3285 3285 1154 1139 3286 3286 1160 1145 3287 3287 1160 1145 3288 3288 1161 1146 3289 3289 1159 1144 3290 3290 1162 1147 3291 3291 1163 1148 3292 3292 1164 1035 3293 3293 1164 1035 3294 3294 1165 1149 3295 3295 1162 1147 3296 3296 1166 1150 3297 3297 1162 1147 3298 3298 1165 1149 3299 3299 1165 1149 3300 3300 1167 1151 3301 3301 1166 1150 3302 3302 1168 1152 3303 3303 1166 1150 3304 3304 1167 1151 3305 3305 1167 1151 3306 3306 1169 1153 3307 3307 1168 1152 3308 3308 1170 1154 3309 3309 1168 1152 3310 3310 1169 1153 3311 3311 1169 1153 3312 3312 1171 1155 3313 3313 1170 1154 3314 3314 1172 1156 3315 3315 1170 1154 3316 3316 1171 1155 3317 3317 1171 1155 3318 3318 1173 1157 3319 3319 1172 1156 3320 3320 1174 1158 3321 3321 1175 1159 3322 3322 1176 1160 3323 3323 1175 1159 3324 3324 1174 1158 3325 3325 1177 1161 3326 3326 1177 1161 3327 3327 1178 1162 3328 3328 1175 1159 3329 3329 1177 1161 3330 3330 1179 1163 3331 3331 1178 1162 3332 3332 1180 1164 3333 3333 1181 1165 3334 3334 1182 1166 3335 3335 1180 1164 3336 3336 1182 1166 3337 3337 1183 1167 3338 3338 1183 1167 3339 3339 1184 1168 3340 3340 1180 1164 3341 3341 1184 1168 3342 3342 1183 1167 3343 3343 1185 1169 3344 3344 1185 1169 3345 3345 1186 1170 3346 3346 1184 1168 3347 3347 1186 1170 3348 3348 1185 1169 3349 3349 1187 1171 3350 3350 1187 1171 3351 3351 1188 1172 3352 3352 1186 1170 3353 3353 1188 1172 3354 3354 1187 1171 3355 3355 1189 1173 3356 3356 1189 1173 3357 3357 1176 1160 3358 3358 1188 1172 3359 3359 1176 1160 3360 3360 1189 1173 3361 3361 1174 1158 3362 3362 1190 1174 3363 3363 1191 1175 3364 3364 1192 1176 3365 3365 1192 1176 3366 3366 1193 1177 3367 3367 1190 1174 3368 3368 1193 1177 3369 3369 1192 1176 3370 3370 1194 1178 3371 3371 1194 1178 3372 3372 1195 1179 3373 3373 1193 1177 3374 3374 1195 1179 3375 3375 1194 1178 3376 3376 1196 1180 3377 3377 1196 1180 3378 3378 1197 1181 3379 3379 1195 1179 3380 3380 1197 1181 3381 3381 1196 1180 3382 3382 1198 1182 3383 3383 1198 1182 3384 3384 1199 1183 3385 3385 1197 1181 3386 3386 1119 1105 3387 3387 1199 1183 3388 3388 1198 1182 3389 3389 1198 1182 3390 3390 1120 1106 3391 3391 1119 1105 3392 3392 1200 1184 3393 3393 1201 1185 3394 3394 1202 1186 3395 3395 1202 1186 3396 3396 1203 1187 3397 3397 1200 1184 3398 3398 1204 1188 3399 3399 1200 1184 3400 3400 1203 1187 3401 3401 1203 1187 3402 3402 1205 1189 3403 3403 1204 1188 3404 3404 1206 1190 3405 3405 1204 1188 3406 3406 1205 1189 3407 3407 1205 1189 3408 3408 1207 1191 3409 3409 1206 1190 3410 3410 1208 1192 3411 3411 1206 1190 3412 3412 1207 1191 3413 3413 1207 1191 3414 3414 1209 1193 3415 3415 1208 1192 3416 3416 1210 1194 3417 3417 1208 1192 3418 3418 1209 1193 3419 3419 1209 1193 3420 3420 1211 1195 3421 3421 1210 1194 3422 3422 1212 1196 3423 3423 1210 1194 3424 3424 1211 1195 3425 3425 1211 1195 3426 3426 1213 1197 3427 3427 1212 1196 3428 3428 1214 1198 3429 3429 1215 1199 3430 3430 1216 1200 3431 3431 1216 1200 3432 3432 1217 1201 3433 3433 1214 1198 3434 3434 1218 1202 3435 3435 1214 1198 3436 3436 1217 1201 3437 3437 1217 1201 3438 3438 1219 1203 3439 3439 1218 1202 3440 3440 1220 1204 3441 3441 1218 1202 3442 3442 1219 1203 3443 3443 1219 1203 3444 3444 1221 1205 3445 3445 1220 1204 3446 3446 1222 1206 3447 3447 1220 1204 3448 3448 1221 1205 3449 3449 1221 1205 3450 3450 1223 1207 3451 3451 1222 1206 3452 3452 1201 1185 3453 3453 1222 1206 3454 3454 1223 1207 3455 3455 1223 1207 3456 3456 1202 1186 3457 3457 1201 1185 3458 3458 1224 1208 3459 3459 1225 1209 3460 3460 1226 1210 3461 3461 1226 1210 3462 3462 1227 1211 3463 3463 1224 1208 3464 3464 1228 1212 3465 3465 1224 1208 3466 3466 1227 1211 3467 3467 1227 1211 3468 3468 1229 1213 3469 3469 1228 1212 3470 3470 1230 1214 3471 3471 1228 1212 3472 3472 1229 1213 3473 3473 1229 1213 3474 3474 1231 1215 3475 3475 1230 1214 3476 3476 1232 1216 3477 3477 1230 1214 3478 3478 1231 1215 3479 3479 1231 1215 3480 3480 1233 1217 3481 3481 1232 1216 3482 3482 1215 1199 3483 3483 1232 1216 3484 3484 1233 1217 3485 3485 1233 1217 3486 3486 1216 1200 3487 3487 1215 1199 3488 3488 1234 1218 3489 3489 1235 1219 3490 3490 1236 1220 3491 3491 1236 1220 3492 3492 1237 1221 3493 3493 1234 1218 3494 3494 1238 1222 3495 3495 1234 1218 3496 3496 1237 1221 3497 3497 1237 1221 3498 3498 1239 1223 3499 3499 1238 1222 3500 3500 1240 1224 3501 3501 1238 1222 3502 3502 1239 1223 3503 3503 1239 1223 3504 3504 1241 1225 3505 3505 1240 1224 3506 3506 1240 1224 3507 3507 1241 1225 3508 3508 1242 1226 3509 3509 1242 1226 3510 3510 1243 1227 3511 3511 1240 1224 3512 3512 1243 1227 3513 3513 1242 1226 3514 3514 1244 1228 3515 3515 1244 1228 3516 3516 1245 1229 3517 3517 1243 1227 3518 3518 1245 1229 3519 3519 1244 1228 3520 3520 1246 1230 3521 3521 1246 1230 3522 3522 1247 1231 3523 3523 1245 1229 3524 3524 1247 1231 3525 3525 1246 1230 3526 3526 1248 1232 3527 3527 1248 1232 3528 3528 1249 1233 3529 3529 1247 1231 3530 3530 1250 1234 3531 3531 1249 1233 3532 3532 1248 1232 3533 3533 1248 1232 3534 3534 1251 1235 3535 3535 1250 1234 3536 3536 1252 1236 3537 3537 1250 1234 3538 3538 1251 1235 3539 3539 1251 1235 3540 3540 1253 1237 3541 3541 1252 1236 3542 3542 1254 1238 3543 3543 1252 1236 3544 3544 1253 1237 3545 3545 1253 1237 3546 3546 1255 1239 3547 3547 1254 1238 3548 3548 1256 1240 3549 3549 1254 1238 3550 3550 1255 1239 3551 3551 1255 1239 3552 3552 1257 1241 3553 3553 1256 1240 3554 3554 1258 1242 3555 3555 35 35 3556 3556 36 36 3557 3557 36 36 3558 3558 1259 1243 3559 3559 1258 1242 3560 3560 1258 1242 3561 3561 1259 1243 3562 3562 1260 1244 3563 3563 1260 1244 3564 3564 1261 1245 3565 3565 1258 1242 3566 3566 1262 1057 3567 3567 1263 1058 3568 3568 1264 1246 3569 3569 1264 1246 3570 3570 1265 1060 3571 3571 1262 1057 3572 3572 1266 1247 3573 3573 1265 1060 3574 3574 1264 1246 3575 3575 1264 1246 3576 3576 1267 1248 3577 3577 1266 1247 3578 3578 1268 1249 3579 3579 1266 1247 3580 3580 1267 1248 3581 3581 1267 1248 3582 3582 1269 1250 3583 3583 1268 1249 3584 3584 1270 1251 3585 3585 1268 1249 3586 3586 1269 1250 3587 3587 1270 1251 3588 3588 1269 1250 3589 3589 1271 1066 3590 3590 1272 1011 3591 3591 1273 1012 3592 3592 1274 1013 3593 3593 1274 1013 3594 3594 1275 1252 3595 3595 1272 1011 3596 3596 1275 1252 3597 3597 1274 1013 3598 3598 1276 1253 3599 3599 1276 1253 3600 3600 1277 1254 3601 3601 1275 1252 3602 3602 1277 1254 3603 3603 1276 1253 3604 3604 1278 1255 3605 3605 1278 1255 3606 3606 1279 1256 3607 3607 1277 1254 3608 3608 1280 1257 3609 3609 1279 1256 3610 3610 1278 1255 3611 3611 1280 1257 3612 3612 1281 1020 3613 3613 1279 1256 3614 3614 1282 1258 3615 3615 1283 1259 3616 3616 1284 1260 3617 3617 1284 1260 3618 3618 1285 1261 3619 3619 1282 1258 3620 3620 1285 1261 3621 3621 1284 1260 3622 3622 1286 1262 3623 3623 1286 1262 3624 3624 1287 1263 3625 3625 1285 1261 3626 3626 1287 1263 3627 3627 1286 1262 3628 3628 1288 1264 3629 3629 1288 1264 3630 3630 1289 1265 3631 3631 1287 1263 3632 3632 1289 1265 3633 3633 1288 1264 3634 3634 1290 1266 3635 3635 1290 1266 3636 3636 1291 1267 3637 3637 1289 1265 3638 3638 1291 1267 3639 3639 1290 1266 3640 3640 1292 1268 3641 3641 1292 1268 3642 3642 1293 1269 3643 3643 1291 1267 3644 3644 1293 1269 3645 3645 1292 1268 3646 3646 1294 1270 3647 3647 1294 1270 3648 3648 1295 1271 3649 3649 1293 1269 3650 3650 1296 1272 3651 3651 1297 1273 3652 3652 1298 1274 3653 3653 1298 1274 3654 3654 1299 1275 3655 3655 1296 1272 3656 3656 1300 1276 3657 3657 1296 1272 3658 3658 1299 1275 3659 3659 1299 1275 3660 3660 1301 1277 3661 3661 1300 1276 3662 3662 1301 1277 3663 3663 1302 1278 3664 3664 1300 1276 3665 3665 1303 1279 3666 3666 1300 1276 3667 3667 1302 1278 3668 3668 1302 1278 3669 3669 1304 1280 3670 3670 1303 1279 3671 3671 1304 1280 3672 3672 1305 1281 3673 3673 1303 1279 3674 3674 1303 1279 3675 3675 1305 1281 3676 3676 1306 1282 3677 3677 1306 1282 3678 3678 1307 1283 3679 3679 1303 1279 3680 3680 1308 1284 3681 3681 1307 1283 3682 3682 1306 1282 3683 3683 1306 1282 3684 3684 1309 1285 3685 3685 1308 1284 3686 3686 1310 1286 3687 3687 1311 1287 3688 3688 1312 1288 3689 3689 1312 1288 3690 3690 1313 1289 3691 3691 1310 1286 3692 3692 1310 1286 3693 3693 1313 1289 3694 3694 1314 1290 3695 3695 1314 1290 3696 3696 1315 1291 3697 3697 1310 1286 3698 3698 1315 1291 3699 3699 1314 1290 3700 3700 1316 1292 3701 3701 1316 1292 3702 3702 1317 1293 3703 3703 1315 1291 3704 3704 1318 1294 3705 3705 1317 1293 3706 3706 1316 1292 3707 3707 1316 1292 3708 3708 1319 1295 3709 3709 1318 1294 3710 3710 1318 1294 3711 3711 1319 1295 3712 3712 1320 1296 3713 3713 1320 1296 3714 3714 1321 1297 3715 3715 1318 1294 3716 3716 1322 1298 3717 3717 1323 1299 3718 3718 1324 1300 3719 3719 1324 1300 3720 3720 1325 1301 3721 3721 1322 1298 3722 3722 1325 1301 3723 3723 1324 1300 3724 3724 1326 1302 3725 3725 1326 1302 3726 3726 1327 1303 3727 3727 1325 1301 3728 3728 1328 1304 3729 3729 1327 1303 3730 3730 1326 1302 3731 3731 1326 1302 3732 3732 1329 1305 3733 3733 1328 1304 3734 3734 1328 1304 3735 3735 1329 1305 3736 3736 1330 1306 3737 3737 1330 1306 3738 3738 1331 1307 3739 3739 1328 1304 3740 3740 1331 1307 3741 3741 1330 1306 3742 3742 1312 1288 3743 3743 1312 1288 3744 3744 1311 1287 3745 3745 1331 1307 3746 3746 1332 1308 3747 3747 1333 1309 3748 3748 1334 1310 3749 3749 1334 1310 3750 3750 1335 1311 3751 3751 1332 1308 3752 3752 1336 1312 3753 3753 1335 1311 3754 3754 1334 1310 3755 3755 1334 1310 3756 3756 1337 1313 3757 3757 1336 1312 3758 3758 1336 1312 3759 3759 1337 1313 3760 3760 1338 1314 3761 3761 1338 1314 3762 3762 1339 1315 3763 3763 1336 1312 3764 3764 1340 1316 3765 3765 1339 1315 3766 3766 1338 1314 3767 3767 1338 1314 3768 3768 1341 1317 3769 3769 1340 1316 3770 3770 134 135 3771 3771 1340 1316 3772 3772 1341 1317 3773 3773 1341 1317 3774 3774 131 132 3775 3775 134 135 3776 3776 1342 1318 3777 3777 1343 1319 3778 3778 1344 1320 3779 3779 1344 1320 3780 3780 1345 1321 3781 3781 1342 1318 3782 3782 1342 1318 3783 3783 1345 1321 3784 3784 1346 1322 3785 3785 1346 1322 3786 3786 1347 1323 3787 3787 1342 1318 3788 3788 1347 1323 3789 3789 1346 1322 3790 3790 1348 1324 3791 3791 1348 1324 3792 3792 1349 1325 3793 3793 1347 1323 3794 3794 1350 1326 3795 3795 1349 1325 3796 3796 1348 1324 3797 3797 1348 1324 3798 3798 1351 1327 3799 3799 1350 1326 3800 3800 1350 1326 3801 3801 1351 1327 3802 3802 1352 1328 3803 3803 1352 1328 3804 3804 1353 1329 3805 3805 1350 1326 3806 3806 1353 1329 3807 3807 1352 1328 3808 3808 1354 1330 3809 3809 1354 1330 3810 3810 1355 1331 3811 3811 1353 1329 3812 3812 1356 1332 3813 3813 1355 1331 3814 3814 1354 1330 3815 3815 1354 1330 3816 3816 1357 1333 3817 3817 1356 1332 3818 3818 1356 1332 3819 3819 1357 1333 3820 3820 1358 1334 3821 3821 1358 1334 3822 3822 1359 1335 3823 3823 1356 1332 3824 3824 1359 1335 3825 3825 1358 1334 3826 3826 1360 1336 3827 3827 1360 1336 3828 3828 1361 1337 3829 3829 1359 1335 3830 3830 1322 1298 3831 3831 1361 1337 3832 3832 1360 1336 3833 3833 1360 1336 3834 3834 1323 1299 3835 3835 1322 1298 3836 3836 1362 1338 3837 3837 1363 1339 3838 3838 1364 1340 3839 3839 1364 1340 3840 3840 1365 1341 3841 3841 1362 1338 3842 3842 1362 1338 3843 3843 1365 1341 3844 3844 1366 1342 3845 3845 1366 1342 3846 3846 1367 1343 3847 3847 1362 1338 3848 3848 1367 1343 3849 3849 1366 1342 3850 3850 1368 309 3851 3851 1368 309 3852 3852 1369 1293 3853 3853 1367 1343 3854 3854 1370 1344 3855 3855 1369 1293 3856 3856 1368 309 3857 3857 1368 309 3858 3858 1371 1345 3859 3859 1370 1344 3860 3860 1370 1344 3861 3861 1371 1345 3862 3862 1372 1346 3863 3863 1372 1346 3864 3864 1373 1347 3865 3865 1370 1344 3866 3866 1374 1348 3867 3867 1375 1349 3868 3868 1376 1350 3869 3869 1376 1350 3870 3870 1377 1351 3871 3871 1374 1348 3872 3872 1377 1351 3873 3873 1376 1350 3874 3874 1378 1352 3875 3875 1378 1352 3876 3876 1379 1353 3877 3877 1377 1351 3878 3878 1380 1354 3879 3879 1379 1353 3880 3880 1378 1352 3881 3881 1378 1352 3882 3882 1381 1355 3883 3883 1380 1354 3884 3884 1380 1354 3885 3885 1381 1355 3886 3886 1382 1356 3887 3887 1382 1356 3888 3888 1383 1357 3889 3889 1380 1354 3890 3890 1383 1357 3891 3891 1382 1356 3892 3892 1364 1340 3893 3893 1364 1340 3894 3894 1363 1339 3895 3895 1383 1357 3896 3896 1384 1358 3897 3897 1385 1359 3898 3898 1386 1360 3899 3899 1386 1360 3900 3900 1387 1361 3901 3901 1384 1358 3902 3902 1387 1361 3903 3903 1386 1360 3904 3904 1388 1362 3905 3905 1388 1362 3906 3906 1389 1363 3907 3907 1387 1361 3908 3908 1390 1364 3909 3909 1391 1365 3910 3910 1392 1366 3911 3911 1392 1366 3912 3912 1393 1367 3913 3913 1390 1364 3914 3914 1393 1367 3915 3915 1392 1366 3916 3916 1394 1368 3917 3917 1394 1368 3918 3918 1395 1369 3919 3919 1393 1367 3920 3920 1395 1369 3921 3921 1394 1368 3922 3922 1396 1370 3923 3923 1396 1370 3924 3924 1397 1371 3925 3925 1395 1369 3926 3926 1397 1371 3927 3927 1396 1370 3928 3928 1398 1372 3929 3929 1398 1372 3930 3930 1399 1373 3931 3931 1397 1371 3932 3932 1399 1373 3933 3933 1398 1372 3934 3934 1385 1359 3935 3935 1385 1359 3936 3936 1384 1358 3937 3937 1399 1373 3938 3938 1400 1374 3939 3939 1401 1375 3940 3940 1402 1376 3941 3941 1402 1376 3942 3942 1403 1377 3943 3943 1400 1374 3944 3944 1403 1377 3945 3945 1402 1376 3946 3946 1404 1378 3947 3947 1404 1378 3948 3948 1405 1379 3949 3949 1403 1377 3950 3950 1405 1379 3951 3951 1404 1378 3952 3952 1406 1380 3953 3953 1406 1380 3954 3954 1407 1381 3955 3955 1405 1379 3956 3956 1407 1381 3957 3957 1406 1380 3958 3958 1408 1382 3959 3959 1408 1382 3960 3960 1409 1383 3961 3961 1407 1381 3962 3962 1409 1383 3963 3963 1408 1382 3964 3964 1391 1365 3965 3965 1391 1365 3966 3966 1390 1364 3967 3967 1409 1383 3968 3968 1410 1384 3969 3969 1411 1385 3970 3970 1412 1386 3971 3971 1412 1386 3972 3972 1413 1387 3973 3973 1410 1384 3974 3974 1413 1387 3975 3975 1412 1386 3976 3976 1414 1388 3977 3977 1414 1388 3978 3978 1415 1389 3979 3979 1413 1387 3980 3980 1415 1389 3981 3981 1414 1388 3982 3982 1416 1390 3983 3983 1416 1390 3984 3984 1417 1391 3985 3985 1415 1389 3986 3986 1417 1391 3987 3987 1416 1390 3988 3988 1418 1392 3989 3989 1418 1392 3990 3990 1419 1393 3991 3991 1417 1391 3992 3992 1419 1393 3993 3993 1418 1392 3994 3994 644 638 3995 3995 644 638 3996 3996 643 637 3997 3997 1419 1393 3998 3998 1420 1394 3999 3999 1421 1395 4000 4000 1422 1396 4001 4001 1422 1396 4002 4002 1423 1397 4003 4003 1420 1394 4004 4004 1424 1398 4005 4005 1423 1397 4006 4006 1422 1396 4007 4007 1422 1396 4008 4008 1425 1399 4009 4009 1424 1398 4010 4010 1426 1400 4011 4011 1424 1398 4012 4012 1425 1399 4013 4013 1425 1399 4014 4014 1427 1401 4015 4015 1426 1400 4016 4016 37 37 4017 4017 1426 1400 4018 4018 1427 1401 4019 4019 1427 1401 4020 4020 1428 1402 4021 4021 37 37 4022 4022 37 37 4023 4023 1428 1402 4024 4024 1429 1403 4025 4025 1429 1403 4026 4026 38 38 4027 4027 37 37 4028 4028 1430 1404 4029 4029 1431 1405 4030 4030 1432 1406 4031 4031 1432 1406 4032 4032 1433 1407 4033 4033 1430 1404 4034 4034 1430 1404 4035 4035 1433 1407 4036 4036 1434 1408 4037 4037 1434 1408 4038 4038 1435 1409 4039 4039 1430 1404 4040 4040 1435 1409 4041 4041 1434 1408 4042 4042 1436 1410 4043 4043 1436 1410 4044 4044 1437 1411 4045 4045 1435 1409 4046 4046 1438 1412 4047 4047 1437 1411 4048 4048 1436 1410 4049 4049 1436 1410 4050 4050 1439 278 4051 4051 1438 1412 4052 4052 1438 1412 4053 4053 1439 278 4054 4054 1440 1413 4055 4055 1440 1413 4056 4056 1441 1414 4057 4057 1438 1412 4058 4058 1441 1414 4059 4059 1440 1413 4060 4060 1442 1415 4061 4061 1442 1415 4062 4062 1443 1331 4063 4063 1441 1414 4064 4064 1444 1416 4065 4065 1443 1331 4066 4066 1442 1415 4067 4067 1442 1415 4068 4068 1445 1417 4069 4069 1444 1416 4070 4070 1444 1416 4071 4071 1445 1417 4072 4072 1446 1418 4073 4073 1446 1418 4074 4074 1447 1419 4075 4075 1444 1416 4076 4076 1447 1419 4077 4077 1446 1418 4078 4078 1448 1420 4079 4079 1448 1420 4080 4080 1449 1421 4081 4081 1447 1419 4082 4082 1374 1348 4083 4083 1449 1421 4084 4084 1448 1420 4085 4085 1448 1420 4086 4086 1375 1349 4087 4087 1374 1348 4088 4088 1450 1422 4089 4089 1451 175 4090 4090 1452 1423 4091 4091 1452 1423 4092 4092 1453 1424 4093 4093 1450 1422 4094 4094 1454 1425 4095 4095 1453 1424 4096 4096 1452 1423 4097 4097 1452 1423 4098 4098 1455 1426 4099 4099 1454 1425 4100 4100 1454 1425 4101 4101 1455 1426 4102 4102 1456 1427 4103 4103 1456 1427 4104 4104 1457 1428 4105 4105 1454 1425 4106 4106 1457 1428 4107 4107 1456 1427 4108 4108 1458 1429 4109 4109 1458 1429 4110 4110 1459 167 4111 4111 1457 1428 4112 4112 1460 1430 4113 4113 1459 167 4114 4114 1458 1429 4115 4115 1458 1429 4116 4116 1461 1431 4117 4117 1460 1430 4118 4118 1460 1430 4119 4119 1461 1431 4120 4120 1462 1432 4121 4121 1462 1432 4122 4122 1463 1433 4123 4123 1460 1430 4124 4124 1463 1433 4125 4125 1462 1432 4126 4126 1464 1434 4127 4127 1464 1434 4128 4128 1465 1435 4129 4129 1463 1433 4130 4130 1466 1436 4131 4131 1465 1435 4132 4132 1464 1434 4133 4133 1464 1434 4134 4134 1467 1437 4135 4135 1466 1436 4136 4136 1466 1436 4137 4137 1467 1437 4138 4138 1468 1438 4139 4139 1468 1438 4140 4140 1469 1439 4141 4141 1466 1436 4142 4142 1469 1439 4143 4143 1468 1438 4144 4144 1432 1406 4145 4145 1432 1406 4146 4146 1431 1405 4147 4147 1469 1439 4148 4148 1470 1440 4149 4149 1471 1441 4150 4150 1472 1442 4151 4151 1472 1442 4152 4152 1473 1443 4153 4153 1470 1440 4154 4154 1473 1443 4155 4155 1472 1442 4156 4156 1474 1444 4157 4157 1474 1444 4158 4158 1475 1445 4159 4159 1473 1443 4160 4160 1475 1445 4161 4161 1474 1444 4162 4162 1476 1446 4163 4163 1476 1446 4164 4164 1477 1447 4165 4165 1475 1445 4166 4166 1477 1447 4167 4167 1476 1446 4168 4168 1478 1448 4169 4169 1478 1448 4170 4170 1479 1449 4171 4171 1477 1447 4172 4172 1479 1449 4173 4173 1478 1448 4174 4174 1480 1450 4175 4175 1480 1450 4176 4176 1481 1451 4177 4177 1479 1449 4178 4178 1481 1451 4179 4179 1480 1450 4180 4180 1482 1452 4181 4181 1482 1452 4182 4182 1483 1453 4183 4183 1481 1451 4184 4184 1484 1454 4185 4185 1485 1455 4186 4186 1486 1456 4187 4187 1486 1456 4188 4188 1487 1457 4189 4189 1484 1454 4190 4190 1487 1457 4191 4191 1486 1456 4192 4192 1488 1458 4193 4193 1488 1458 4194 4194 1489 1459 4195 4195 1487 1457 4196 4196 1489 1459 4197 4197 1488 1458 4198 4198 1490 1460 4199 4199 1490 1460 4200 4200 1491 1461 4201 4201 1489 1459 4202 4202 1491 1461 4203 4203 1490 1460 4204 4204 1492 1462 4205 4205 1492 1462 4206 4206 1493 1463 4207 4207 1491 1461 4208 4208 1493 1463 4209 4209 1492 1462 4210 4210 1471 1441 4211 4211 1471 1441 4212 4212 1470 1440 4213 4213 1493 1463 4214 4214 1494 1464 4215 4215 1495 1465 4216 4216 1496 1466 4217 4217 1496 1466 4218 4218 1497 1467 4219 4219 1494 1464 4220 4220 1497 1467 4221 4221 1496 1466 4222 4222 1498 1468 4223 4223 1498 1468 4224 4224 1499 1469 4225 4225 1497 1467 4226 4226 1500 1470 4227 4227 1499 1469 4228 4228 1498 1468 4229 4229 1498 1468 4230 4230 1501 1471 4231 4231 1500 1470 4232 4232 1500 1470 4233 4233 1501 1471 4234 4234 1502 1472 4235 4235 1502 1472 4236 4236 1503 1473 4237 4237 1500 1470 4238 4238 1503 1473 4239 4239 1502 1472 4240 4240 1485 1455 4241 4241 1485 1455 4242 4242 1484 1454 4243 4243 1503 1473 4244 4244 1504 1474 4245 4245 1505 1475 4246 4246 1506 1476 4247 4247 1506 1476 4248 4248 1507 1477 4249 4249 1504 1474 4250 4250 1507 1477 4251 4251 1506 1476 4252 4252 1508 1478 4253 4253 1508 1478 4254 4254 1509 1479 4255 4255 1507 1477 4256 4256 1509 1479 4257 4257 1508 1478 4258 4258 1510 1480 4259 4259 1510 1480 4260 4260 1511 1481 4261 4261 1509 1479 4262 4262 1511 1481 4263 4263 1510 1480 4264 4264 1512 1482 4265 4265 1512 1482 4266 4266 1513 1483 4267 4267 1511 1481 4268 4268 1513 1483 4269 4269 1512 1482 4270 4270 1495 1465 4271 4271 1495 1465 4272 4272 1494 1464 4273 4273 1513 1483 4274 4274 1514 1484 4275 4275 1515 1485 4276 4276 1516 1486 4277 4277 1516 1486 4278 4278 1517 1487 4279 4279 1514 1484 4280 4280 1517 1487 4281 4281 1516 1486 4282 4282 1518 1488 4283 4283 1518 1488 4284 4284 1519 1489 4285 4285 1517 1487 4286 4286 1519 1489 4287 4287 1518 1488 4288 4288 1520 1490 4289 4289 1520 1490 4290 4290 1521 1491 4291 4291 1519 1489 4292 4292 1521 1491 4293 4293 1520 1490 4294 4294 1522 1492 4295 4295 1522 1492 4296 4296 1523 1493 4297 4297 1521 1491 4298 4298 1523 1493 4299 4299 1522 1492 4300 4300 1505 1475 4301 4301 1505 1475 4302 4302 1504 1474 4303 4303 1523 1493 4304 4304 1524 1494 4305 4305 1525 1495 4306 4306 1526 1496 4307 4307 1526 1496 4308 4308 1527 1497 4309 4309 1524 1494 4310 4310 1527 1497 4311 4311 1526 1496 4312 4312 1528 1498 4313 4313 1528 1498 4314 4314 1529 1499 4315 4315 1527 1497 4316 4316 1530 1500 4317 4317 1529 1499 4318 4318 1528 1498 4319 4319 1528 1498 4320 4320 1531 1501 4321 4321 1530 1500 4322 4322 1530 1500 4323 4323 1531 1501 4324 4324 1532 1502 4325 4325 1532 1502 4326 4326 1533 1503 4327 4327 1530 1500 4328 4328 1533 1503 4329 4329 1532 1502 4330 4330 1344 1320 4331 4331 1344 1320 4332 4332 1343 1319 4333 4333 1533 1503 4334 4334 1534 1504 4335 4335 1535 1505 4336 4336 1536 1506 4337 4337 1536 1506 4338 4338 1537 1507 4339 4339 1534 1504 4340 4340 1538 1508 4341 4341 1537 1507 4342 4342 1536 1506 4343 4343 1536 1506 4344 4344 1539 1509 4345 4345 1538 1508 4346 4346 1538 1508 4347 4347 1539 1509 4348 4348 1540 1510 4349 4349 1540 1510 4350 4350 1541 1511 4351 4351 1538 1508 4352 4352 1541 1511 4353 4353 1540 1510 4354 4354 1542 1512 4355 4355 1542 1512 4356 4356 1543 167 4357 4357 1541 1511 4358 4358 1524 1494 4359 4359 1543 167 4360 4360 1542 1512 4361 4361 1542 1512 4362 4362 1525 1495 4363 4363 1524 1494 4364 4364</p>
        </triangles>
      </mesh>
    </geometry>
  </library_geometries>
  <library_controllers>
    <controller id="Skel_SlotMachine_Skel_SlotMachine_001-skin" name="Skel_SlotMachine">
      <skin source="#Skel_SlotMachine-mesh">
        <bind_shape_matrix>1 0 0 0 0 1 0 0 0 0 1 0 0 0 0 1</bind_shape_matrix>
        <source id="Skel_SlotMachine_Skel_SlotMachine_001-skin-joints">
          <Name_array id="Skel_SlotMachine_Skel_SlotMachine_001-skin-joints-array" count="8">Root LeverArm ArmDangle Slot02 Slot01 Droor ItemHinge Slot03</Name_array>
          <technique_common>
            <accessor source="#Skel_SlotMachine_Skel_SlotMachine_001-skin-joints-array" count="8" stride="1">
              <param name="JOINT" type="name"/>
            </accessor>
          </technique_common>
        </source>
        <source id="Skel_SlotMachine_Skel_SlotMachine_001-skin-bind_poses">
          <float_array id="Skel_SlotMachine_Skel_SlotMachine_001-skin-bind_poses-array" count="128">1 0 0 0 0 -1.19209e-7 1 0 0 -1 -1.34359e-7 0 0 0 0 1 -2.15049e-7 -1 1.94399e-7 0.4738577 0.8191524 -1.29153e-7 0.573576 -0.4447739 -0.573576 3.08725e-7 0.8191524 -0.7961706 0 0 0 1 -2.17943e-7 -1 1.78814e-7 0.4729179 1 -2.85768e-7 -5.96046e-7 -0.5126211 5.96046e-7 1.63229e-7 1 -1.225947 0 0 0 1 1 1.34359e-7 0 -0.2418611 0 0 1 -1.298389 1.34359e-7 -1 -1.34359e-7 0 0 0 0 1 1 0 0 -0.2418611 0 0 1 -1.298389 0 -1 0 -0.21613 0 0 0 1 1 0 0 0.1622583 0 -1.19209e-7 1 -0.9057819 0 -1 -1.34359e-7 0 0 0 0 1 -0.7071068 -0.7071068 -4.78091e-7 -0.4772192 2.12339e-7 4.48634e-7 -1 1.049801 0.7071068 -0.7071068 -1.77798e-7 0.06117933 0 0 0 1 1 0 0 -0.2418611 0 0 1 -1.298389 0 -1 0 0.2161322 0 0 0 1</float_array>
          <technique_common>
            <accessor source="#Skel_SlotMachine_Skel_SlotMachine_001-skin-bind_poses-array" count="8" stride="16">
              <param name="TRANSFORM" type="float4x4"/>
            </accessor>
          </technique_common>
        </source>
        <source id="Skel_SlotMachine_Skel_SlotMachine_001-skin-weights">
          <float_array id="Skel_SlotMachine_Skel_SlotMachine_001-skin-weights-array" count="1544">1 1 1 1 1 1 1 1 1 1 1 1 1 1 1 1 1 1 1 1 1 1 1 1 1 1 1 1 1 1 1 1 1 1 1 1 1 1 1 1 1 1 1 1 1 1 1 1 1 1 1 1 1 1 1 1 1 1 1 1 1 1 1 1 1 1 1 1 1 1 1 1 1 1 1 1 1 1 1 1 1 1 1 1 1 1 1 1 1 1 1 1 1 1 1 1 1 1 1 1 1 1 1 1 1 1 1 1 1 1 1 1 1 1 1 1 1 1 1 1 1 1 1 1 1 1 1 1 1 1 1 1 1 1 1 1 1 1 1 1 1 1 1 1 1 1 1 1 1 1 1 1 1 1 1 1 1 1 1 1 1 1 1 1 1 1 1 1 1 1 1 1 1 1 1 1 1 1 1 1 1 1 1 1 1 1 1 1 1 1 1 1 1 1 1 1 1 1 1 1 1 1 1 1 1 1 1 1 1 1 1 1 1 1 1 1 1 1 1 1 1 1 1 1 1 1 1 1 1 1 1 1 1 1 1 1 1 1 1 1 1 1 1 1 1 1 1 1 1 1 1 1 1 1 1 1 1 1 1 1 1 1 1 1 1 1 1 1 1 1 1 1 1 1 1 1 1 1 1 1 1 1 1 1 1 1 1 1 1 1 1 1 1 1 1 1 1 1 1 1 1 1 1 1 1 1 1 1 1 1 1 1 1 1 1 1 1 1 1 1 1 1 1 1 1 1 1 1 1 1 1 1 1 1 1 1 1 1 1 1 1 1 1 1 1 1 1 1 1 1 1 1 1 1 1 1 1 1 1 1 1 1 1 1 1 1 1 1 1 1 1 1 1 1 1 1 1 1 1 1 1 1 1 1 1 1 1 1 1 1 1 1 1 1 1 1 1 1 1 1 1 1 1 1 1 1 1 1 1 1 1 1 1 1 1 1 1 1 1 1 1 1 1 1 1 1 1 1 1 1 1 1 1 1 1 1 1 1 1 1 1 1 1 1 1 1 1 1 1 1 1 1 1 1 1 1 1 1 1 1 1 1 1 1 1 1 1 1 1 1 1 1 1 1 1 1 1 1 1 1 1 1 1 1 1 1 1 1 1 1 1 1 1 1 1 1 1 1 1 1 1 1 1 1 1 1 1 1 1 1 1 1 1 1 1 1 1 1 1 1 1 1 1 1 1 1 1 1 1 1 1 1 1 1 1 1 1 1 1 1 1 1 1 1 1 1 1 1 1 1 1 1 1 1 1 1 1 1 1 1 1 1 1 1 1 1 1 1 1 1 1 1 1 1 1 1 1 1 1 1 1 1 1 1 1 1 1 1 1 1 1 1 1 1 1 1 1 1 1 1 1 1 1 1 1 1 1 1 1 1 1 1 1 1 1 1 1 1 1 1 1 1 1 1 1 1 1 1 1 1 1 1 1 1 1 1 1 1 1 1 1 1 1 1 1 1 1 1 1 1 1 1 1 1 1 1 1 1 1 1 1 1 1 1 1 1 1 1 1 1 1 1 1 1 1 1 1 1 1 1 1 1 1 1 1 1 1 1 1 1 1 1 1 1 1 1 1 1 1 1 1 1 1 1 1 1 1 1 1 1 1 1 1 1 1 1 1 1 1 1 1 1 1 1 1 1 1 1 1 1 1 1 1 1 1 1 1 1 1 1 1 1 1 1 1 1 1 1 1 1 1 1 1 1 1 1 1 1 1 1 1 1 1 1 1 1 1 1 1 1 1 1 1 1 1 1 1 1 1 1 1 1 1 1 1 1 1 1 1 1 1 1 1 1 1 1 1 1 1 1 1 1 1 1 1 1 1 1 1 1 1 1 1 1 1 1 1 1 1 1 1 1 1 1 1 1 1 1 1 1 1 1 1 1 1 1 1 1 1 1 1 1 1 1 1 1 1 1 1 1 1 1 1 1 1 1 1 1 1 1 1 1 1 1 1 1 1 1 1 1 1 1 1 1 1 1 1 1 1 1 1 1 1 1 1 1 1 1 1 1 1 1 1 1 1 1 1 1 1 1 1 1 1 1 1 1 1 1 1 1 1 1 1 1 1 1 1 1 1 1 1 1 1 1 1 1 1 1 1 1 1 1 1 1 1 1 1 1 1 1 1 1 1 1 1 1 1 1 1 1 1 1 1 1 1 1 1 1 1 1 1 1 1 1 1 1 1 1 1 1 1 1 1 1 1 1 1 1 1 1 1 1 1 1 1 1 1 1 1 1 1 1 1 1 1 1 1 1 1 1 1 1 1 1 1 1 1 1 1 1 1 1 1 1 1 1 1 1 1 1 1 1 1 1 1 1 1 1 1 1 1 1 1 1 1 1 1 1 1 1 1 1 1 1 1 1 1 1 1 1 1 1 1 1 1 1 1 1 1 1 1 1 1 1 1 1 1 1 1 1 1 1 1 1 1 1 1 1 1 1 1 1 1 1 1 1 1 1 1 1 1 1 1 1 1 1 1 1 1 1 1 1 1 1 1 1 1 1 1 1 1 1 1 1 1 1 1 1 1 1 1 1 1 1 1 1 1 1 1 1 1 1 1 1 1 1 1 1 1 1 1 1 1 1 1 1 1 1 1 1 1 1 1 1 1 1 1 1 1 1 1 1 1 1 1 1 1 1 1 1 1 1 1 1 1 1 1 1 1 1 1 1 1 1 1 1 1 1 1 1 1 1 1 1 1 1 1 1 1 1 1 1 1 1 1 1 1 1 1 1 1 1 1 1 1 1 1 1 1 1 1 1 1 1 1 1 1 1 1 1 1 1 1 1 1 1 1 1 1 1 1 1 1 1 1 1 1 1 1 1 1 1 1 1 1 1 1 1 1 1 1 1 1 1 1 1 1 1 1 1 1 1 1 1 1 1 1 1 1 1 1 1 1 1 1 1 1 1 1 1 1 1 1 1 1 1 1 1 1 1 1 1 1 1 1 1 1 1 1 1 1 1 1 1 1 1 1 1 1 1 1 1 1 1 1 1 1 1 1 1 1 1 1 1 1 1 1 1 1 1 1 1 1 1 1 1 1 1 1 1 1 1 1 1 1 1 1 1 1 1 1 1 1 1 1 1 1 1 1 1 1 1 1 1 1 1 1 1 1 1 1 1 1 1 1 1 1 1 1 1 1 1 1 1 1 1 1 1 1 1 1 1 1 1 1 1 1 1 1 1 1 1 1 1 1 1 1 1 1 1 1 1 1 1 1 1 1 1 1 1 1 1 1 1 1 1 1 1 1 1 1 1 1 1 1 1 1 1 1 1 1 1 1 1 1 1 1 1 1 1 1 1 1 1 1 1 1 1 1 1 1 1 1 1 1 1 1 1 1 1 1 1 1 1 1 1 1 1 1 1 1 1 1 1 1 1 1 1 1 1 1 1 1 1 1 1 1 1 1 1 1 1 1 1 1 1 1 1 1 1 1 1 1 1 1 1 1 1 1 1 1 1 1 1 1 1 1 1 1 1 1 1 1 1</float_array>
          <technique_common>
            <accessor source="#Skel_SlotMachine_Skel_SlotMachine_001-skin-weights-array" count="1544" stride="1">
              <param name="WEIGHT" type="float"/>
            </accessor>
          </technique_common>
        </source>
        <joints>
          <input semantic="JOINT" source="#Skel_SlotMachine_Skel_SlotMachine_001-skin-joints"/>
          <input semantic="INV_BIND_MATRIX" source="#Skel_SlotMachine_Skel_SlotMachine_001-skin-bind_poses"/>
        </joints>
        <vertex_weights count="1544">
          <input semantic="JOINT" source="#Skel_SlotMachine_Skel_SlotMachine_001-skin-joints" offset="0"/>
          <input semantic="WEIGHT" source="#Skel_SlotMachine_Skel_SlotMachine_001-skin-weights" offset="1"/>
          <vcount>1 1 1 1 1 1 1 1 1 1 1 1 1 1 1 1 1 1 1 1 1 1 1 1 1 1 1 1 1 1 1 1 1 1 1 1 1 1 1 1 1 1 1 1 1 1 1 1 1 1 1 1 1 1 1 1 1 1 1 1 1 1 1 1 1 1 1 1 1 1 1 1 1 1 1 1 1 1 1 1 1 1 1 1 1 1 1 1 1 1 1 1 1 1 1 1 1 1 1 1 1 1 1 1 1 1 1 1 1 1 1 1 1 1 1 1 1 1 1 1 1 1 1 1 1 1 1 1 1 1 1 1 1 1 1 1 1 1 1 1 1 1 1 1 1 1 1 1 1 1 1 1 1 1 1 1 1 1 1 1 1 1 1 1 1 1 1 1 1 1 1 1 1 1 1 1 1 1 1 1 1 1 1 1 1 1 1 1 1 1 1 1 1 1 1 1 1 1 1 1 1 1 1 1 1 1 1 1 1 1 1 1 1 1 1 1 1 1 1 1 1 1 1 1 1 1 1 1 1 1 1 1 1 1 1 1 1 1 1 1 1 1 1 1 1 1 1 1 1 1 1 1 1 1 1 1 1 1 1 1 1 1 1 1 1 1 1 1 1 1 1 1 1 1 1 1 1 1 1 1 1 1 1 1 1 1 1 1 1 1 1 1 1 1 1 1 1 1 1 1 1 1 1 1 1 1 1 1 1 1 1 1 1 1 1 1 1 1 1 1 1 1 1 1 1 1 1 1 1 1 1 1 1 1 1 1 1 1 1 1 1 1 1 1 1 1 1 1 1 1 1 1 1 1 1 1 1 1 1 1 1 1 1 1 1 1 1 1 1 1 1 1 1 1 1 1 1 1 1 1 1 1 1 1 1 1 1 1 1 1 1 1 1 1 1 1 1 1 1 1 1 1 1 1 1 1 1 1 1 1 1 1 1 1 1 1 1 1 1 1 1 1 1 1 1 1 1 1 1 1 1 1 1 1 1 1 1 1 1 1 1 1 1 1 1 1 1 1 1 1 1 1 1 1 1 1 1 1 1 1 1 1 1 1 1 1 1 1 1 1 1 1 1 1 1 1 1 1 1 1 1 1 1 1 1 1 1 1 1 1 1 1 1 1 1 1 1 1 1 1 1 1 1 1 1 1 1 1 1 1 1 1 1 1 1 1 1 1 1 1 1 1 1 1 1 1 1 1 1 1 1 1 1 1 1 1 1 1 1 1 1 1 1 1 1 1 1 1 1 1 1 1 1 1 1 1 1 1 1 1 1 1 1 1 1 1 1 1 1 1 1 1 1 1 1 1 1 1 1 1 1 1 1 1 1 1 1 1 1 1 1 1 1 1 1 1 1 1 1 1 1 1 1 1 1 1 1 1 1 1 1 1 1 1 1 1 1 1 1 1 1 1 1 1 1 1 1 1 1 1 1 1 1 1 1 1 1 1 1 1 1 1 1 1 1 1 1 1 1 1 1 1 1 1 1 1 1 1 1 1 1 1 1 1 1 1 1 1 1 1 1 1 1 1 1 1 1 1 1 1 1 1 1 1 1 1 1 1 1 1 1 1 1 1 1 1 1 1 1 1 1 1 1 1 1 1 1 1 1 1 1 1 1 1 1 1 1 1 1 1 1 1 1 1 1 1 1 1 1 1 1 1 1 1 1 1 1 1 1 1 1 1 1 1 1 1 1 1 1 1 1 1 1 1 1 1 1 1 1 1 1 1 1 1 1 1 1 1 1 1 1 1 1 1 1 1 1 1 1 1 1 1 1 1 1 1 1 1 1 1 1 1 1 1 1 1 1 1 1 1 1 1 1 1 1 1 1 1 1 1 1 1 1 1 1 1 1 1 1 1 1 1 1 1 1 1 1 1 1 1 1 1 1 1 1 1 1 1 1 1 1 1 1 1 1 1 1 1 1 1 1 1 1 1 1 1 1 1 1 1 1 1 1 1 1 1 1 1 1 1 1 1 1 1 1 1 1 1 1 1 1 1 1 1 1 1 1 1 1 1 1 1 1 1 1 1 1 1 1 1 1 1 1 1 1 1 1 1 1 1 1 1 1 1 1 1 1 1 1 1 1 1 1 1 1 1 1 1 1 1 1 1 1 1 1 1 1 1 1 1 1 1 1 1 1 1 1 1 1 1 1 1 1 1 1 1 1 1 1 1 1 1 1 1 1 1 1 1 1 1 1 1 1 1 1 1 1 1 1 1 1 1 1 1 1 1 1 1 1 1 1 1 1 1 1 1 1 1 1 1 1 1 1 1 1 1 1 1 1 1 1 1 1 1 1 1 1 1 1 1 1 1 1 1 1 1 1 1 1 1 1 1 1 1 1 1 1 1 1 1 1 1 1 1 1 1 1 1 1 1 1 1 1 1 1 1 1 1 1 1 1 1 1 1 1 1 1 1 1 1 1 1 1 1 1 1 1 1 1 1 1 1 1 1 1 1 1 1 1 1 1 1 1 1 1 1 1 1 1 1 1 1 1 1 1 1 1 1 1 1 1 1 1 1 1 1 1 1 1 1 1 1 1 1 1 1 1 1 1 1 1 1 1 1 1 1 1 1 1 1 1 1 1 1 1 1 1 1 1 1 1 1 1 1 1 1 1 1 1 1 1 1 1 1 1 1 1 1 1 1 1 1 1 1 1 1 1 1 1 1 1 1 1 1 1 1 1 1 1 1 1 1 1 1 1 1 1 1 1 1 1 1 1 1 1 1 1 1 1 1 1 1 1 1 1 1 1 1 1 1 1 1 1 1 1 1 1 1 1 1 1 1 1 1 1 1 1 1 1 1 1 1 1 1 1 1 1 1 1 1 1 1 1 1 1 1 1 1 1 1 1 1 1 1 1 1 1 1 1 1 1 1 1 1 1 1 1 1 1 1 1 1 1 1 1 1 1 1 1 1 1 1 1 1 1 1 1 1 1 1 1 1 1 1 1 1 1 1 1 1 1 1 1 1 1 1 1 1 1 1 1 1 1 1 1 1 1 1 1 1 1 1 1 1 1 1 1 1 1 1 1 1 1 1 1 1 1 1 1 1 1 1 1 1 1 1 1 1 1 1 1 1 1 1 1 1 1 1 1 1 1 1 1 1 1 1 1 1 1 1 1 1 1 1 1 1 1 1 1 1 1 1 1 1 1 1 1 1 1 1 1 1 1 1 1 1 1 1 1 1 1 1 1 1 1 1 1 1 1 1 1 1 1 1 1 1 1 1 1 1 1 1 1 1 1 1 1 1 1 1 1 1 1 1 1 1 1 1 1 1 1 1 1 1 1 1 1 1 1 1 1 1 1 1 1 1 1 1 1 1 1 1 1 1 1 1 1 1 1 1 1 1 1 1 1 1 1 1 1 1 1 1 1 1 1 1 1 1 1 1 1 1 1 1 1 1 1 1 1 1 1 1 1 1 1 1 1 1 1 1 1 1 1 1 1 1 1 1 1 1 1 1 1 1 1 1 1 1 1 1 1 1 1 1 </vcount>
          <v>0 0 0 1 0 2 0 3 0 4 0 5 0 6 0 7 0 8 0 9 0 10 0 11 0 12 0 13 0 14 0 15 0 16 0 17 0 18 0 19 0 20 0 21 0 22 0 23 0 24 0 25 0 26 0 27 0 28 0 29 0 30 0 31 0 32 0 33 0 34 0 35 0 36 0 37 0 38 0 39 0 40 0 41 0 42 0 43 0 44 0 45 0 46 0 47 0 48 0 49 0 50 0 51 0 52 0 53 0 54 0 55 0 56 0 57 0 58 0 59 0 60 0 61 0 62 0 63 0 64 0 65 0 66 0 67 0 68 0 69 0 70 0 71 0 72 0 73 0 74 0 75 0 76 0 77 0 78 0 79 0 80 0 81 0 82 0 83 0 84 0 85 0 86 0 87 0 88 0 89 0 90 0 91 0 92 0 93 0 94 0 95 0 96 0 97 0 98 5 99 5 100 5 101 5 102 5 103 5 104 5 105 5 106 5 107 5 108 5 109 5 110 5 111 5 112 5 113 5 114 5 115 5 116 0 117 0 118 0 119 0 120 0 121 0 122 0 123 0 124 0 125 0 126 0 127 0 128 0 129 0 130 5 131 5 132 5 133 5 134 5 135 5 136 5 137 5 138 5 139 5 140 5 141 5 142 5 143 5 144 5 145 5 146 5 147 5 148 5 149 5 150 5 151 5 152 5 153 5 154 5 155 5 156 5 157 5 158 5 159 5 160 5 161 5 162 7 163 7 164 7 165 7 166 7 167 7 168 7 169 7 170 7 171 7 172 7 173 7 174 7 175 7 176 7 177 7 178 7 179 7 180 7 181 7 182 7 183 7 184 0 185 0 186 0 187 0 188 5 189 5 190 5 191 5 192 5 193 5 194 5 195 5 196 5 197 5 198 5 199 5 200 5 201 5 202 5 203 5 204 5 205 5 206 5 207 5 208 5 209 5 210 5 211 5 212 5 213 5 214 5 215 5 216 7 217 7 218 7 219 7 220 7 221 7 222 7 223 7 224 7 225 7 226 7 227 7 228 7 229 7 230 7 231 7 232 7 233 7 234 7 235 7 236 7 237 7 238 7 239 7 240 7 241 7 242 7 243 7 244 7 245 7 246 7 247 7 248 7 249 7 250 7 251 7 252 7 253 7 254 7 255 7 256 7 257 7 258 7 259 7 260 7 261 7 262 7 263 7 264 7 265 7 266 7 267 7 268 7 269 7 270 7 271 7 272 7 273 7 274 7 275 7 276 7 277 7 278 7 279 7 280 7 281 7 282 7 283 7 284 7 285 7 286 7 287 7 288 7 289 7 290 7 291 7 292 7 293 7 294 7 295 7 296 7 297 7 298 7 299 7 300 7 301 7 302 7 303 7 304 7 305 7 306 7 307 7 308 7 309 7 310 7 311 7 312 7 313 7 314 7 315 7 316 1 317 1 318 2 319 2 320 1 321 2 322 1 323 2 324 1 325 2 326 1 327 2 328 1 329 2 330 2 331 2 332 2 333 2 334 2 335 2 336 2 337 2 338 2 339 2 340 2 341 2 342 2 343 2 344 2 345 2 346 2 347 2 348 2 349 2 350 2 351 2 352 2 353 2 354 2 355 2 356 2 357 2 358 2 359 2 360 2 361 2 362 2 363 2 364 2 365 2 366 2 367 2 368 2 369 2 370 2 371 2 372 2 373 1 374 1 375 1 376 1 377 1 378 1 379 1 380 1 381 1 382 1 383 1 384 1 385 1 386 1 387 1 388 1 389 1 390 1 391 1 392 1 393 1 394 1 395 1 396 1 397 1 398 1 399 1 400 1 401 1 402 1 403 1 404 1 405 1 406 1 407 1 408 1 409 1 410 1 411 1 412 1 413 1 414 1 415 1 416 0 417 0 418 0 419 0 420 0 421 0 422 0 423 0 424 0 425 0 426 0 427 0 428 0 429 0 430 0 431 0 432 0 433 0 434 0 435 0 436 0 437 0 438 0 439 0 440 0 441 0 442 0 443 0 444 0 445 0 446 0 447 0 448 0 449 0 450 0 451 0 452 0 453 0 454 0 455 0 456 0 457 0 458 0 459 0 460 0 461 0 462 0 463 0 464 0 465 0 466 0 467 0 468 0 469 0 470 0 471 0 472 0 473 0 474 0 475 0 476 0 477 0 478 0 479 0 480 0 481 0 482 0 483 0 484 0 485 0 486 0 487 0 488 0 489 0 490 0 491 0 492 0 493 0 494 0 495 0 496 0 497 0 498 0 499 0 500 0 501 0 502 6 503 6 504 6 505 6 506 6 507 6 508 6 509 6 510 6 511 6 512 6 513 6 514 6 515 6 516 0 517 0 518 0 519 0 520 0 521 0 522 0 523 0 524 0 525 0 526 0 527 6 528 6 529 6 530 6 531 6 532 6 533 6 534 6 535 6 536 6 537 6 538 6 539 4 540 4 541 4 542 4 543 4 544 4 545 4 546 4 547 4 548 4 549 4 550 4 551 4 552 4 553 4 554 4 555 4 556 4 557 4 558 4 559 4 560 4 561 4 562 4 563 4 564 4 565 4 566 4 567 4 568 4 569 3 570 3 571 3 572 3 573 3 574 3 575 3 576 3 577 3 578 3 579 3 580 3 581 3 582 3 583 3 584 3 585 3 586 3 587 3 588 3 589 3 590 3 591 3 592 3 593 3 594 3 595 3 596 3 597 3 598 3 599 3 600 3 601 3 602 3 603 3 604 3 605 3 606 3 607 3 608 3 609 3 610 3 611 3 612 3 613 3 614 3 615 3 616 3 617 3 618 3 619 3 620 3 621 3 622 3 623 3 624 3 625 3 626 3 627 3 628 3 629 0 630 0 631 0 632 0 633 0 634 0 635 0 636 0 637 0 638 0 639 0 640 0 641 0 642 0 643 0 644 0 645 0 646 0 647 0 648 0 649 0 650 0 651 0 652 0 653 0 654 0 655 0 656 0 657 0 658 0 659 0 660 0 661 0 662 0 663 0 664 0 665 0 666 0 667 0 668 0 669 0 670 0 671 0 672 0 673 0 674 0 675 0 676 0 677 0 678 0 679 0 680 0 681 0 682 0 683 0 684 0 685 0 686 0 687 0 688 0 689 0 690 0 691 0 692 0 693 0 694 0 695 0 696 0 697 0 698 0 699 0 700 0 701 0 702 0 703 0 704 0 705 0 706 0 707 0 708 0 709 0 710 0 711 0 712 0 713 0 714 0 715 0 716 0 717 0 718 0 719 0 720 0 721 0 722 0 723 0 724 0 725 0 726 0 727 0 728 0 729 0 730 0 731 0 732 0 733 0 734 0 735 0 736 0 737 0 738 0 739 0 740 0 741 0 742 0 743 0 744 0 745 0 746 0 747 0 748 0 749 0 750 0 751 0 752 0 753 0 754 0 755 0 756 0 757 0 758 0 759 0 760 0 761 0 762 0 763 0 764 0 765 0 766 0 767 0 768 0 769 0 770 0 771 0 772 0 773 0 774 0 775 0 776 0 777 0 778 0 779 0 780 0 781 0 782 0 783 0 784 0 785 0 786 0 787 0 788 0 789 0 790 0 791 0 792 0 793 0 794 0 795 0 796 0 797 0 798 0 799 0 800 0 801 0 802 0 803 0 804 0 805 0 806 0 807 0 808 0 809 0 810 0 811 0 812 0 813 0 814 0 815 0 816 0 817 0 818 0 819 0 820 0 821 0 822 0 823 0 824 0 825 0 826 0 827 0 828 0 829 0 830 0 831 0 832 0 833 0 834 0 835 0 836 0 837 6 838 6 839 6 840 6 841 6 842 6 843 6 844 6 845 6 846 6 847 6 848 6 849 6 850 6 851 6 852 6 853 6 854 6 855 6 856 6 857 6 858 6 859 0 860 0 861 0 862 0 863 0 864 0 865 0 866 0 867 0 868 0 869 0 870 0 871 0 872 0 873 0 874 0 875 0 876 0 877 0 878 0 879 0 880 0 881 0 882 0 883 0 884 0 885 0 886 0 887 0 888 0 889 0 890 0 891 0 892 0 893 0 894 0 895 0 896 0 897 0 898 0 899 0 900 0 901 0 902 0 903 0 904 0 905 0 906 0 907 0 908 0 909 0 910 0 911 0 912 0 913 0 914 0 915 0 916 0 917 0 918 0 919 0 920 0 921 0 922 0 923 0 924 0 925 0 926 0 927 0 928 0 929 0 930 0 931 0 932 0 933 0 934 0 935 0 936 0 937 0 938 0 939 0 940 0 941 0 942 0 943 0 944 0 945 0 946 0 947 0 948 0 949 0 950 0 951 0 952 0 953 0 954 0 955 0 956 0 957 6 958 6 959 6 960 6 961 6 962 6 963 6 964 6 965 6 966 6 967 6 968 6 969 6 970 6 971 6 972 6 973 0 974 0 975 0 976 0 977 0 978 0 979 0 980 0 981 0 982 0 983 0 984 0 985 0 986 0 987 0 988 0 989 0 990 0 991 6 992 6 993 6 994 6 995 6 996 6 997 6 998 6 999 6 1000 6 1001 6 1002 6 1003 6 1004 6 1005 5 1006 5 1007 5 1008 5 1009 5 1010 5 1011 5 1012 5 1013 5 1014 5 1015 6 1016 6 1017 6 1018 6 1019 6 1020 6 1021 6 1022 6 1023 6 1024 6 1025 6 1026 6 1027 6 1028 6 1029 6 1030 6 1031 6 1032 6 1033 6 1034 6 1035 6 1036 6 1037 6 1038 6 1039 6 1040 6 1041 6 1042 6 1043 6 1044 6 1045 6 1046 6 1047 6 1048 6 1049 6 1050 6 1051 6 1052 6 1053 6 1054 6 1055 6 1056 6 1057 6 1058 6 1059 6 1060 6 1061 6 1062 6 1063 6 1064 6 1065 6 1066 6 1067 6 1068 6 1069 6 1070 6 1071 6 1072 6 1073 6 1074 6 1075 6 1076 6 1077 6 1078 6 1079 6 1080 6 1081 6 1082 6 1083 6 1084 6 1085 6 1086 6 1087 6 1088 6 1089 6 1090 6 1091 6 1092 6 1093 6 1094 6 1095 6 1096 6 1097 6 1098 6 1099 6 1100 6 1101 6 1102 6 1103 6 1104 6 1105 6 1106 6 1107 6 1108 6 1109 6 1110 6 1111 6 1112 6 1113 6 1114 6 1115 6 1116 6 1117 0 1118 0 1119 0 1120 0 1121 0 1122 0 1123 0 1124 0 1125 0 1126 0 1127 0 1128 0 1129 0 1130 0 1131 4 1132 4 1133 4 1134 4 1135 4 1136 4 1137 4 1138 4 1139 4 1140 4 1141 4 1142 4 1143 4 1144 4 1145 4 1146 4 1147 4 1148 4 1149 4 1150 4 1151 4 1152 4 1153 4 1154 4 1155 4 1156 4 1157 4 1158 4 1159 4 1160 4 1161 6 1162 6 1163 6 1164 6 1165 6 1166 6 1167 6 1168 6 1169 6 1170 6 1171 6 1172 6 1173 1 1174 1 1175 1 1176 1 1177 1 1178 1 1179 1 1180 1 1181 1 1182 1 1183 1 1184 1 1185 1 1186 1 1187 1 1188 1 1189 0 1190 0 1191 0 1192 0 1193 0 1194 0 1195 0 1196 0 1197 0 1198 0 1199 1 1200 1 1201 1 1202 1 1203 1 1204 1 1205 1 1206 1 1207 1 1208 1 1209 1 1210 1 1211 1 1212 1 1213 1 1214 1 1215 1 1216 1 1217 1 1218 1 1219 1 1220 1 1221 1 1222 1 1223 1 1224 1 1225 1 1226 1 1227 1 1228 1 1229 1 1230 1 1231 1 1232 1 1233 0 1234 0 1235 0 1236 0 1237 0 1238 0 1239 0 1240 0 1241 0 1242 0 1243 0 1244 0 1245 0 1246 0 1247 0 1248 0 1249 0 1250 0 1251 0 1252 0 1253 0 1254 0 1255 0 1256 0 1257 0 1258 0 1259 0 1260 0 1261 6 1262 6 1263 6 1264 6 1265 6 1266 6 1267 6 1268 6 1269 6 1270 6 1271 6 1272 6 1273 6 1274 6 1275 6 1276 6 1277 6 1278 6 1279 6 1280 6 1281 0 1282 0 1283 0 1284 0 1285 0 1286 0 1287 0 1288 0 1289 0 1290 0 1291 0 1292 0 1293 0 1294 0 1295 0 1296 0 1297 0 1298 0 1299 0 1300 0 1301 0 1302 0 1303 0 1304 0 1305 0 1306 0 1307 0 1308 0 1309 4 1310 4 1311 4 1312 4 1313 4 1314 4 1315 4 1316 4 1317 4 1318 4 1319 4 1320 4 1321 4 1322 4 1323 4 1324 4 1325 4 1326 4 1327 4 1328 4 1329 4 1330 4 1331 5 1332 5 1333 5 1334 5 1335 5 1336 5 1337 5 1338 5 1339 5 1340 5 1341 4 1342 4 1343 4 1344 4 1345 4 1346 4 1347 4 1348 4 1349 4 1350 4 1351 4 1352 4 1353 4 1354 4 1355 4 1356 4 1357 4 1358 4 1359 4 1360 4 1361 3 1362 3 1363 3 1364 3 1365 3 1366 3 1367 3 1368 3 1369 3 1370 3 1371 3 1372 3 1373 3 1374 3 1375 3 1376 3 1377 3 1378 3 1379 3 1380 3 1381 3 1382 3 1383 0 1384 0 1385 0 1386 0 1387 0 1388 0 1389 0 1390 0 1391 0 1392 0 1393 0 1394 0 1395 0 1396 0 1397 0 1398 0 1399 0 1400 0 1401 0 1402 0 1403 0 1404 0 1405 0 1406 0 1407 0 1408 0 1409 0 1410 0 1411 0 1412 0 1413 0 1414 0 1415 0 1416 0 1417 0 1418 0 1419 0 1420 0 1421 0 1422 0 1423 0 1424 0 1425 0 1426 0 1427 0 1428 0 1429 3 1430 3 1431 3 1432 3 1433 3 1434 3 1435 3 1436 3 1437 3 1438 3 1439 3 1440 3 1441 3 1442 3 1443 3 1444 3 1445 3 1446 3 1447 3 1448 3 1449 3 1450 3 1451 3 1452 3 1453 3 1454 3 1455 3 1456 3 1457 3 1458 3 1459 3 1460 3 1461 3 1462 3 1463 3 1464 3 1465 3 1466 3 1467 3 1468 3 1469 0 1470 0 1471 0 1472 0 1473 0 1474 0 1475 0 1476 0 1477 0 1478 0 1479 0 1480 0 1481 0 1482 0 1483 0 1484 0 1485 0 1486 0 1487 0 1488 0 1489 0 1490 0 1491 0 1492 0 1493 0 1494 0 1495 0 1496 0 1497 0 1498 0 1499 0 1500 0 1501 0 1502 0 1503 0 1504 0 1505 0 1506 0 1507 0 1508 0 1509 0 1510 0 1511 0 1512 0 1513 0 1514 0 1515 0 1516 0 1517 0 1518 0 1519 0 1520 0 1521 0 1522 0 1523 4 1524 4 1525 4 1526 4 1527 4 1528 4 1529 4 1530 4 1531 4 1532 4 1533 4 1534 4 1535 4 1536 4 1537 4 1538 4 1539 4 1540 4 1541 4 1542 4 1543</v>
        </vertex_weights>
      </skin>
    </controller>
  </library_controllers>
  <library_visual_scenes>
    <visual_scene id="Scene" name="Scene">
      <node id="Skel_SlotMachine" name="Skel_SlotMachine" type="NODE">
        <matrix sid="transform">1 0 0 0 0 1 0 0 0 0 1 0 0 0 0 1</matrix>
        <node id="Skel_SlotMachine_Root" name="Root" sid="Root" type="JOINT">
          <matrix sid="transform">1 0 1.51496e-8 0 1.51496e-8 -1.34359e-7 -1 0 2.03548e-15 1 -1.19209e-7 0 0 0 0 1</matrix>
          <node id="Skel_SlotMachine_LeverArm" name="LeverArm" sid="LeverArm" type="JOINT">
            <matrix sid="transform">-2.98023e-7 0.8191524 -0.573576 -0.09232653 2.98023e-7 0.573576 0.8191524 0.9072965 1 0 -4.01339e-7 -0.473858 0 0 0 1</matrix>
            <node id="Skel_SlotMachine_ArmDangle" name="ArmDangle" sid="ArmDangle" type="JOINT">
              <matrix sid="transform">1 2.89445e-9 1.55853e-8 9.39816e-4 -1.13103e-8 0.8191521 0.5735765 0.6783148 -1.11065e-8 -0.5735765 0.8191521 -0.0859611 0 0 0 1</matrix>
              <extra>
                <technique profile="blender">
                  <layer sid="layer" type="string">0</layer>
                  <roll sid="roll" type="float">3.44233e-7</roll>
                  <tip_x sid="tip_x" type="float">0.6837404</tip_x>
                  <tip_y sid="tip_y" type="float">-1.49012e-7</tip_y>
                  <tip_z sid="tip_z" type="float">-3.57628e-7</tip_z>
                </technique>
              </extra>
            </node>
            <extra>
              <technique profile="blender">
                <layer sid="layer" type="string">0</layer>
                <roll sid="roll" type="float">-0.6108649</roll>
                <tip_x sid="tip_x" type="float">0.5600876</tip_x>
                <tip_y sid="tip_y" type="float">0</tip_y>
                <tip_z sid="tip_z" type="float">0.3921771</tip_z>
              </technique>
            </extra>
          </node>
          <node id="Skel_SlotMachine_Slot02" name="Slot02" sid="Slot02" type="JOINT">
            <matrix sid="transform">1 0 1.19209e-7 0.2418611 0 1 2.13163e-14 1.298389 -1.19209e-7 -1.42109e-14 1 3.66408e-9 0 0 0 1</matrix>
            <extra>
              <technique profile="blender">
                <layer sid="layer" type="string">0</layer>
                <roll sid="roll" type="float">1.34359e-7</roll>
                <tip_x sid="tip_x" type="float">0</tip_x>
                <tip_y sid="tip_y" type="float">-1.23637e-7</tip_y>
                <tip_z sid="tip_z" type="float">0.9202001</tip_z>
              </technique>
            </extra>
          </node>
          <node id="Skel_SlotMachine_Slot01" name="Slot01" sid="Slot01" type="JOINT">
            <matrix sid="transform">1 0 -4.81168e-9 0.2418611 0 1 1.61934e-8 1.298389 4.81168e-9 -1.61934e-8 1 0.21613 0 0 0 1</matrix>
            <extra>
              <technique profile="blender">
                <layer sid="layer" type="string">0</layer>
                <roll sid="roll" type="float">0</roll>
                <tip_x sid="tip_x" type="float">0</tip_x>
                <tip_y sid="tip_y" type="float">-1.19209e-7</tip_y>
                <tip_z sid="tip_z" type="float">0.9202</tip_z>
              </technique>
            </extra>
          </node>
          <node id="Skel_SlotMachine_Droor" name="Droor" sid="Droor" type="JOINT">
            <matrix sid="transform">1 0 2.84217e-14 -0.1622584 0 1 -1.42109e-14 0.9057819 -2.84217e-14 1.42109e-14 1 -2.45814e-9 0 0 0 1</matrix>
            <extra>
              <technique profile="blender">
                <layer sid="layer" type="string">0</layer>
                <roll sid="roll" type="float">0</roll>
                <tip_x sid="tip_x" type="float">0</tip_x>
                <tip_y sid="tip_y" type="float">-1.23637e-7</tip_y>
                <tip_z sid="tip_z" type="float">0.9202</tip_z>
              </technique>
            </extra>
          </node>
          <node id="Skel_SlotMachine_ItemHinge" name="ItemHinge" sid="ItemHinge" type="JOINT">
            <matrix sid="transform">-0.7071068 2.12339e-7 0.7071068 -0.3807055 -3.83085e-7 -1 -8.27919e-8 1.049801 0.7071068 -3.29425e-7 0.7071068 0.2941849 0 0 0 1</matrix>
            <extra>
              <technique profile="blender">
                <layer sid="layer" type="string">0</layer>
                <roll sid="roll" type="float">2.356195</roll>
                <tip_x sid="tip_x" type="float">-2.68221e-7</tip_x>
                <tip_y sid="tip_y" type="float">5.36442e-7</tip_y>
                <tip_z sid="tip_z" type="float">-0.9202001</tip_z>
              </technique>
            </extra>
          </node>
          <node id="Skel_SlotMachine_Slot03" name="Slot03" sid="Slot03" type="JOINT">
            <matrix sid="transform">1 0 -4.81168e-9 0.2418611 0 1 1.61934e-8 1.298389 4.81168e-9 -1.61934e-8 1 -0.2161323 0 0 0 1</matrix>
            <extra>
              <technique profile="blender">
                <layer sid="layer" type="string">0</layer>
                <roll sid="roll" type="float">0</roll>
                <tip_x sid="tip_x" type="float">0</tip_x>
                <tip_y sid="tip_y" type="float">-1.19209e-7</tip_y>
                <tip_z sid="tip_z" type="float">0.9202</tip_z>
              </technique>
            </extra>
          </node>
          <extra>
            <technique profile="blender">
              <layer sid="layer" type="string">0</layer>
              <roll sid="roll" type="float">0</roll>
              <tip_x sid="tip_x" type="float">0</tip_x>
              <tip_y sid="tip_y" type="float">-1.23637e-7</tip_y>
              <tip_z sid="tip_z" type="float">0.9202001</tip_z>
            </technique>
          </extra>
        </node>
        <node id="Skel_SlotMachine_001" name="Skel_SlotMachine.001" type="NODE">
          <matrix sid="transform">1 0 0 0 0 1 0 0 0 0 1 0 0 0 0 1</matrix>
          <instance_controller url="#Skel_SlotMachine_Skel_SlotMachine_001-skin">
            <skeleton>#Skel_SlotMachine_Root</skeleton>
            <bind_material>
              <technique_common>
                <instance_material symbol="Mati_SlotMachine-material" target="#Mati_SlotMachine-material">
                  <bind_vertex_input semantic="UVMap" input_semantic="TEXCOORD" input_set="0"/>
                </instance_material>
              </technique_common>
            </bind_material>
          </instance_controller>
        </node>
      </node>
    </visual_scene>
  </library_visual_scenes>
  <scene>
    <instance_visual_scene url="#Scene"/>
  </scene>
</COLLADA>